"id,num_orders"
"1,028,232,433.55"
"1,127,204,168.36"
"1,212,707,201.57"
"1082698,77.45"
"1400926,69.6"
"1,284,113,302.10"
"1,197,966,285.50"
"1,132,739,274.72"
"1,057,981,138.88"
"1,095,932,156.09"
"1,454,421,128.49"
"1,149,765,227.41"
"1,166,964,400.49"
"1,010,949,314.11"
"1,409,575,104.73"
"1181616,15.81"
"1,456,020,206.13"
"1,264,395,406.22"
"1,472,931,194.38"
"1,412,015,137.15"
"1,461,229,211.47"
"1,014,564,264.63"
"1485914,58.5"
"1345389,96.5"
"1,006,833,130.76"
"1174921,27.2"
"1175393,24.71"
"1152412,20.87"
"1497398,29.49"
"1363486,32.27"
"1366766,40.12"
"1192413,20.97"
"1,319,547,327.94"
"1,337,684,363.05"
"1,479,766,178.54"
"14,604,441,879.87"
"1,139,730,429.43"
"1,115,056,374.41"
"1,335,827,144.10"
"1,385,333,773.06"
"1,096,323,875.64"
"1,230,693,905.74"
"1,027,016,140.19"
"1181520,82.12"
"1,306,234,194.15"
"12,714,401,062.43"
"1,269,834,563.31"
"11,768,231,117.25"
"1,193,098,126.63"
"1034878,47.91"
"1,010,243,154.70"
"1451807,75.72"
"1016845,96.25"
"1198021,97.63"
"1413802,96.15"
"1,231,223,101.72"
"1,274,226,672.18"
"1,425,142,340.87"
"1,211,593,239.53"
"1419190,54.83"
"1180223,53.18"
"1,194,932,101.43"
"1,323,477,184.20"
"1,371,595,232.11"
"1,171,521,134.95"
"1,052,384,244.76"
"1060921,74.66"
"1,261,811,121.85"
"1,246,502,199.80"
"1,497,466,333.62"
"1232717,31.7"
"1136112,33.73"
"1,196,334,391.59"
"1,349,533,254.74"
"1,463,406,285.64"
"1,447,686,290.50"
"1,336,105,119.09"
"1,012,855,381.78"
"1,180,646,376.37"
"1,062,490,158.40"
"10,982,281,582.58"
"1,101,375,453.70"
"1,400,016,410.29"
"1439889,96.61"
"1408468,78.25"
"1044490,74.58"
"1,290,002,877.86"
"1,190,633,745.99"
"10,404,301,156.48"
"1049366,64.89"
"1,224,120,101.54"
"1,293,810,214.19"
"1,197,335,733.97"
"1,323,989,539.69"
"11,294,671,277.21"
"1229328,65.4"
"1164395,78.72"
"1217722,41.54"
"1171266,77.64"
"1024905,80.59"
"1,343,027,181.14"
"1141892,92.74"
"1302404,55.89"
"1,170,447,550.12"
"1,140,772,805.22"
"1,103,484,307.27"
"1387134,35.86"
"1117711,14.29"
"1472121,43.64"
"1,289,523,257.04"
"1,091,114,596.64"
"1,043,572,571.78"
"1,103,283,284.37"
"1,265,051,138.47"
"1,168,741,283.25"
"1,052,776,140.10"
"1,206,564,181.76"
"1,302,153,333.51"
"1083754,54.9"
"1097952,35.26"
"1251605,28.43"
"1,333,032,634.48"
"1,086,936,236.24"
"1,088,412,175.80"
"1236400,54.86"
"1,244,516,114.27"
"1380381,77.26"
"1,495,062,445.33"
"1,439,647,286.42"
"1,019,214,342.14"
"1,316,160,818.34"
"1,022,008,480.90"
"1,138,248,220.88"
"1052922,36.31"
"1181474,25.48"
"1046475,46.3"
"1,216,688,260.99"
"1,067,565,466.46"
"1,008,328,401.93"
"1,430,287,141.71"
"1,406,716,145.17"
"1,105,380,121.71"
"1,248,694,356.64"
"1,252,163,256.03"
"1,443,474,483.93"
"1033716,86.04"
"1300295,63.86"
"1311882,64.41"
"1257968,48.02"
"1,226,362,123.82"
"1,030,655,124.65"
"1210527,35.67"
"1278927,43.23"
"1232239,66.33"
"1,133,067,296.28"
"1,382,522,508.84"
"1,219,136,283.82"
"1498130,36.93"
"1251629,37.68"
"1032092,25.47"
"1,249,865,131.43"
"1,207,630,184.61"
"1,144,733,215.58"
"1436768,45.8"
"1148964,40.13"
"1,237,346,144.51"
"1206015,30.2"
"1,105,113,227.86"
"1430481,42.55"
"1,001,589,110.55"
"1224132,73.2"
"1,074,380,370.38"
"1,097,109,278.29"
"1,211,246,210.61"
"1,390,579,339.22"
"1,473,058,340.62"
"1,186,964,113.44"
"1222837,53.9"
"1342393,62.54"
"1,170,472,257.16"
"1,170,791,355.36"
"1,046,653,307.61"
"1,195,179,156.24"
"1,332,509,133.52"
"1,438,300,119.40"
"1,435,748,336.31"
"1,052,668,255.08"
"1,227,060,386.87"
"1,342,252,125.47"
"1143109,51.04"
"1,394,807,140.97"
"1448374,64.61"
"1,028,680,115.96"
"1,079,691,105.05"
"1402079,31.85"
"1424446,63.05"
"1,133,297,300.46"
"1,076,214,738.32"
"1,173,823,340.85"
"1488584,28.18"
"1072892,27.51"
"1277491,23.39"
"1290868,93.73"
"1,048,888,198.37"
"1,138,141,220.40"
"1473125,37.17"
"1196726,45.8"
"1179278,31.7"
"1282305,38.94"
"1359903,62.13"
"1,355,143,130.15"
"1095889,35.44"
"1250665,78.63"
"1426610,55.33"
"1,390,104,401.74"
"1,051,519,406.34"
"1,337,584,196.78"
"13,326,672,749.55"
"10,759,421,359.30"
"1,109,804,489.71"
"1316684,74.93"
"1,248,315,188.33"
"1,113,611,108.29"
"1,110,867,807.70"
"12,472,891,017.66"
"10,229,532,042.50"
"1,160,081,130.94"
"1,120,430,117.79"
"1,487,280,215.53"
"10,200,812,018.86"
"1,329,551,992.36"
"11,376,101,768.38"
"1,072,530,279.88"
"1,115,708,278.63"
"1,203,532,182.12"
"1,494,216,306.52"
"1,116,374,312.50"
"1,032,497,145.26"
"1,413,930,262.98"
"1,136,118,170.76"
"1,254,872,138.88"
"13,982,571,220.43"
"13,640,011,158.97"
"1,369,843,302.35"
"1379360,98.53"
"1442044,84.44"
"1285290,96.65"
"1,129,707,472.14"
"1,086,750,478.34"
"1,147,262,635.81"
"1,025,605,204.44"
"1,414,158,197.57"
"1,082,079,196.22"
"1,467,510,212.34"
"1,374,892,231.50"
"1,171,352,714.39"
"1213246,55.81"
"1,279,131,174.43"
"1256386,35.46"
"12,342,201,826.74"
"1,008,206,550.32"
"1,267,686,423.29"
"1470186,97.7"
"1,233,312,262.28"
"1,279,379,138.01"
"1,431,703,223.18"
"1,339,938,378.49"
"1,010,552,368.42"
"1,237,947,793.49"
"1,175,098,421.40"
"1,066,074,201.63"
"1045918,51.34"
"1226081,50.56"
"1,148,633,464.19"
"1,441,429,481.45"
"1,291,804,654.46"
"1,305,194,110.89"
"1,327,840,102.68"
"1,320,801,209.01"
"1,467,101,152.14"
"1,473,989,255.78"
"1,466,330,472.56"
"1390856,28.49"
"1120639,41.18"
"1279275,88.07"
"1166120,61.6"
"1128404,55.55"
"1252491,47.3"
"1,328,056,462.01"
"1,452,353,505.43"
"1,353,276,129.57"
"1297182,23.61"
"1469299,26.47"
"1,129,687,181.53"
"1,362,599,288.47"
"1,245,170,509.26"
"1098570,62.27"
"1452600,27.23"
"1194207,41.29"
"1023619,95.24"
"1,254,600,119.56"
"1,157,094,256.76"
"1165391,43.97"
"1131248,44.13"
"1,383,646,176.18"
"1,288,250,105.50"
"1476141,89.88"
"1401237,72.6"
"1383510,76.36"
"1433607,48.05"
"1,098,207,239.96"
"1,453,624,207.36"
"1,089,046,213.48"
"13,069,541,561.44"
"1,413,179,469.40"
"1,379,869,482.20"
"1,037,218,104.36"
"1,247,919,265.54"
"1,097,438,115.46"
"1,441,938,940.45"
"1,060,769,880.85"
"14,092,831,275.16"
"1,397,517,141.42"
"1,220,386,117.10"
"1,297,481,270.40"
"1,309,280,838.48"
"1,013,813,723.91"
"10,878,031,645.32"
"1,256,077,105.50"
"1328392,51.99"
"1197947,79.52"
"1,134,877,166.21"
"1,149,222,137.32"
"1,321,757,128.46"
"1,364,052,114.81"
"1346914,73.39"
"1,343,936,786.16"
"1,284,997,494.83"
"1,443,980,224.73"
"1272226,58.16"
"1267791,25.09"
"1049345,51.24"
"1,300,007,549.51"
"1,220,471,564.11"
"1,486,124,652.89"
"1,183,373,109.07"
"1,076,787,133.74"
"1,218,918,120.24"
"1,351,627,161.49"
"1,333,350,291.99"
"1,312,936,372.73"
"1477543,58.1"
"1408514,28.99"
"1256773,50.67"
"1,174,904,383.52"
"1,392,815,417.14"
"1,389,126,263.81"
"1,074,816,104.71"
"1,124,612,166.14"
"1318251,83.32"
"1,089,252,249.31"
"1,396,463,146.48"
"1,289,632,222.38"
"1,083,889,335.66"
"1,121,896,232.95"
"1,004,866,119.66"
"1234436,28.85"
"1,311,318,112.26"
"1476647,45.78"
"1,419,834,264.96"
"1,188,670,369.34"
"1,260,238,223.99"
"1,263,791,110.24"
"1,070,835,111.89"
"1,433,069,176.65"
"1,349,084,260.18"
"1,360,259,154.10"
"1,022,475,404.58"
"1037167,90.95"
"1492031,48.35"
"1057541,71.77"
"1483675,66.31"
"1463966,77.11"
"1474096,19.92"
"1440771,37.48"
"1452763,73.32"
"1,382,621,288.68"
"1,035,365,548.88"
"1,355,984,274.00"
"1140520,15.06"
"1,168,148,118.44"
"1,052,343,185.48"
"1,370,827,249.64"
"1055728,51.27"
"1053449,35.56"
"1368579,26.85"
"1208370,82.64"
"1027455,30.65"
"1147326,46.6"
"1203029,39.22"
"1389643,56.43"
"1482071,33.95"
"1,411,487,331.40"
"1,043,533,334.67"
"1,294,351,173.55"
"1,409,427,273.07"
"1,000,264,266.52"
"1016463,56.43"
"1224218,61.78"
"1485114,79.82"
"1006410,96.98"
"1,221,242,173.35"
"1,031,339,541.62"
"1,153,545,249.71"
"1,182,144,124.40"
"1,194,788,128.35"
"1082828,79.08"
"1,265,773,177.31"
"1,154,515,141.98"
"1,105,986,259.41"
"1293017,48.95"
"1272587,27.07"
"1027143,45.21"
"1,179,146,113.39"
"1342337,37.07"
"1269746,47.31"
"1,369,030,177.40"
"1,109,605,390.77"
"1,099,603,191.02"
"1319113,15.55"
"1155697,46.04"
"1218892,99.94"
"1,493,357,130.42"
"1,202,597,176.81"
"1116108,25.1"
"1229780,24.02"
"1391127,30.26"
"1085957,72.22"
"1267409,59.28"
"1245159,83.08"
"1378973,58.7"
"1,079,844,269.17"
"1,024,089,290.07"
"1,463,712,138.40"
"1,268,331,367.65"
"1,058,344,365.09"
"1,417,277,189.60"
"1056035,71.96"
"1,343,254,100.43"
"1262833,45.93"
"1,272,751,234.63"
"1,013,213,524.35"
"1,263,405,319.56"
"1,204,818,120.66"
"1333742,57.17"
"1,043,262,117.81"
"1,449,237,780.12"
"1,080,908,294.62"
"1,073,524,974.74"
"1,196,482,122.66"
"1,068,138,124.79"
"1,320,427,164.68"
"1,184,166,132.67"
"1,228,572,286.03"
"1,075,131,272.67"
"1128915,51.16"
"1,182,843,118.61"
"1,094,044,590.19"
"1,209,858,593.85"
"1,222,963,198.01"
"1037477,86.2"
"1001694,33.15"
"1054299,74.62"
"1371044,96.19"
"1,254,718,184.59"
"1,086,268,200.13"
"1003757,39.73"
"1448276,32.35"
"1,489,645,323.66"
"1,491,279,153.85"
"1,408,337,215.35"
"1360068,75.62"
"1,316,400,147.28"
"1,110,618,104.24"
"1,146,271,382.75"
"1,474,849,301.59"
"1,352,055,313.94"
"1,245,977,115.39"
"1,165,288,152.16"
"1,081,099,202.50"
"1441467,29.05"
"1,336,838,230.70"
"1,106,150,435.45"
"1,190,084,147.31"
"1,232,610,159.62"
"1321845,95.44"
"1,159,511,248.37"
"1,441,739,197.79"
"1096623,99.61"
"1474925,20.31"
"1118719,23.71"
"1297074,39.3"
"1,054,861,144.80"
"1,208,736,387.98"
"1,161,439,168.00"
"1,282,737,123.84"
"1,194,305,125.05"
"1,353,044,119.27"
"1063225,25.27"
"1116078,18.43"
"1075416,28.2"
"1088172,50.61"
"1,320,248,333.73"
"1,271,591,488.42"
"1,127,237,148.26"
"1,243,020,454.82"
"1,416,839,221.74"
"1,172,788,248.84"
"1473056,91.71"
"1060753,23.39"
"1,053,540,219.07"
"1,261,815,530.31"
"1,489,999,231.75"
"1133739,31.94"
"1384693,37.86"
"1,072,117,159.00"
"1,023,989,145.28"
"1,183,974,186.07"
"1171351,33.03"
"1004475,31.06"
"1080300,36.9"
"1164653,26.8"
"1444590,35.53"
"1169717,99.05"
"1,399,692,185.25"
"1393811,63.0"
"1177147,15.35"
"1455218,39.36"
"1478944,96.07"
"1,415,824,160.04"
"1,041,241,236.66"
"1045506,19.61"
"1210059,61.28"
"1139397,50.84"
"1008295,21.06"
"1406978,71.38"
"1470180,42.92"
"1,326,956,338.85"
"1,268,964,453.39"
"1,267,165,790.25"
"1,414,458,233.19"
"1,105,486,263.66"
"1246396,43.87"
"1223814,83.55"
"1208097,56.76"
"1,426,257,342.65"
"1,402,266,671.17"
"1,273,610,902.58"
"1,082,679,152.09"
"1,061,395,150.92"
"1,448,891,216.67"
"1,121,802,476.09"
"1,017,920,400.55"
"1,220,913,769.08"
"1201769,39.74"
"1214790,43.55"
"1055980,47.31"
"1143296,21.22"
"1161381,44.26"
"1049400,49.66"
"1388858,95.03"
"1367157,40.05"
"1056911,27.73"
"1,363,870,367.40"
"1,206,999,570.55"
"1,220,962,124.89"
"1244866,24.53"
"1161719,21.02"
"1,492,231,212.12"
"1,492,759,244.96"
"1,408,726,217.54"
"1,337,818,100.19"
"1136894,89.66"
"1,050,836,111.30"
"1,157,808,148.39"
"1,438,743,263.30"
"1,092,027,247.59"
"1286976,27.04"
"1244383,21.87"
"1220086,32.61"
"1,014,137,175.51"
"1,460,613,150.26"
"1269949,76.37"
"1022949,43.85"
"1118546,69.19"
"1,006,832,294.54"
"1,461,216,175.24"
"1,333,438,201.47"
"1,014,151,741.20"
"1,196,661,325.05"
"1,072,688,123.57"
"1161832,48.99"
"1146287,65.41"
"1329636,46.83"
"1,113,345,444.30"
"1,079,296,386.20"
"1,245,711,560.88"
"1,312,378,159.74"
"1,280,461,165.60"
"1,132,214,196.97"
"1,013,410,444.12"
"1,315,890,347.08"
"1,453,825,437.90"
"1137590,43.86"
"1046820,32.27"
"1100813,30.55"
"1213133,19.08"
"1119887,43.87"
"1339495,52.4"
"1172173,17.3"
"1250692,25.28"
"1,000,962,398.54"
"1,122,867,336.17"
"1,367,068,326.19"
"1181254,23.38"
"1,411,654,117.10"
"1,154,407,178.27"
"1477833,58.36"
"1422724,25.97"
"1,112,704,104.80"
"1,346,146,189.01"
"1,108,405,351.40"
"1194904,60.18"
"1448084,76.97"
"1266676,37.75"
"1099057,71.52"
"1,188,584,256.62"
"1,230,753,149.65"
"1,237,054,386.77"
"1,161,084,327.51"
"1,401,228,257.49"
"1493372,79.29"
"1395665,61.08"
"1,002,279,115.54"
"1424621,60.67"
"1,256,602,415.19"
"1,390,004,542.87"
"1,146,927,249.88"
"1057232,95.81"
"1319822,73.01"
"1353668,23.79"
"1,157,084,438.67"
"1,115,935,209.89"
"1,033,089,630.70"
"1090029,93.66"
"1,464,617,106.89"
"1209279,82.71"
"1039223,58.38"
"1,152,313,110.44"
"1,198,253,192.95"
"1356983,50.29"
"1375236,69.36"
"1276289,69.78"
"1,188,533,228.79"
"1,163,547,407.75"
"1,089,771,175.47"
"1449997,48.39"
"1261700,17.21"
"1098789,40.14"
"1119881,91.71"
"1,174,890,108.54"
"1,194,658,206.08"
"1354710,45.18"
"1276097,42.41"
"1451749,44.6"
"1,260,659,133.52"
"1342195,72.25"
"1,177,959,148.03"
"1346194,42.64"
"1081095,93.41"
"1,228,200,110.50"
"1,400,215,298.93"
"1,101,987,332.90"
"1,280,892,125.30"
"1,207,745,848.11"
"1,158,313,608.53"
"1,326,014,177.05"
"1040372,33.32"
"1405754,75.64"
"1251759,82.64"
"1,094,372,206.97"
"1,113,898,516.12"
"1,351,735,342.46"
"1,305,756,111.92"
"1,144,073,123.12"
"1,219,445,145.49"
"1,399,854,464.10"
"1,077,708,262.50"
"1,136,982,733.88"
"1,168,044,121.56"
"1,301,176,103.60"
"1045879,91.89"
"1,375,132,153.58"
"1,224,442,197.53"
"1195553,35.01"
"1486052,53.59"
"1406304,35.75"
"1,003,371,361.87"
"1,447,908,581.07"
"1,022,766,337.02"
"1359162,22.69"
"1149541,42.32"
"1389512,58.14"
"1,294,598,157.47"
"1,187,407,213.32"
"1,151,085,272.46"
"1262007,60.09"
"1273205,53.71"
"1098767,25.14"
"1,328,665,126.15"
"1207902,67.78"
"1,110,134,155.38"
"1135750,32.47"
"1404904,85.99"
"1252213,60.28"
"1,471,895,213.85"
"1,370,308,418.33"
"1,488,744,209.85"
"1,312,130,152.20"
"1,432,207,167.01"
"1067574,77.09"
"1497576,50.45"
"1,173,597,109.81"
"1463356,48.05"
"1,476,005,283.01"
"1,226,297,318.22"
"1,312,818,346.17"
"1170077,61.15"
"1,132,041,109.62"
"1,144,962,112.54"
"1,180,712,227.80"
"1,420,842,106.98"
"1,048,319,209.12"
"1062167,37.96"
"1281864,41.72"
"1310639,61.51"
"1316568,77.99"
"1470598,73.78"
"1126729,47.55"
"1187117,21.22"
"1231315,31.96"
"1,193,778,187.64"
"1,497,770,357.56"
"1,296,043,182.75"
"1,109,033,129.24"
"1,253,619,128.57"
"1,015,055,169.17"
"1,323,954,168.79"
"1236535,27.39"
"1291602,55.9"
"1034239,46.71"
"1,487,244,245.66"
"1,432,981,243.11"
"1,413,500,115.35"
"12,406,151,512.05"
"1,125,250,473.37"
"1,049,986,671.42"
"1432590,41.86"
"1064865,57.45"
"1462054,61.04"
"1,175,329,557.61"
"1,231,504,536.54"
"1,310,137,890.99"
"1,176,123,107.13"
"1267634,70.26"
"1,397,808,168.34"
"1,489,068,580.01"
"1,399,261,436.97"
"1,057,026,983.25"
"1,157,087,103.57"
"1,221,970,112.44"
"1,055,041,199.41"
"1,378,097,135.41"
"1,154,169,136.24"
"1,062,376,124.02"
"1181839,70.52"
"1276632,45.9"
"1,388,270,443.62"
"1,171,130,485.31"
"1,242,759,139.07"
"1035528,55.81"
"1232845,53.85"
"1133643,35.65"
"1,020,633,195.32"
"1,137,724,212.61"
"1,418,017,189.40"
"1,129,706,112.40"
"1414426,70.04"
"1443244,46.11"
"1,336,913,105.86"
"1,216,868,191.57"
"1,074,099,319.11"
"1005733,59.95"
"1187232,35.97"
"1,315,006,424.59"
"1,429,640,310.72"
"1,193,124,306.51"
"1,321,067,337.62"
"1020914,94.83"
"1464172,76.34"
"1,012,356,231.37"
"1,048,213,178.24"
"1,414,658,237.58"
"10,673,561,024.93"
"1,402,145,337.09"
"1,205,618,247.10"
"1102348,58.83"
"1439251,70.05"
"1141169,47.73"
"1,429,174,666.44"
"1,360,530,725.40"
"10,787,171,039.30"
"1,034,750,188.74"
"1,292,295,250.15"
"1,464,006,303.21"
"1,207,416,732.80"
"1,081,039,456.95"
"10,386,001,041.50"
"1434474,89.07"
"1420970,42.98"
"1493390,91.5"
"1062042,27.58"
"1407930,40.82"
"1,309,366,151.84"
"1494106,59.44"
"1253128,52.82"
"1,230,871,469.18"
"1,103,899,491.86"
"1,178,356,121.71"
"1270686,22.5"
"1461376,32.05"
"1055872,28.81"
"1,027,667,245.22"
"1,150,000,161.26"
"1,035,466,438.52"
"1,015,226,145.27"
"1004410,65.05"
"1,225,216,147.61"
"1,261,758,188.64"
"1,009,224,249.61"
"1164468,31.94"
"1,234,697,144.91"
"1,072,809,261.62"
"1,405,077,133.44"
"1133718,30.5"
"1090779,85.87"
"1220305,27.81"
"1,455,516,286.54"
"1,077,080,359.93"
"1,381,871,249.53"
"1,497,941,705.77"
"1,405,281,590.55"
"1,184,133,400.53"
"1297493,49.87"
"1,351,826,103.87"
"1351915,37.59"
"1,303,502,298.48"
"1,103,552,370.01"
"1,074,755,529.90"
"1,054,413,156.40"
"1,100,592,100.02"
"1,265,971,129.57"
"1,062,386,408.04"
"1,005,415,248.87"
"1,454,684,687.62"
"1,098,324,113.56"
"1,463,531,114.63"
"1,128,843,146.75"
"1,200,592,158.50"
"1,337,305,210.54"
"1,130,901,182.12"
"1101312,97.42"
"1423243,57.09"
"1358603,63.13"
"1,040,493,453.01"
"1,023,439,745.84"
"1,402,530,287.16"
"1148734,50.79"
"1115378,29.42"
"1,138,163,145.40"
"1,089,398,148.86"
"1,111,393,311.12"
"1441237,80.8"
"1073593,42.23"
"1353069,44.44"
"1,237,302,166.55"
"1068099,55.27"
"1,296,768,139.91"
"1407946,49.93"
"1,341,469,105.18"
"1099372,65.82"
"1,310,892,303.56"
"1,190,768,323.71"
"1,070,732,131.97"
"1,249,505,228.45"
"1,235,991,233.02"
"1,260,972,117.27"
"1207552,59.47"
"1043700,31.4"
"1311764,64.95"
"1,387,118,277.03"
"1,193,391,341.09"
"1,091,807,361.21"
"1,240,478,148.26"
"1,494,088,135.52"
"1,347,537,141.00"
"1,102,292,299.86"
"1,088,345,162.09"
"1,446,214,244.10"
"1033631,35.18"
"1291932,53.17"
"1048558,28.4"
"1374367,41.98"
"1,379,701,274.18"
"1,324,376,524.26"
"1,000,116,205.30"
"1213448,19.57"
"1,246,867,124.18"
"1,414,636,190.17"
"1,390,449,237.66"
"1440242,82.77"
"1382211,17.25"
"1248175,30.32"
"1395486,27.69"
"1222155,57.39"
"1,031,664,322.68"
"1,022,670,318.49"
"1,280,365,368.86"
"1,034,558,635.07"
"1147078,98.64"
"1,459,822,201.42"
"1,099,677,184.77"
"1,348,084,158.85"
"1,220,274,453.21"
"1209309,83.72"
"1,184,750,218.82"
"1,190,011,225.85"
"1,319,480,105.57"
"1,305,176,124.93"
"1251039,28.12"
"1,312,629,119.54"
"1,031,682,434.88"
"1,034,125,209.81"
"1046291,16.58"
"1,444,323,156.17"
"1,317,716,208.49"
"1,057,421,257.90"
"1,428,458,304.86"
"1,348,068,163.80"
"1,380,958,173.06"
"1,001,797,792.63"
"1,207,458,292.22"
"1,252,167,227.21"
"1402459,51.76"
"1,336,623,104.36"
"1092234,36.13"
"1,276,698,362.57"
"1,014,174,325.33"
"1,389,987,472.42"
"1176492,76.78"
"1248265,57.88"
"1045510,96.61"
"1,045,443,436.60"
"1,099,568,191.11"
"1,295,338,525.28"
"1207102,40.15"
"1391315,39.08"
"1251276,23.05"
"1003702,61.91"
"1,371,347,132.79"
"1495432,53.35"
"1427121,99.51"
"1314783,29.21"
"1358927,45.91"
"1,465,453,267.29"
"1,183,611,331.06"
"1,272,052,166.83"
"1363954,42.43"
"1409502,22.59"
"1,030,133,147.40"
"1,363,671,188.22"
"1,035,001,245.65"
"1,410,185,120.11"
"1432211,59.8"
"1065392,76.45"
"1373418,78.39"
"1,365,940,140.42"
"1,242,870,190.11"
"1231479,31.25"
"1404091,35.04"
"1,181,234,182.30"
"1,085,163,160.56"
"1436870,83.07"
"1254416,44.66"
"1471032,75.47"
"1334116,47.17"
"1,347,256,339.78"
"1,311,604,180.50"
"1,063,501,165.55"
"1,025,721,483.33"
"1,276,142,287.57"
"1,060,806,171.72"
"1071661,35.06"
"1498066,82.41"
"1407735,48.29"
"1,051,651,304.79"
"1,363,995,363.74"
"1,454,364,304.04"
"1467138,51.55"
"1074197,66.25"
"1230896,80.35"
"1,115,906,275.43"
"1,186,445,219.23"
"1,478,644,378.77"
"1,096,482,159.17"
"1,429,191,175.94"
"1,257,617,131.44"
"1440883,69.07"
"1,021,872,127.73"
"1,154,559,146.84"
"1095162,89.7"
"1300311,31.18"
"1389878,55.9"
"1,412,672,303.52"
"1,155,036,411.42"
"1,112,459,209.43"
"1133681,33.53"
"1218617,29.0"
"1190145,21.67"
"1262383,99.88"
"1,331,957,135.39"
"1,481,626,156.96"
"1134995,43.27"
"1285263,30.79"
"1106138,48.89"
"1,175,167,135.71"
"1205164,99.61"
"1,483,833,197.30"
"1496897,38.11"
"1074105,78.15"
"1465377,39.05"
"1,106,879,258.00"
"1,150,467,158.41"
"1,116,996,102.34"
"1,185,434,778.55"
"1,266,519,482.46"
"1,353,114,599.49"
"1129265,55.36"
"1,252,749,147.45"
"1162104,62.31"
"1,193,418,814.57"
"1,284,837,808.13"
"1,363,184,885.26"
"1,191,468,116.95"
"1,078,789,107.33"
"1,136,805,246.09"
"14,053,861,220.83"
"1,114,322,566.53"
"13,502,111,632.95"
"1,278,837,115.45"
"1172455,65.1"
"1478221,48.74"
"1,098,408,100.43"
"1,091,951,157.54"
"1,099,622,145.06"
"1139472,77.03"
"1,061,430,144.80"
"1258982,81.61"
"1,405,793,710.71"
"1,494,572,375.02"
"1,023,532,294.21"
"1088540,57.49"
"1350522,34.51"
"1,062,543,435.09"
"1,123,146,511.30"
"1,335,657,518.06"
"1,336,480,111.55"
"1,334,472,154.82"
"1223905,92.0"
"1106947,86.13"
"1,268,382,172.20"
"1,410,375,376.59"
"1480252,26.37"
"1270897,38.36"
"1,171,323,523.61"
"1,347,721,372.65"
"1,195,122,219.58"
"1160060,80.65"
"1,103,877,173.77"
"1227192,97.66"
"1,225,674,273.20"
"1,435,797,333.11"
"1,364,079,223.27"
"1,306,281,118.49"
"1,299,709,149.50"
"1299648,56.76"
"1191925,39.22"
"1,303,294,108.09"
"1276615,52.2"
"1,347,235,313.26"
"1,433,729,362.81"
"1,442,624,184.87"
"1,136,999,114.02"
"1419217,69.9"
"1,314,342,282.66"
"1,429,773,120.70"
"1,267,876,230.16"
"1387167,19.45"
"1173342,37.22"
"1186948,62.34"
"1,233,252,200.47"
"1,066,977,619.81"
"1,152,418,314.20"
"1124445,17.56"
"1,026,138,138.75"
"1,332,514,173.52"
"1,468,716,186.15"
"1287492,32.57"
"1206863,17.68"
"1398867,35.75"
"1,055,136,109.39"
"1118702,60.03"
"1,359,875,383.06"
"1,107,202,336.37"
"1,296,158,192.41"
"1,470,774,747.33"
"1,117,544,389.10"
"1,151,189,225.54"
"1186842,91.82"
"1398197,59.91"
"1083741,60.07"
"1,037,042,514.86"
"1,088,465,466.30"
"1,451,012,676.50"
"1227620,71.74"
"1,102,512,101.99"
"1,234,887,139.73"
"1,128,433,559.67"
"1,444,037,237.54"
"1,015,740,653.47"
"1346922,33.8"
"1102942,28.62"
"1174075,47.35"
"1108936,84.95"
"1412117,52.3"
"1,014,965,129.95"
"1418316,55.59"
"1472488,45.32"
"1,019,856,397.86"
"1,175,542,566.54"
"1,013,232,206.97"
"1,321,001,370.71"
"1,100,828,462.38"
"1,068,732,224.57"
"1386147,78.64"
"1410568,66.62"
"1,471,314,119.15"
"1,143,781,145.61"
"1,010,375,325.74"
"1144387,56.03"
"1229377,34.95"
"1095558,32.44"
"1,478,260,211.64"
"1438799,69.9"
"1359239,67.48"
"1097687,44.25"
"1065465,60.48"
"1028748,31.14"
"1,487,448,327.73"
"1,331,356,514.51"
"1,480,686,347.26"
"12,369,991,043.95"
"1,199,822,328.41"
"1,254,681,242.15"
"1047669,55.59"
"1084506,69.17"
"1,407,062,100.73"
"1,004,423,402.69"
"1,207,875,546.41"
"1,328,513,769.12"
"1,170,969,127.40"
"1,281,563,167.47"
"1,432,075,205.53"
"1,253,965,492.35"
"1,444,649,287.05"
"11,522,721,006.16"
"1,393,567,102.52"
"1,154,663,116.77"
"1144903,81.09"
"1,329,590,227.37"
"1,441,678,167.83"
"1,001,524,139.59"
"1440235,43.23"
"1437743,55.25"
"1,468,736,431.43"
"1,325,002,341.17"
"1,255,670,146.95"
"1054864,38.93"
"1057573,23.54"
"1,006,532,154.77"
"1,276,400,106.99"
"1,086,209,362.41"
"1,325,888,140.85"
"1,269,656,145.09"
"1,219,510,111.15"
"1,402,597,113.39"
"1,254,290,216.77"
"1,207,536,249.96"
"1358623,52.62"
"1106454,63.68"
"1096522,59.42"
"1,497,989,346.46"
"1,034,611,296.08"
"1,145,961,147.65"
"1241244,48.42"
"1335255,76.59"
"1167949,80.82"
"1,215,373,179.60"
"1,245,385,138.56"
"1,299,559,179.43"
"1402501,73.64"
"1356370,79.51"
"1244578,38.37"
"1402872,76.97"
"1,373,011,236.14"
"1,099,626,146.40"
"1,240,618,135.06"
"1,313,356,138.69"
"1,063,775,131.40"
"1,351,476,322.49"
"1,423,116,270.68"
"1,026,366,142.99"
"1006892,19.29"
"1366540,17.87"
"1308211,26.33"
"1060946,42.6"
"1111869,17.79"
"1321821,34.98"
"1,442,998,155.04"
"1,187,281,719.43"
"1,149,992,342.25"
"1,269,393,124.67"
"1,271,415,136.02"
"1,115,599,202.78"
"1049715,46.95"
"1386843,81.9"
"1,449,443,273.79"
"1,247,790,390.39"
"1,377,409,167.95"
"1,402,068,555.78"
"1,131,692,232.65"
"1,103,707,150.89"
"1011869,92.84"
"1134421,62.07"
"1187227,48.05"
"1,404,182,273.65"
"1,430,582,404.74"
"1,077,995,307.13"
"1484671,58.34"
"1420778,60.22"
"1310109,50.65"
"1,219,340,603.16"
"1,483,037,305.45"
"1,278,014,777.63"
"1,020,009,143.28"
"1,357,861,131.22"
"1,246,537,126.90"
"1,138,911,238.32"
"1,072,349,248.28"
"1,044,205,114.37"
"1,003,775,127.35"
"1,105,139,136.41"
"1,233,795,444.43"
"1,488,993,623.51"
"1,128,989,192.30"
"1461060,42.38"
"1093258,68.77"
"1,458,579,132.92"
"1,267,831,244.63"
"1,076,102,248.52"
"1492794,78.66"
"1258414,36.97"
"1233270,27.31"
"1,218,069,174.11"
"1,209,101,192.57"
"1,005,839,373.11"
"1205721,59.9"
"1,286,663,109.13"
"1,396,005,107.54"
"1,005,991,228.00"
"1,411,749,350.59"
"1,256,153,239.49"
"13,340,641,098.32"
"1,053,700,892.82"
"1,079,711,316.26"
"1449942,21.61"
"1080233,64.29"
"1320661,91.1"
"1,137,255,535.01"
"1,264,796,557.62"
"1,048,031,286.53"
"1,363,159,147.22"
"1,311,397,143.45"
"1,408,686,145.08"
"1,335,629,244.09"
"1,384,967,284.30"
"1,425,196,190.94"
"1185945,46.24"
"1233671,43.95"
"1168634,64.6"
"1475193,90.35"
"1008215,19.11"
"1490942,56.43"
"1,086,613,223.87"
"1,429,213,310.74"
"1247277,63.63"
"1315521,19.38"
"1251613,14.24"
"1341539,34.41"
"1,314,843,107.32"
"1,060,246,249.39"
"1,196,722,239.57"
"1062489,30.58"
"1391156,15.15"
"1420868,66.23"
"1266795,41.97"
"1452943,66.06"
"1372739,82.37"
"1384170,42.62"
"1,270,445,309.99"
"1,440,443,560.20"
"1,158,748,152.27"
"13,733,691,519.65"
"1,171,380,518.12"
"1,334,250,240.21"
"1260574,71.83"
"1004325,82.5"
"1402074,37.03"
"1,305,204,724.87"
"1,225,037,741.59"
"1,174,606,920.73"
"1,118,582,156.01"
"1,302,852,151.28"
"1,236,914,181.39"
"1,047,047,784.64"
"1,219,768,355.11"
"14,496,761,136.88"
"1459390,78.49"
"1403792,63.77"
"1181820,47.27"
"1158592,53.3"
"1,106,569,100.18"
"1460628,76.11"
"1456648,54.58"
"1,074,653,575.00"
"1,172,350,330.80"
"1,064,482,167.84"
"1035769,37.26"
"1092414,32.12"
"1187218,27.7"
"1,309,910,122.15"
"1,064,688,127.58"
"1,208,945,228.73"
"1,223,704,286.74"
"1,342,926,375.85"
"1,016,090,158.93"
"1,084,541,109.24"
"1,006,036,252.90"
"1,271,294,313.13"
"1293143,28.32"
"1,380,357,314.91"
"1,394,412,156.07"
"1045597,69.35"
"1242518,43.02"
"1425711,80.0"
"1236266,59.71"
"1,391,787,208.06"
"1,018,619,197.14"
"1,439,086,127.79"
"1,487,991,388.74"
"1,460,540,194.21"
"1421075,61.46"
"1,337,962,163.63"
"1205702,59.96"
"1216068,39.26"
"1,416,093,280.11"
"1,106,438,515.43"
"1,187,958,245.94"
"1461237,44.26"
"1,493,677,128.65"
"1346875,88.38"
"1,047,024,265.37"
"1,179,951,230.42"
"1,272,720,382.62"
"1,009,102,144.76"
"1102030,94.09"
"1357349,80.36"
"1,254,542,105.66"
"1,239,839,131.51"
"1142498,46.1"
"1479142,48.81"
"1127057,63.75"
"1,143,077,182.86"
"1,315,764,516.25"
"1,076,879,396.82"
"1117812,22.98"
"1171684,35.95"
"1187665,98.68"
"1,150,288,132.11"
"1,092,093,207.62"
"1447408,38.98"
"1331327,40.82"
"1478225,91.61"
"1247480,68.31"
"1105195,65.16"
"1439531,47.59"
"1079007,58.94"
"1068176,41.02"
"1,396,170,233.67"
"1,334,406,294.44"
"1,014,026,143.46"
"1,352,373,459.12"
"1,243,030,367.63"
"1,041,420,248.98"
"1319327,43.8"
"1,410,028,112.67"
"1139636,32.84"
"1,036,193,515.44"
"1,003,367,617.14"
"1,387,633,359.59"
"1,332,886,145.75"
"1,080,327,129.08"
"1,013,373,159.97"
"1,078,845,306.50"
"1,240,791,151.33"
"1,474,319,310.26"
"1494561,90.06"
"1150748,49.48"
"1140411,59.83"
"1440680,37.56"
"1,067,429,135.21"
"1,160,511,100.34"
"1,065,243,105.19"
"1279830,23.78"
"1030666,52.28"
"1,433,611,307.20"
"1,333,707,511.88"
"1,266,311,219.82"
"1103146,26.19"
"1,491,817,136.94"
"1,212,716,153.04"
"1,301,661,244.33"
"1233889,72.27"
"1342250,36.37"
"1079171,25.25"
"1,132,769,122.48"
"1177184,56.2"
"1162498,29.17"
"1226350,97.88"
"1353682,17.78"
"1,144,693,343.70"
"1,200,921,319.20"
"1,098,073,167.16"
"10,830,241,185.13"
"1,496,726,912.49"
"1,222,568,246.25"
"1118152,28.25"
"1474455,64.04"
"1,344,569,260.51"
"1,362,812,368.72"
"1,357,918,350.23"
"1,427,314,221.86"
"1,177,846,179.22"
"1,447,665,152.91"
"1,180,242,314.26"
"1,057,980,114.66"
"1,057,989,406.27"
"1494214,23.62"
"1360415,73.78"
"1474051,54.96"
"1139545,34.67"
"1102908,47.28"
"1281533,37.12"
"1,233,530,234.25"
"1,474,190,327.42"
"1,195,458,196.40"
"1481613,42.57"
"1,004,249,115.14"
"1,165,001,164.96"
"1022162,81.77"
"1185155,46.99"
"1,152,177,148.01"
"1374738,73.55"
"1,379,639,141.92"
"1333423,44.99"
"1128407,81.09"
"1204473,34.6"
"1,310,544,356.62"
"1,154,591,395.54"
"1494201,91.82"
"1,115,748,782.13"
"1,353,589,491.68"
"1,484,676,272.79"
"1048616,37.54"
"1314508,74.34"
"1296975,81.98"
"1,372,115,302.96"
"1,336,189,359.01"
"1,121,324,309.54"
"1,045,996,109.52"
"1,361,706,137.57"
"1,431,483,132.48"
"1,387,232,291.57"
"1,160,893,120.84"
"1,431,384,337.49"
"1235837,89.18"
"1436037,47.24"
"1202680,80.76"
"1412587,24.19"
"1,377,286,106.92"
"1,197,461,105.64"
"1116597,40.64"
"1062507,61.45"
"1,030,306,171.28"
"1,013,660,346.55"
"1,086,030,257.09"
"1229602,42.95"
"1272184,22.59"
"1433035,99.92"
"1,374,038,152.75"
"1,222,840,331.28"
"1356273,19.75"
"1101932,24.02"
"1021010,70.57"
"1171411,54.83"
"1,337,490,106.31"
"1332396,26.63"
"1303811,28.91"
"1333733,54.55"
"1,191,789,209.11"
"1,325,792,325.47"
"1,476,106,273.63"
"1,171,225,823.60"
"1,235,681,385.62"
"1,224,499,375.92"
"1423465,40.91"
"1120552,62.84"
"1292401,66.0"
"1,226,546,327.05"
"1,485,369,363.90"
"1,369,288,507.46"
"1,432,305,136.99"
"1,079,777,146.53"
"1,092,628,201.89"
"1,282,588,416.55"
"1,415,191,257.97"
"1,209,550,329.56"
"1370271,38.06"
"1104842,26.82"
"1381859,57.78"
"1062232,37.48"
"1,171,522,117.58"
"1084587,43.13"
"1439204,36.45"
"1,159,953,394.44"
"1,379,917,303.46"
"1,082,924,232.27"
"1380277,38.39"
"1303074,22.06"
"1,357,053,181.52"
"1,482,844,190.02"
"1095958,73.94"
"1335161,56.94"
"1432554,72.01"
"1058867,52.67"
"1,289,214,128.00"
"1028000,91.02"
"1437271,23.36"
"1399943,39.13"
"1,107,949,287.10"
"1356581,63.23"
"1194491,35.47"
"1203992,76.54"
"1073984,31.75"
"1,158,974,197.33"
"1,244,952,156.10"
"1,350,959,178.86"
"1,221,985,775.87"
"1,428,233,202.01"
"1,247,118,222.18"
"1460736,50.42"
"1317327,64.29"
"1233024,41.63"
"1,471,569,330.22"
"1,415,077,365.20"
"1,056,913,808.13"
"1277505,94.34"
"1,359,182,216.51"
"1,430,948,308.03"
"1,013,760,255.57"
"1,147,147,361.73"
"1415890,34.35"
"1265084,49.05"
"1431945,33.4"
"1484655,35.84"
"1161020,35.39"
"1,175,530,253.37"
"1,154,338,278.18"
"1,130,574,201.77"
"1051940,40.19"
"1440445,21.0"
"1,192,440,138.23"
"1,260,322,238.65"
"1,421,768,190.21"
"1449682,62.65"
"1415276,94.75"
"1453255,50.21"
"1,248,669,122.65"
"1,230,958,142.89"
"1157877,30.28"
"1,325,572,187.25"
"1,431,659,105.24"
"1309583,63.27"
"1209010,36.86"
"1285811,74.96"
"1136992,49.66"
"1,108,246,179.48"
"1,104,829,147.00"
"1330971,98.43"
"1,224,992,615.73"
"1,268,353,341.75"
"1,232,469,208.99"
"1410483,51.54"
"1063825,75.5"
"1243528,44.59"
"1,349,678,268.22"
"1,072,684,425.95"
"1,342,993,478.93"
"1,495,669,130.24"
"1,322,377,144.07"
"1,202,457,122.61"
"1,415,501,513.49"
"1,363,882,420.61"
"1,080,956,695.93"
"1134020,98.13"
"1151908,38.65"
"1350192,81.92"
"1416559,56.92"
"1092576,70.25"
"1344385,73.69"
"1217656,54.8"
"1302415,55.55"
"1,242,600,200.35"
"1,467,152,345.65"
"1,438,001,172.01"
"1460611,42.06"
"1441014,37.97"
"1,357,398,235.74"
"1,077,114,171.01"
"1,263,663,152.75"
"1372445,77.88"
"1298212,49.52"
"1491344,69.89"
"1,281,588,116.89"
"1,136,004,157.60"
"1,289,149,216.07"
"1474421,42.19"
"1473813,37.44"
"1,252,840,143.51"
"1,172,252,132.77"
"1189064,56.18"
"1361099,72.16"
"1,013,719,102.27"
"1073519,58.95"
"1,277,293,195.37"
"1,159,227,141.92"
"1,139,762,229.50"
"1,295,739,136.04"
"1,009,685,125.00"
"1474772,68.51"
"1165673,27.61"
"1065468,52.04"
"1102053,31.38"
"1,161,784,552.81"
"1,051,139,550.22"
"1,269,039,180.04"
"1158737,44.26"
"1,246,489,129.27"
"1,202,461,143.22"
"1,198,164,301.81"
"1,011,440,655.96"
"1,413,230,130.51"
"1094332,15.65"
"1141137,39.82"
"1049606,48.32"
"1,391,442,145.20"
"1,359,351,596.00"
"1,233,267,180.20"
"1314748,21.53"
"1413495,75.5"
"1,225,930,150.33"
"1,137,875,160.56"
"1190701,16.19"
"1122832,99.26"
"1089220,40.04"
"1,249,809,473.32"
"1,093,731,478.58"
"1,064,557,184.76"
"1,117,909,524.41"
"1,214,618,178.32"
"1,089,335,228.48"
"1213475,25.09"
"1,170,902,101.97"
"1,481,946,410.41"
"1,224,868,222.15"
"1,106,482,198.30"
"1273502,44.25"
"1216168,84.61"
"1,083,594,299.48"
"1,224,295,140.03"
"1,013,278,402.57"
"1,005,855,104.91"
"1056709,54.87"
"1,249,671,110.08"
"1,230,380,151.33"
"1,484,433,145.47"
"1267040,52.29"
"1473223,21.03"
"1,233,669,189.16"
"1,250,796,368.19"
"1,313,401,130.12"
"1237110,18.9"
"1238242,14.75"
"1000121,73.41"
"1129558,83.51"
"1018802,94.69"
"1,368,711,131.49"
"1368971,60.97"
"1240209,97.47"
"1430887,49.68"
"1476123,99.65"
"1068042,48.3"
"1,124,650,233.86"
"1,289,201,216.18"
"1,281,401,125.57"
"1,485,491,395.25"
"1,104,767,410.68"
"1,260,343,213.87"
"1420693,47.75"
"1,462,062,111.44"
"1057642,45.98"
"1,379,980,264.76"
"1,095,043,400.42"
"1,096,435,417.87"
"1339708,91.2"
"1,430,712,100.74"
"1348620,89.08"
"1,489,978,211.10"
"1,343,050,162.94"
"1,171,803,373.55"
"1239136,99.28"
"1159926,77.22"
"1167786,40.55"
"1261300,66.78"
"1164093,79.82"
"1161124,34.9"
"1077741,98.95"
"1,139,047,109.11"
"1,253,918,294.06"
"1,081,347,580.05"
"1,067,587,261.45"
"1029248,31.46"
"1456841,27.43"
"1,383,133,116.83"
"1263414,66.08"
"1,110,768,182.78"
"1363668,34.89"
"1187183,25.15"
"1,364,266,146.66"
"1026176,30.56"
"1177476,92.12"
"1499793,39.65"
"1,245,784,115.35"
"1031113,55.82"
"1,117,382,324.88"
"1,449,051,327.44"
"1,441,522,162.45"
"1,220,040,833.89"
"1,445,037,612.42"
"1,313,829,151.11"
"1345555,83.38"
"1278499,75.82"
"1,352,264,224.07"
"1,466,161,350.49"
"1,252,687,316.56"
"1479808,73.62"
"1,223,345,135.35"
"1,049,411,128.34"
"1,003,384,393.75"
"1,363,984,195.72"
"1,216,354,233.10"
"1394628,48.97"
"1343435,42.67"
"1370718,89.19"
"1156018,26.81"
"1,395,048,145.21"
"1,314,516,531.40"
"1,399,258,100.33"
"1338874,26.46"
"1118069,25.25"
"1,465,660,132.68"
"1,255,031,247.72"
"1,058,944,216.27"
"1305598,16.12"
"1196241,49.44"
"1004788,31.05"
"1463684,35.84"
"1061891,96.29"
"1,257,545,110.04"
"1,137,317,361.70"
"1,316,766,283.93"
"1,215,009,121.80"
"1,198,616,305.09"
"1,119,975,260.80"
"1,173,978,142.34"
"1003325,69.26"
"1014959,46.2"
"1,238,676,279.75"
"1,180,681,293.73"
"1,154,031,196.08"
"1392618,65.36"
"1,158,959,101.04"
"1174657,65.67"
"1,215,383,436.19"
"1,056,737,206.42"
"1,226,869,339.38"
"1338426,48.59"
"1119609,63.46"
"1063798,25.28"
"1045972,60.31"
"1,150,952,168.93"
"1,077,779,550.66"
"1,144,441,265.29"
"1257450,33.96"
"1,254,802,134.04"
"1,250,391,150.71"
"1,045,722,215.40"
"1346647,35.3"
"1026834,35.68"
"1,283,298,102.61"
"1481903,44.06"
"1318877,54.66"
"1130427,44.77"
"1,357,694,108.37"
"1244100,83.34"
"1,131,178,318.56"
"1,402,295,317.01"
"1,126,893,138.99"
"10,936,511,015.50"
"1,112,711,712.17"
"1,105,210,410.82"
"1164254,71.96"
"1498407,74.6"
"1283105,50.74"
"1,415,914,266.89"
"1,057,017,288.42"
"1,137,052,315.18"
"1144252,83.2"
"1,370,833,148.25"
"1295518,92.85"
"1,065,864,477.87"
"1,166,233,225.15"
"1,209,388,512.84"
"1374893,93.87"
"1119217,52.46"
"1,004,773,110.78"
"1,248,761,148.70"
"1,178,734,151.67"
"1098698,80.05"
"1044262,60.62"
"1,053,113,216.14"
"1,309,992,407.15"
"1,307,732,190.14"
"1417093,44.96"
"1326039,25.07"
"1,233,803,113.86"
"1,099,973,219.18"
"1,409,188,311.82"
"1369859,50.58"
"1251710,38.99"
"1152116,36.77"
"1,363,025,217.53"
"1,267,904,189.85"
"1,269,147,297.98"
"1001765,65.75"
"1,392,665,256.48"
"1,261,277,356.51"
"1,422,430,126.81"
"1,106,809,897.35"
"1,353,415,320.96"
"1,368,715,301.68"
"1087675,34.13"
"1336730,85.89"
"1332354,59.02"
"1,456,769,724.72"
"1,190,728,610.84"
"1,268,579,869.15"
"1,217,878,105.87"
"1,106,508,172.22"
"1,006,087,422.42"
"1,402,675,505.80"
"1,276,630,550.92"
"12,052,561,003.14"
"1445432,88.47"
"1009975,51.25"
"1394741,86.76"
"1,275,536,115.85"
"1158507,70.09"
"1269365,40.47"
"1,204,388,464.73"
"1,068,999,334.21"
"1,370,340,131.10"
"1252762,16.93"
"1154390,24.75"
"1394582,19.71"
"1,149,088,355.81"
"1,386,755,277.54"
"1,299,563,424.17"
"1491160,83.06"
"1230263,58.68"
"1011505,40.53"
"1,446,632,126.18"
"1,415,161,193.95"
"1,228,341,284.87"
"1056047,24.68"
"1278396,27.53"
"1,005,154,380.66"
"1,312,357,117.53"
"1370120,88.69"
"1255799,40.83"
"1115383,75.2"
"1118490,44.63"
"1,493,917,513.89"
"1,487,221,413.62"
"1,149,775,300.73"
"1,460,445,283.11"
"1,448,306,112.46"
"1,431,907,104.20"
"1401766,21.75"
"1047198,69.67"
"1002660,43.44"
"1,366,099,337.31"
"1,292,159,320.89"
"1,373,525,413.35"
"1049952,63.9"
"1377098,77.09"
"1198185,71.27"
"1,256,980,220.40"
"1,010,248,149.45"
"1,080,513,275.74"
"1081848,61.5"
"1054349,76.83"
"1233461,51.01"
"1313017,85.02"
"1,105,421,249.00"
"1,339,465,216.48"
"1063256,59.84"
"1013469,49.06"
"1,375,319,174.77"
"1,366,962,342.13"
"1,317,620,185.17"
"1127397,35.16"
"1250684,20.29"
"1,102,059,131.24"
"1,281,560,173.23"
"1,392,837,177.16"
"1279583,25.99"
"1225127,30.16"
"1,188,903,183.93"
"1320069,80.92"
"1,081,725,139.82"
"1288919,53.05"
"1098380,78.73"
"1,141,854,121.46"
"1,471,277,307.87"
"1,485,310,185.45"
"1,057,256,107.14"
"1,443,523,392.30"
"1,242,874,780.39"
"1,028,151,241.99"
"1302656,45.45"
"1,431,208,130.99"
"1473127,62.16"
"1,249,389,470.39"
"1,270,759,616.33"
"1,220,718,287.13"
"1,429,360,142.41"
"1,141,020,144.87"
"1325573,48.43"
"1,165,621,309.09"
"1,386,579,260.53"
"1,089,648,329.68"
"1210152,23.1"
"1013568,38.75"
"1269338,44.62"
"1462527,33.46"
"1094399,25.96"
"1197572,29.58"
"1,127,792,140.67"
"1,290,080,652.91"
"1,160,077,269.01"
"1439020,22.47"
"1,129,340,167.78"
"1,198,240,199.69"
"1,123,239,247.26"
"1402087,61.25"
"1104882,53.52"
"1,155,836,112.72"
"1057692,76.41"
"1,045,903,181.56"
"1,247,162,376.54"
"1,447,707,337.63"
"1,450,701,552.10"
"1,119,729,491.76"
"1,463,108,332.78"
"1004715,41.55"
"1,055,930,110.56"
"1258137,53.75"
"1,220,154,288.99"
"1,425,882,640.76"
"1,023,497,367.69"
"1410135,85.79"
"1,265,438,134.65"
"1414821,39.69"
"1,116,522,340.81"
"1,443,270,378.99"
"1,263,016,508.59"
"1018136,84.98"
"1451314,95.59"
"1038393,92.68"
"1403993,58.63"
"1274108,40.86"
"1188111,97.18"
"1,342,222,285.39"
"1,057,623,368.31"
"1,324,265,222.17"
"1438649,24.8"
"1073338,65.5"
"1,082,298,122.75"
"1,110,286,183.01"
"1,266,357,301.84"
"1138371,44.45"
"1298566,49.32"
"1430079,34.7"
"1375660,56.05"
"1319105,62.55"
"1,361,990,136.04"
"1337117,30.16"
"1092006,95.63"
"1379437,66.53"
"1,315,755,212.96"
"1,101,610,543.18"
"1,212,642,125.12"
"12,577,241,055.19"
"1,466,648,277.60"
"1,254,129,261.58"
"1046453,28.44"
"1417296,69.82"
"1103295,71.08"
"1,288,752,451.28"
"1,460,898,302.69"
"1,045,465,370.64"
"1429233,73.25"
"1,428,924,196.54"
"1,179,927,128.72"
"1,401,756,368.81"
"1,482,727,213.05"
"1,412,634,314.60"
"1122492,35.1"
"1051180,25.87"
"1076417,26.88"
"1297374,68.93"
"1204108,59.17"
"1021362,26.1"
"1,390,263,106.67"
"1363384,53.92"
"1116791,35.53"
"1,326,548,212.64"
"1,433,636,428.79"
"1,481,561,150.56"
"1,034,638,195.35"
"1,230,918,154.95"
"1,242,400,219.85"
"1115757,45.03"
"1041643,50.05"
"1287497,65.05"
"1,306,844,109.30"
"1,200,113,104.18"
"1,078,215,130.94"
"1298841,46.46"
"1392730,24.21"
"1198643,36.99"
"1,020,564,384.84"
"1,154,567,115.29"
"1225474,71.55"
"1248898,39.79"
"1170575,52.68"
"1413355,37.71"
"1,113,523,235.35"
"1,356,462,117.70"
"1,174,460,175.30"
"1,040,703,752.62"
"1,009,276,351.97"
"1,348,411,360.40"
"1235035,47.36"
"1435764,61.5"
"1109203,57.23"
"1,310,361,374.68"
"1,173,091,457.63"
"1,201,488,474.16"
"1416516,78.87"
"1,156,700,261.70"
"1,135,820,141.91"
"1,477,704,378.80"
"1,178,324,330.55"
"1,198,224,534.28"
"1308367,51.26"
"1260111,27.43"
"1298774,28.32"
"1295663,63.51"
"1084873,52.08"
"1238634,37.39"
"1237748,61.4"
"1,143,221,605.79"
"1,228,159,614.53"
"1,349,223,132.28"
"1056933,23.21"
"1424540,24.36"
"1,484,915,114.85"
"1,111,332,145.90"
"1063614,89.45"
"1301207,94.96"
"1,053,999,123.39"
"1,118,223,240.67"
"1,450,088,252.89"
"1230421,32.64"
"1068073,44.35"
"1197880,28.61"
"1094580,99.11"
"1172938,53.55"
"1029830,34.08"
"1359667,48.93"
"1,377,423,216.56"
"1,310,816,175.36"
"1,316,805,189.16"
"12,595,911,529.61"
"1,167,271,587.36"
"1,201,964,440.10"
"1049973,85.76"
"1185564,86.84"
"1047036,46.08"
"1,209,578,553.40"
"1,416,876,676.77"
"11,134,921,079.14"
"1,029,884,150.16"
"1,497,894,120.64"
"1,300,128,216.01"
"13,008,281,029.63"
"1,394,735,564.60"
"13,396,411,132.72"
"1,395,056,129.34"
"1,015,576,106.63"
"1328783,45.87"
"1,208,849,338.49"
"1,242,697,192.28"
"1,359,281,170.57"
"1485050,67.48"
"1309096,84.02"
"1066654,73.25"
"1,333,325,728.78"
"1,065,376,309.27"
"1,392,342,136.46"
"1418086,60.1"
"1126584,66.67"
"1140959,37.66"
"1,313,505,268.95"
"1,117,255,315.43"
"1,266,859,491.85"
"1,352,627,121.55"
"1366366,99.94"
"1,476,169,119.54"
"1,372,662,147.04"
"1,226,797,185.52"
"1,296,700,506.37"
"1240353,48.59"
"1147081,45.43"
"1187416,40.98"
"1,261,102,452.58"
"1,458,629,322.54"
"1,242,716,311.70"
"1421036,50.31"
"1,346,652,107.34"
"1245436,48.64"
"1,198,242,316.54"
"1,045,821,158.38"
"1,443,036,218.15"
"11,739,722,025.09"
"1,026,093,688.83"
"1,050,787,470.62"
"1173917,97.86"
"1,401,571,118.53"
"1157221,58.0"
"1,005,375,701.58"
"1,046,037,677.23"
"11,794,941,189.26"
"1,351,594,122.70"
"1,004,476,121.32"
"1,108,850,230.20"
"1,243,144,975.22"
"1,152,066,456.28"
"12,225,181,081.54"
"1387120,94.01"
"1333542,84.1"
"1017181,70.36"
"1,272,397,102.75"
"1435758,43.78"
"1,373,049,134.06"
"1408547,82.56"
"1428679,46.85"
"1244464,37.98"
"1,384,377,539.55"
"1,488,118,405.17"
"1,228,826,262.76"
"1245151,48.94"
"1095362,44.35"
"1069078,45.51"
"1,049,725,279.14"
"1,187,024,270.59"
"1,135,586,383.46"
"1,277,897,155.78"
"1,269,737,165.59"
"1027610,81.03"
"1,365,843,152.34"
"1,086,058,241.31"
"1,219,724,318.22"
"1199897,33.38"
"1416231,37.0"
"1,391,175,254.73"
"1,140,599,267.45"
"1,099,643,334.05"
"1088269,84.06"
"1,073,405,130.60"
"1055745,40.33"
"1,472,617,370.17"
"1,230,428,233.39"
"1,040,401,342.93"
"1,113,951,187.89"
"1,095,435,168.62"
"1,363,338,113.88"
"1349382,76.04"
"1,035,972,123.28"
"1285850,48.07"
"1,116,211,227.28"
"1,221,446,415.28"
"1,067,824,309.79"
"1325209,40.65"
"1250269,99.43"
"1422706,90.37"
"1,276,177,362.42"
"1,129,647,197.71"
"1,270,817,243.01"
"1205675,13.9"
"1374416,58.42"
"1371785,44.61"
"1437236,32.38"
"1342334,67.32"
"1,015,263,157.00"
"1,005,610,775.43"
"1,207,270,275.12"
"1328618,22.3"
"1,263,164,106.53"
"1,370,636,162.42"
"1,052,297,184.21"
"1234483,46.98"
"1344207,39.36"
"1194915,33.65"
"1,450,536,122.60"
"1114215,58.05"
"1,076,467,389.07"
"1,013,988,542.95"
"1,410,873,267.79"
"1,026,962,280.32"
"1,003,254,279.27"
"1,267,865,208.12"
"1,226,940,114.35"
"1332638,48.06"
"1,105,644,252.41"
"1,336,298,287.99"
"1,443,390,351.53"
"1314804,43.12"
"1179911,89.82"
"1005967,44.38"
"1,419,947,186.95"
"1,364,329,159.77"
"1,229,710,161.41"
"1215604,32.46"
"1188630,40.96"
"1019807,25.56"
"1397082,50.72"
"1,004,160,227.32"
"1,009,831,585.18"
"1,386,562,249.51"
"1204381,27.13"
"1318327,25.82"
"1,087,987,127.06"
"1,057,435,130.26"
"1,178,120,197.42"
"1259676,19.09"
"1482446,32.51"
"1079506,24.33"
"1239800,79.13"
"1431582,27.34"
"1003568,48.58"
"1344720,26.53"
"1,440,313,119.71"
"1191198,47.21"
"1,437,760,410.17"
"1,279,562,358.01"
"1,204,132,149.78"
"1,398,096,793.82"
"1,494,166,225.25"
"1219707,78.19"
"1,317,056,150.26"
"1,281,517,148.24"
"1015899,81.18"
"1,154,251,127.07"
"1,216,050,106.74"
"1,270,599,286.16"
"1,217,407,171.52"
"1,095,052,176.03"
"1309274,15.45"
"1095238,36.38"
"1170773,77.21"
"1076486,74.16"
"1350206,22.07"
"1276836,21.66"
"1157695,87.56"
"1,010,666,315.06"
"1,436,514,163.95"
"1,147,480,100.65"
"1,218,947,184.04"
"1,050,335,238.71"
"1,171,256,178.99"
"1271548,33.11"
"1461471,15.7"
"1303550,75.26"
"1197899,27.41"
"1,223,492,191.84"
"1,058,027,118.88"
"1,342,205,128.48"
"1,359,066,993.36"
"1,191,706,324.81"
"1,051,218,344.04"
"1194601,37.05"
"1463442,79.29"
"1,391,735,478.72"
"1,237,811,511.86"
"1,015,345,746.74"
"1306276,87.21"
"1281383,68.46"
"1,019,593,177.45"
"1,239,125,398.60"
"1,494,423,301.16"
"1,231,512,699.55"
"1198829,25.34"
"1,330,395,107.08"
"1,090,050,143.29"
"1,285,816,124.43"
"1,452,241,113.14"
"1306442,32.42"
"1080063,56.44"
"1,242,898,407.39"
"1,180,697,338.37"
"1,111,935,206.62"
"1233504,42.26"
"1282522,26.52"
"1224947,53.69"
"1,102,338,158.60"
"1,036,719,230.40"
"1,061,800,288.68"
"1004280,88.97"
"1081737,81.14"
"1,240,408,149.02"
"1,423,030,127.87"
"1,180,839,220.42"
"1,235,293,288.11"
"1402334,37.13"
"1455922,34.33"
"1086605,24.76"
"1,324,560,204.25"
"1,258,874,184.87"
"1,464,606,115.98"
"1320138,34.42"
"1,140,900,117.14"
"1265408,40.89"
"1,299,126,226.40"
"1,034,569,224.97"
"1,142,696,171.32"
"1,138,175,632.50"
"1,105,308,233.41"
"1,109,747,240.98"
"1050057,53.37"
"1490235,70.64"
"1,126,706,397.87"
"1,372,959,383.96"
"1,030,230,525.53"
"1294042,77.62"
"1050893,59.45"
"1,499,803,223.11"
"1,223,585,419.71"
"1,464,318,166.53"
"1,363,250,550.72"
"1465396,33.4"
"1062525,59.15"
"1282663,29.03"
"1377031,39.89"
"1120331,43.22"
"1,406,956,267.16"
"1,091,889,553.70"
"1,211,590,114.53"
"1317126,24.1"
"1074826,30.72"
"1013839,28.37"
"1,085,749,198.37"
"1,377,992,210.41"
"1,050,861,113.29"
"1,348,062,147.95"
"1428528,42.12"
"1,205,756,131.90"
"1,109,233,132.37"
"1,037,514,205.45"
"1121475,17.57"
"1135573,26.76"
"1288571,31.96"
"1,382,800,160.64"
"1,344,633,109.77"
"1231476,74.97"
"1377282,49.15"
"1157321,67.49"
"1,391,149,359.56"
"1,017,288,346.49"
"1,324,180,108.45"
"12,643,501,238.65"
"1,121,765,353.12"
"1,458,080,297.16"
"1226279,45.64"
"1198368,50.07"
"1434682,62.65"
"1,339,805,439.51"
"1,316,313,517.48"
"1,259,982,670.92"
"1295018,53.41"
"1,324,344,104.73"
"1,318,994,184.08"
"1,297,230,839.26"
"1,143,198,355.06"
"1,247,498,819.58"
"1,326,313,159.53"
"1155844,46.04"
"1,395,026,167.62"
"1,180,389,296.32"
"1,164,822,112.62"
"1392770,89.2"
"1309919,45.99"
"1381318,47.82"
"1,088,812,431.84"
"1,483,907,385.54"
"1233536,84.56"
"1415482,47.15"
"1080169,26.86"
"1,374,582,227.33"
"1,280,402,191.82"
"1,273,131,330.57"
"1121169,67.34"
"1273251,70.04"
"1233241,60.13"
"1,092,200,116.53"
"1,313,319,128.61"
"1,319,982,144.10"
"1078039,52.43"
"1016178,38.98"
"1,163,661,367.54"
"1,051,496,218.87"
"1,023,579,124.30"
"1346863,67.07"
"1,224,175,104.60"
"1276697,30.3"
"1,369,746,239.40"
"1,036,027,205.12"
"1,396,041,168.70"
"1,165,135,299.90"
"1,280,129,134.29"
"1,170,036,172.61"
"1488157,44.45"
"1,487,745,124.33"
"1086065,63.3"
"1,004,297,220.73"
"1,281,725,367.93"
"1,347,240,183.07"
"1,366,721,119.28"
"1,154,649,103.45"
"1126082,47.82"
"1,477,870,313.27"
"1,069,963,150.26"
"1,153,258,234.27"
"1213120,27.6"
"1056340,22.92"
"1177540,50.6"
"1004822,25.76"
"1345635,54.63"
"1342550,31.4"
"1247389,27.99"
"1181846,94.4"
"1,423,783,137.25"
"1,064,603,639.58"
"1,227,396,298.42"
"1207359,57.78"
"1,457,058,130.83"
"1,162,178,165.34"
"1,110,725,178.43"
"1399983,30.58"
"1152804,34.48"
"1,292,007,132.11"
"1427732,36.05"
"1010463,63.31"
"1309036,23.97"
"1342610,61.98"
"1312991,48.66"
"1,479,327,372.29"
"1,490,132,335.13"
"1,003,511,155.33"
"1,296,483,593.56"
"1,159,992,526.58"
"1,257,518,320.71"
"1083984,72.47"
"1143378,71.8"
"1428130,71.79"
"1,247,809,494.30"
"1,040,825,610.38"
"1,008,440,234.35"
"1,114,881,132.23"
"1262540,57.0"
"1217335,31.57"
"1,365,771,281.62"
"1,441,890,185.33"
"1,253,878,419.57"
"1,156,598,100.80"
"1327940,86.95"
"1342187,72.71"
"1,056,722,100.94"
"1111500,58.16"
"1,483,718,177.25"
"1303708,82.21"
"1333239,94.85"
"1,227,875,280.68"
"1,403,092,382.19"
"1,195,341,216.51"
"1148358,17.44"
"1317712,29.54"
"1191899,22.17"
"1046904,73.28"
"1,097,512,161.73"
"1,124,932,144.80"
"1345447,33.36"
"1200189,17.69"
"1160436,60.87"
"1,401,432,106.82"
"1,289,683,167.70"
"1054533,32.73"
"1,213,514,106.35"
"1,404,278,218.12"
"1,122,707,373.98"
"1,056,683,129.25"
"1,020,966,527.15"
"1,470,747,207.70"
"1,018,571,111.19"
"1015655,31.6"
"1,422,465,116.39"
"1007336,17.4"
"1,283,002,280.71"
"1,125,834,565.77"
"1,152,981,318.84"
"1,356,764,123.75"
"1108099,97.05"
"1,138,894,103.57"
"1,485,722,258.44"
"1,378,174,301.89"
"1,043,846,222.32"
"1286080,30.01"
"1018712,24.29"
"1220358,58.76"
"1283339,38.77"
"1494589,37.55"
"1402753,45.25"
"1,278,056,101.19"
"1,253,078,576.42"
"1,281,581,219.87"
"1025533,19.21"
"1446457,86.04"
"1,287,283,124.17"
"1,178,769,138.54"
"1007301,45.43"
"1413481,50.23"
"1200731,63.05"
"1340912,38.99"
"1452440,47.87"
"1110848,70.32"
"1,088,449,425.75"
"1,474,845,475.62"
"1,135,110,141.46"
"11,347,861,649.98"
"1,008,071,342.53"
"1,018,869,442.91"
"1,011,543,162.78"
"1,197,470,308.27"
"1,399,101,236.37"
"1,449,984,955.83"
"11,770,981,036.39"
"12,720,831,248.73"
"1,391,435,177.28"
"1,279,057,128.69"
"1,009,044,168.91"
"12,147,521,798.60"
"1,078,901,882.75"
"12,872,881,634.58"
"1,192,132,249.25"
"1,234,402,197.08"
"1,232,750,165.84"
"1,268,984,214.44"
"1,073,550,225.52"
"1179236,72.62"
"1,061,973,235.12"
"1,330,467,178.85"
"1,355,488,152.41"
"1,185,139,721.96"
"1,051,818,921.07"
"1,397,206,320.91"
"1252654,79.81"
"1418909,97.65"
"1,386,036,449.67"
"1,002,589,746.49"
"1,198,931,485.13"
"1,225,988,105.66"
"1,076,920,146.62"
"1161079,51.64"
"1,236,099,155.81"
"1,195,643,322.15"
"1,307,333,579.62"
"1467437,55.58"
"1020490,37.96"
"1465107,43.56"
"1,121,637,879.74"
"1,408,811,503.32"
"1,003,760,311.31"
"1,155,995,174.59"
"1,399,262,292.45"
"1,238,090,170.15"
"1,446,578,550.26"
"1,386,889,527.84"
"1,273,910,535.72"
"1,001,412,535.92"
"1,495,114,191.55"
"1,271,646,191.29"
"1332352,41.46"
"1211448,68.85"
"1372618,54.43"
"1,421,532,481.96"
"1,239,742,419.74"
"1,391,392,513.92"
"1,468,082,276.91"
"1,249,067,210.25"
"1,416,643,284.55"
"1,364,414,260.45"
"1,350,437,377.68"
"1,091,337,480.17"
"1127292,33.19"
"1072941,43.8"
"1184440,36.65"
"1329008,64.04"
"1064715,28.35"
"1218158,44.55"
"1,449,013,450.35"
"1,323,236,369.77"
"1,211,901,188.78"
"1458394,28.0"
"1390196,25.33"
"1325001,61.43"
"1,249,518,183.93"
"1,303,070,112.15"
"1,089,683,174.14"
"1,162,091,120.50"
"1,211,267,144.79"
"1,180,457,262.57"
"1,411,070,238.31"
"1283293,24.58"
"1244005,15.78"
"1299438,68.85"
"1188409,29.11"
"1050592,39.29"
"1036190,77.03"
"1184567,19.88"
"1,148,182,340.06"
"1,015,560,530.68"
"1,251,542,175.38"
"1,245,457,638.33"
"1,467,164,401.67"
"1,075,689,257.66"
"1258805,28.6"
"1390444,65.31"
"1125927,57.99"
"1,201,006,397.14"
"1,062,733,540.62"
"1,187,527,361.32"
"1,478,521,102.68"
"1,126,260,109.24"
"1,088,641,230.00"
"1,461,461,325.29"
"1,246,057,531.63"
"1,224,798,506.34"
"1242930,33.2"
"1133031,63.05"
"1313303,27.95"
"1,003,426,693.35"
"1,429,396,610.43"
"1,400,252,125.35"
"1485905,27.61"
"1,108,200,116.25"
"1277378,98.48"
"1,316,737,105.76"
"1,031,656,110.31"
"1427372,74.62"
"1,326,753,126.35"
"1166693,81.73"
"1,196,826,168.60"
"1,254,639,224.07"
"1471596,26.77"
"1,308,655,156.78"
"1407630,37.29"
"1360628,54.72"
"1396228,30.49"
"1384266,48.53"
"1369149,27.08"
"1,101,374,350.70"
"1,284,482,185.75"
"1,455,381,225.84"
"13,069,351,449.72"
"1,399,041,405.32"
"1,129,929,520.64"
"1,230,094,113.04"
"1,186,826,189.34"
"1,029,555,100.86"
"1,234,117,926.95"
"13,423,521,059.61"
"13,649,191,307.72"
"1,479,955,137.15"
"1,456,560,126.82"
"1,105,933,285.36"
"13,390,341,630.08"
"1,473,553,710.93"
"11,288,321,699.19"
"1327909,96.83"
"1141823,42.83"
"1115349,89.83"
"1,295,236,182.26"
"1,257,211,135.12"
"1,243,692,104.68"
"1,442,994,128.03"
"1,113,589,137.57"
"1,202,702,835.28"
"1,139,996,349.51"
"1,268,487,253.80"
"1063639,46.66"
"1342445,36.12"
"1080952,35.47"
"1,488,050,736.79"
"1,057,752,957.27"
"1,125,151,827.25"
"1,176,349,157.44"
"1,216,741,152.52"
"1,020,876,126.51"
"1,013,212,151.01"
"1,314,432,252.09"
"1,437,923,440.11"
"1015842,38.18"
"1244026,51.08"
"1,394,171,458.07"
"1,358,455,373.85"
"1,214,772,259.74"
"1445388,67.4"
"1,116,026,154.08"
"1,485,405,151.40"
"1,115,994,257.81"
"1,088,835,204.53"
"1,223,314,459.27"
"1,117,594,716.18"
"1,246,456,591.58"
"1,384,107,260.67"
"1243607,56.22"
"1078594,39.86"
"1424863,70.95"
"1,401,181,304.16"
"1,186,995,387.77"
"1,158,925,548.73"
"1194476,89.34"
"1356515,92.45"
"1,063,805,151.20"
"1,026,340,503.05"
"1,314,539,279.97"
"1,304,421,591.74"
"1,026,497,111.94"
"1243434,99.39"
"1,349,423,112.99"
"1440330,76.18"
"1,413,653,411.94"
"1,443,157,260.66"
"1470635,98.77"
"1096268,67.57"
"1393626,58.88"
"1,177,199,590.00"
"1,419,882,958.34"
"1,193,613,634.87"
"1094126,36.34"
"1163148,46.76"
"1331608,27.11"
"1,225,453,173.74"
"1,100,128,176.86"
"1,152,619,365.23"
"1465064,40.11"
"1197882,40.3"
"1204356,43.6"
"1,450,571,237.97"
"1,146,852,117.00"
"1,465,517,156.65"
"1170587,42.94"
"1,008,749,112.52"
"1,383,333,103.64"
"1,054,024,315.49"
"1,492,548,330.54"
"1,471,695,315.26"
"1,492,614,195.11"
"1,203,473,277.70"
"1079689,87.91"
"1341115,23.88"
"1272743,75.58"
"1090971,76.67"
"1,143,939,170.39"
"1,213,249,356.68"
"1,160,226,281.31"
"1164145,59.47"
"1,359,621,121.50"
"1,187,272,335.55"
"1,382,421,385.41"
"1,150,058,276.53"
"1191625,32.39"
"1233904,36.84"
"1233177,92.2"
"1076029,53.92"
"1046255,38.93"
"1322786,36.67"
"1,015,528,230.47"
"1,282,016,879.45"
"1,452,067,481.46"
"1492120,36.23"
"1466652,26.75"
"1288325,88.52"
"1,037,408,167.81"
"1,365,916,234.69"
"1284677,30.4"
"1495316,30.42"
"1076663,55.43"
"1,497,718,127.15"
"1122583,74.35"
"13,259,821,030.80"
"12,089,341,134.44"
"1,321,456,194.30"
"1,497,813,427.69"
"1,008,981,368.61"
"1,157,473,104.32"
"1426499,35.14"
"1,308,175,102.96"
"1,241,732,449.51"
"1,334,443,572.19"
"1,075,943,363.44"
"1,212,040,143.97"
"1,053,730,167.82"
"1397334,72.96"
"1,268,218,227.70"
"1,451,189,240.15"
"1,331,816,235.65"
"1366276,45.03"
"1451380,69.12"
"1349650,28.94"
"1,495,032,120.92"
"1,135,341,342.45"
"1,205,389,273.03"
"1,481,863,119.34"
"1,231,863,146.88"
"1,265,192,143.55"
"1249151,19.22"
"1348889,27.55"
"1053804,69.36"
"1086984,20.7"
"1199192,82.66"
"1306328,38.6"
"1,357,661,415.67"
"1,248,502,506.41"
"1,117,929,202.20"
"1,255,407,445.86"
"1,462,608,357.55"
"1,194,957,113.77"
"1489860,71.52"
"1369461,93.09"
"1341913,57.02"
"1,080,389,276.79"
"1,434,408,432.02"
"1,169,445,476.56"
"1,298,757,140.20"
"1,170,261,134.25"
"1,075,384,230.52"
"1,258,354,605.34"
"1,297,968,252.12"
"1,329,810,394.83"
"1029581,99.69"
"1254729,64.55"
"1217471,61.0"
"1409129,22.35"
"1,323,505,188.81"
"1292034,95.77"
"1242088,42.72"
"1181744,31.29"
"1483645,89.8"
"1,318,631,197.20"
"1,201,137,500.25"
"1,320,819,315.16"
"1084671,24.75"
"1353433,22.79"
"1052630,30.93"
"1,289,665,129.27"
"1,131,674,149.60"
"1,099,347,271.38"
"1401309,23.68"
"1211649,30.78"
"1249940,17.72"
"1,015,328,213.26"
"1268573,30.68"
"1236946,76.22"
"1181712,75.84"
"1053488,38.55"
"1,134,014,305.50"
"1,253,246,311.72"
"1,158,599,205.56"
"11,232,141,506.14"
"1,161,630,855.87"
"1,034,885,234.16"
"1448825,29.57"
"1120835,68.42"
"1436307,49.68"
"1,121,988,560.66"
"1,163,226,623.55"
"1,111,122,863.52"
"1,401,754,114.05"
"1,480,288,107.39"
"1,053,207,244.88"
"1,349,184,385.77"
"1,271,696,282.99"
"1,169,730,936.36"
"1113162,92.41"
"1477586,72.71"
"1288584,96.11"
"1,433,314,100.11"
"1240273,74.94"
"1,407,667,129.44"
"1476887,47.35"
"1105919,50.22"
"1,251,406,572.55"
"1,223,600,380.56"
"1,083,097,276.14"
"1450412,33.14"
"1190838,32.39"
"1434166,26.45"
"1,322,878,229.52"
"1,061,276,260.72"
"1,210,001,253.36"
"1207310,98.46"
"1,106,904,127.14"
"1,012,771,100.20"
"1,161,036,103.54"
"1,106,662,226.56"
"1,047,465,345.63"
"1415287,22.93"
"1,011,931,498.85"
"1,281,482,290.78"
"1,403,343,161.96"
"1321976,34.45"
"1307302,43.38"
"1410444,72.63"
"1,432,009,397.02"
"1,086,708,202.48"
"1,246,312,254.48"
"1,108,704,904.31"
"1,029,294,273.39"
"1,160,680,123.77"
"1049158,23.63"
"1174176,53.79"
"1,278,821,539.19"
"1,478,370,561.15"
"1,312,971,682.09"
"1,466,260,104.74"
"1145664,67.95"
"1,091,873,209.08"
"1,388,739,493.33"
"1,123,649,294.72"
"1,346,060,914.82"
"1073283,64.27"
"1180736,33.06"
"1335892,37.33"
"1419869,40.36"
"1,062,551,130.60"
"1170240,33.86"
"1116916,43.24"
"1,221,310,557.59"
"1,367,131,374.73"
"1,434,558,193.61"
"1260085,21.97"
"1426036,23.41"
"1,427,226,146.44"
"1,322,332,205.65"
"1,133,401,153.54"
"1,291,135,236.28"
"1,041,163,186.18"
"1,386,673,175.41"
"1474949,90.28"
"1,176,325,211.56"
"1,432,968,220.82"
"1220063,30.07"
"1,039,116,184.07"
"1,189,397,119.67"
"1345375,68.87"
"1118233,41.03"
"1250158,81.99"
"1465066,43.41"
"1,304,645,337.75"
"1,237,295,200.36"
"1,487,998,165.15"
"1,481,640,655.30"
"1,317,164,220.96"
"1,304,520,182.91"
"1492792,46.76"
"1374168,49.84"
"1088611,55.84"
"1,439,151,270.41"
"1,195,576,662.80"
"1,483,750,386.17"
"1062418,92.73"
"1,059,894,192.54"
"1,347,832,230.16"
"1,483,614,431.51"
"1,190,208,481.94"
"1,202,850,595.61"
"1298775,21.83"
"1359223,57.58"
"1093737,48.0"
"1187473,86.66"
"1199424,56.53"
"1308216,30.0"
"1,159,875,371.77"
"1,322,431,484.01"
"1,085,341,290.27"
"1089204,22.17"
"1336904,75.97"
"1208448,73.84"
"1062961,80.57"
"1027373,69.01"
"1,308,725,145.52"
"1,484,976,143.54"
"1,375,569,254.26"
"1,355,980,242.07"
"1135504,30.35"
"1073318,37.47"
"1,222,266,183.55"
"1377152,45.14"
"1094996,46.83"
"1286897,33.48"
"1228388,61.12"
"1081769,27.31"
"1,246,239,328.38"
"1,449,224,178.97"
"1,271,981,552.84"
"1,485,637,338.24"
"1,039,889,378.88"
"1,475,390,284.57"
"1229473,62.49"
"1235986,43.4"
"1,080,282,240.52"
"1,277,521,305.10"
"1,043,169,338.91"
"1284152,57.02"
"1356966,61.72"
"1,253,476,355.02"
"1,066,603,207.46"
"1,067,839,476.16"
"1447666,90.26"
"1,074,218,117.57"
"1423664,58.88"
"1298065,71.86"
"1,280,070,149.17"
"1,137,944,124.79"
"1220571,40.18"
"1176816,33.11"
"1141693,50.71"
"1,325,594,220.51"
"1,439,857,531.07"
"1,022,986,240.60"
"1378610,29.22"
"1,339,820,116.19"
"1,410,872,193.58"
"1,203,499,272.27"
"1262302,50.86"
"1386974,35.3"
"1,413,707,141.91"
"1,424,985,152.75"
"1,059,461,159.01"
"1012027,54.53"
"1,082,700,109.97"
"1398879,50.52"
"1,221,540,254.14"
"1,176,220,280.12"
"1,335,217,122.04"
"13,751,451,210.73"
"1,232,446,393.84"
"1,219,527,322.01"
"1092729,48.23"
"1050512,99.69"
"1,184,847,100.33"
"1,120,021,717.11"
"1,233,269,641.81"
"1,279,653,657.25"
"1,217,530,121.34"
"1,042,152,108.73"
"1,328,139,125.88"
"1,253,767,909.63"
"1,112,072,429.97"
"1,314,712,990.97"
"1,308,254,150.49"
"1089466,85.96"
"1208353,48.67"
"1062487,70.96"
"1119057,82.6"
"1153580,96.55"
"1219740,92.25"
"1010045,78.34"
"1187793,69.09"
"1,020,875,657.30"
"1,371,692,740.17"
"1,492,646,228.31"
"1161652,39.61"
"1497911,18.11"
"1004232,35.4"
"1115848,73.43"
"1,213,692,116.42"
"1,002,479,240.00"
"1352791,90.95"
"1,022,048,126.33"
"1157925,52.62"
"1,186,515,115.35"
"1,319,069,246.76"
"1,037,754,333.08"
"1085711,53.45"
"1004153,30.91"
"1,238,303,242.21"
"1,378,441,330.79"
"1,462,001,190.74"
"1196539,43.8"
"1,161,308,134.78"
"1397871,65.72"
"1,037,885,613.83"
"1,319,718,427.83"
"1,390,667,249.59"
"1,233,869,969.64"
"1,466,568,549.09"
"1,426,126,194.80"
"1101512,49.83"
"1,395,659,113.37"
"1458507,45.9"
"1,477,758,253.69"
"1,144,948,323.95"
"1,254,131,353.55"
"1217244,75.65"
"1,406,743,100.87"
"1,324,643,154.21"
"1,324,958,505.12"
"1,424,470,228.00"
"1,092,214,436.60"
"1344049,76.54"
"1412025,36.48"
"1413454,36.92"
"1,031,835,188.00"
"1,422,855,101.94"
"1086615,36.11"
"1323979,53.12"
"1043534,50.51"
"1,050,959,274.93"
"1,154,217,421.80"
"1,144,372,255.62"
"1173361,49.95"
"1351470,39.0"
"1407648,29.38"
"1023444,92.93"
"1,096,870,164.08"
"1,099,632,169.14"
"1487270,62.35"
"1062966,81.05"
"1,100,362,114.13"
"1170010,92.62"
"1355770,53.29"
"1434827,68.29"
"1379557,28.47"
"1,138,409,346.86"
"1,216,607,405.11"
"1,140,632,160.49"
"1,262,649,477.92"
"1,454,285,304.22"
"1,313,597,201.86"
"1,308,392,138.88"
"1383499,81.59"
"1,182,008,232.43"
"1,108,691,288.25"
"1,010,460,267.15"
"1297433,97.58"
"1,086,204,105.77"
"1,483,482,153.25"
"1,225,876,225.34"
"1,246,650,422.87"
"1,257,911,314.11"
"1125328,20.96"
"1197754,15.81"
"1344086,18.39"
"1424511,54.01"
"1221607,24.04"
"1,204,510,206.13"
"11,999,941,178.19"
"14,846,971,449.30"
"1,176,447,119.06"
"1,183,783,233.91"
"1,206,185,279.25"
"1,299,729,107.60"
"1388295,96.5"
"1,406,361,130.76"
"1067321,48.13"
"1234400,20.89"
"1120564,30.82"
"1489262,25.56"
"1425117,28.73"
"1,198,791,110.39"
"1089505,49.29"
"1,190,103,337.03"
"1,280,026,367.40"
"1,387,983,155.48"
"14,765,351,327.72"
"1,301,842,358.94"
"1,292,390,369.62"
"1165522,89.65"
"1,009,702,817.07"
"1,350,701,864.85"
"1,398,262,958.97"
"1,191,829,139.30"
"1,025,776,121.31"
"1,378,503,150.30"
"11,186,211,059.20"
"1,056,163,563.31"
"11,017,101,125.60"
"1,458,214,124.24"
"1259675,52.77"
"1,037,655,135.85"
"1,409,671,137.33"
"1177882,98.57"
"1474866,46.88"
"1,374,584,101.08"
"1,190,669,111.82"
"1,352,572,724.76"
"10,057,461,110.99"
"14,112,451,522.44"
"1238801,43.74"
"1,115,132,173.43"
"1,060,474,177.90"
"1,228,275,212.27"
"1,434,146,164.73"
"1,200,598,247.11"
"1,441,064,106.01"
"1,141,743,124.46"
"1,302,001,199.80"
"1,486,369,389.70"
"1246974,31.7"
"1248779,42.08"
"1339197,33.73"
"1,402,996,239.49"
"1,449,142,279.42"
"1,418,001,301.78"
"1,146,210,196.01"
"1,187,686,182.06"
"1,418,147,363.48"
"1,485,809,400.06"
"1,043,605,134.63"
"10,808,471,597.45"
"1,398,435,450.85"
"1,371,135,465.24"
"1043720,98.22"
"1,025,542,224.60"
"1,119,951,259.26"
"1,480,585,897.37"
"1,234,168,724.44"
"10,870,041,148.45"
"1442356,80.04"
"1,083,028,135.05"
"1,321,966,105.78"
"1,098,456,732.87"
"1,063,221,584.88"
"14,403,441,277.21"
"1154798,65.82"
"1131843,78.72"
"1024786,60.11"
"1018646,76.35"
"1161371,94.11"
"1,048,501,158.21"
"1023603,92.9"
"1319320,47.96"
"1,141,028,540.87"
"14,738,861,933.11"
"11,791,871,591.55"
"1055877,33.32"
"1268268,14.69"
"1486257,43.91"
"1,306,275,249.73"
"1,066,926,557.79"
"1,120,725,528.29"
"1,398,797,215.55"
"1,303,545,138.47"
"1,108,197,276.74"
"1,017,418,140.10"
"1,448,674,181.76"
"1,246,959,367.44"
"1438615,38.08"
"1207693,25.06"
"1,074,655,154.54"
"1,207,218,247.09"
"1,341,714,180.18"
"1153639,54.86"
"1,327,333,174.21"
"1,110,397,126.96"
"1,079,487,431.54"
"1,321,232,284.67"
"1,340,547,346.72"
"1,419,545,818.34"
"1,438,700,462.81"
"1,490,626,218.32"
"1445257,70.85"
"1,220,195,115.35"
"1493330,52.55"
"1,474,661,313.93"
"1,139,300,459.65"
"1,356,975,426.45"
"1058569,78.57"
"1,168,881,101.48"
"1,243,006,145.98"
"1,231,562,317.74"
"1,380,398,257.19"
"1,451,076,482.06"
"1290880,97.22"
"1175047,55.86"
"1262231,75.56"
"1225233,48.75"
"1,058,055,116.68"
"1,442,612,148.80"
"1482028,23.25"
"1313959,41.66"
"1443246,66.74"
"1,333,880,363.60"
"1,278,260,696.53"
"11,119,931,452.94"
"1423053,27.16"
"1156628,46.15"
"1412836,27.13"
"1,060,602,147.71"
"1,045,125,178.38"
"1,471,235,215.57"
"1187402,52.93"
"1301591,40.13"
"1,016,003,187.43"
"1081991,30.22"
"1,277,408,258.45"
"1207788,39.26"
"1245764,99.01"
"1,317,197,134.54"
"1,040,219,329.70"
"1,173,687,336.73"
"1,296,046,280.73"
"1,436,947,332.10"
"1,463,455,339.02"
"1494714,77.4"
"1476851,95.9"
"1299966,57.54"
"1,326,395,245.76"
"1,345,683,297.66"
"1,101,904,317.00"
"1441260,61.46"
"1446201,71.73"
"1190997,95.11"
"1,301,304,336.31"
"1,144,863,246.34"
"1,174,088,385.27"
"1051272,79.67"
"1011891,41.13"
"1,002,603,138.56"
"1122401,64.61"
"1,488,449,108.36"
"1373162,95.37"
"1457528,46.35"
"1324129,31.85"
"1380755,63.05"
"1,088,344,300.46"
"11,876,571,457.73"
"12,176,251,458.42"
"1010075,32.82"
"1366226,26.57"
"1318189,22.14"
"1,023,440,141.16"
"1,440,463,213.56"
"1,236,945,282.33"
"1025898,36.81"
"1364592,35.69"
"1255632,32.54"
"1015273,53.36"
"1319788,49.43"
"1,077,979,130.11"
"1008708,35.11"
"1,366,207,162.59"
"1,068,662,101.91"
"1,401,313,486.55"
"1,053,169,410.34"
"1,031,733,207.63"
"10,393,512,813.10"
"14,587,881,273.56"
"1,054,832,563.98"
"1,039,434,117.01"
"1,203,731,455.42"
"1,265,885,275.52"
"1,137,245,837.19"
"10,051,081,084.84"
"14,953,602,176.30"
"1008310,68.14"
"1,247,851,100.69"
"1,123,603,208.58"
"11,907,551,880.91"
"1,327,025,978.59"
"14,807,771,834.67"
"1,445,154,280.67"
"1,092,272,258.40"
"1,404,661,177.79"
"1,182,532,306.52"
"1,018,735,383.99"
"1,354,339,124.66"
"1,022,252,157.10"
"1,134,200,170.76"
"1,174,768,145.99"
"12,475,851,026.40"
"11,582,732,036.10"
"13,889,743,530.68"
"1203113,93.36"
"1307339,75.92"
"1283478,75.75"
"1,260,334,478.26"
"1,159,714,551.76"
"1,240,702,630.10"
"1,046,412,201.69"
"1,416,216,216.54"
"1,399,206,174.19"
"1,191,200,212.34"
"1,350,025,236.35"
"1,182,678,696.17"
"1303698,63.8"
"1,269,144,184.24"
"1,057,182,151.15"
"1,358,932,646.78"
"1,479,104,595.31"
"1,143,283,398.45"
"1178919,96.23"
"1,264,605,270.36"
"1,451,598,226.34"
"1,351,595,534.27"
"1,210,385,437.76"
"1,331,672,297.65"
"1,452,835,803.53"
"1,107,789,280.07"
"1,040,567,207.56"
"1321701,40.8"
"1060939,86.31"
"1368710,98.36"
"1,269,822,465.59"
"1,205,987,491.05"
"1,083,211,700.76"
"1124507,89.47"
"1,489,316,107.13"
"1,363,348,200.86"
"1,455,580,165.18"
"1,292,670,261.85"
"1,253,435,442.84"
"1064665,34.6"
"1421206,40.13"
"1305159,75.88"
"1492774,25.34"
"1234039,49.47"
"1,338,235,455.03"
"10,247,271,500.26"
"13,107,451,428.95"
"1200785,23.41"
"1119669,27.37"
"1,037,739,228.10"
"1,120,329,301.11"
"1,394,634,519.41"
"1073553,68.68"
"1448370,41.29"
"1486661,89.9"
"1,187,584,119.56"
"1,356,002,204.59"
"1204487,43.97"
"1,262,046,174.92"
"1157702,86.28"
"1092873,88.01"
"1093184,72.6"
"1,393,228,144.45"
"1325788,74.74"
"1,144,332,329.98"
"1,366,879,190.71"
"1,420,568,179.69"
"13,429,091,128.22"
"1,064,720,400.19"
"1,364,543,475.71"
"1125921,81.48"
"1,348,282,312.14"
"1,016,091,264.70"
"1,202,667,990.44"
"12,615,171,005.00"
"13,695,861,207.29"
"1,160,121,108.63"
"1106959,95.3"
"1,342,441,271.94"
"1,316,821,843.92"
"1,210,130,726.86"
"11,406,431,664.55"
"1135420,97.46"
"1492186,92.95"
"1249257,50.2"
"1,429,990,129.97"
"1,116,838,148.39"
"1,117,923,130.84"
"1,330,209,135.15"
"1,038,561,111.54"
"1478318,80.24"
"1,024,894,669.10"
"13,924,301,001.74"
"12,134,781,603.07"
"1345224,54.99"
"1310051,37.62"
"1173186,51.24"
"1,169,576,483.19"
"1,485,377,590.94"
"1,177,585,601.16"
"1,345,983,118.16"
"1,099,423,111.97"
"1,221,805,116.09"
"1,441,768,123.93"
"1,395,760,265.90"
"1,313,089,410.09"
"1390256,54.07"
"1248845,26.4"
"1156707,46.5"
"1,310,941,214.25"
"1,115,483,407.35"
"1,028,984,259.15"
"1,450,974,104.81"
"1,463,839,259.78"
"1,464,601,193.43"
"1,169,044,249.31"
"1,384,942,142.79"
"1,265,199,257.50"
"1,378,453,328.55"
"1,093,815,242.20"
"1,174,471,150.12"
"1450413,44.35"
"1,181,114,107.18"
"1289757,64.21"
"1,330,961,231.71"
"1,141,504,262.34"
"1,448,531,265.15"
"1,459,846,110.12"
"1305429,57.77"
"1,397,198,112.90"
"1,301,951,327.06"
"1,208,838,154.10"
"1,237,898,397.33"
"1,261,905,105.52"
"1360663,48.35"
"1144479,54.38"
"1167503,47.04"
"1044692,91.56"
"1031861,70.04"
"1335769,24.71"
"1187170,37.39"
"1181252,69.25"
"1,368,162,276.96"
"1,415,138,958.93"
"11,930,163,268.96"
"1084048,23.18"
"1207506,26.17"
"1,469,529,124.35"
"1,036,170,167.14"
"1,210,510,244.69"
"1482952,29.24"
"1472409,99.36"
"1281529,30.65"
"1487198,46.6"
"1315664,85.43"
"1,118,423,108.03"
"1,434,063,221.30"
"1,263,261,322.53"
"1,082,781,206.98"
"1,100,468,236.36"
"1,253,533,259.66"
"1014561,59.41"
"1258934,25.57"
"1,120,103,114.04"
"1,374,185,101.49"
"1,075,306,148.87"
"1,169,426,234.79"
"1,291,261,225.97"
"1,495,363,130.37"
"1,118,413,128.53"
"1269378,77.71"
"1,199,865,185.45"
"1,077,412,116.43"
"1,348,536,264.80"
"1097133,50.78"
"1290655,25.13"
"1077679,98.9"
"1439494,37.07"
"1433619,41.35"
"1128880,53.74"
"1,243,985,202.32"
"10,709,412,651.53"
"13,531,722,659.53"
"1208514,47.56"
"1,244,188,116.38"
"1,455,534,136.90"
"1,489,659,125.59"
"1030078,33.59"
"1001197,31.36"
"1308794,27.41"
"1108362,41.45"
"1020645,74.04"
"1281325,43.46"
"1066967,80.6"
"1365889,62.22"
"1,343,311,235.87"
"1,250,260,326.94"
"1,162,339,148.81"
"1,030,648,363.51"
"1,414,470,390.87"
"1,206,235,218.44"
"1221682,67.44"
"1,106,393,159.36"
"1035721,78.2"
"1,087,871,231.12"
"1,379,891,347.22"
"1,094,102,338.09"
"1250170,43.62"
"1206421,42.34"
"1065768,94.7"
"1,420,866,771.97"
"1,384,303,272.68"
"1,492,503,974.74"
"1,282,002,152.05"
"1,232,383,124.79"
"1,031,538,157.69"
"1,100,491,141.82"
"1,435,819,307.08"
"1,309,581,281.60"
"1,036,796,119.46"
"1261157,83.21"
"1302794,67.15"
"1,201,394,530.71"
"12,965,042,405.51"
"1,499,679,694.17"
"1451848,75.07"
"1458319,29.9"
"1407581,80.59"
"1,179,641,116.66"
"1,096,729,184.59"
"1,320,108,195.48"
"1297446,38.03"
"1370348,31.12"
"1348122,36.14"
"1,297,802,167.96"
"1,484,227,165.50"
"1,288,784,222.11"
"1371280,91.83"
"1,083,200,267.26"
"1,085,758,230.26"
"1,265,318,321.78"
"1,429,831,334.81"
"1,426,244,171.26"
"1,352,817,115.29"
"1,113,019,134.40"
"1,242,607,189.70"
"1482963,25.55"
"1199864,97.78"
"1039188,28.56"
"1,217,775,178.20"
"1,049,172,286.34"
"1,341,158,166.49"
"1,201,589,130.20"
"1,455,472,125.52"
"1,187,456,232.09"
"1,265,839,194.79"
"1,239,656,100.45"
"1,000,718,208.34"
"1,264,561,606.91"
"11,680,021,386.65"
"1024017,73.28"
"1,215,404,119.50"
"1,364,881,131.83"
"1443887,38.94"
"1372842,29.06"
"1179491,77.85"
"1,384,763,376.43"
"1,421,944,448.99"
"1,123,531,144.30"
"1,433,764,459.82"
"1,218,844,247.04"
"1,393,553,233.59"
"1498558,43.41"
"1,248,411,137.77"
"1119891,92.27"
"1,134,540,236.54"
"1,205,802,224.34"
"1,333,839,278.40"
"1,008,228,127.15"
"1322554,42.33"
"1,318,647,158.42"
"1,005,046,152.95"
"1,141,626,199.16"
"1283654,39.35"
"1486308,34.23"
"1293396,32.41"
"1399766,46.3"
"1,166,085,109.98"
"1,110,338,665.48"
"1,207,811,765.63"
"1438086,92.16"
"1,363,283,143.08"
"1,110,918,205.15"
"1349592,29.18"
"1342523,53.31"
"1406013,19.68"
"1371746,95.93"
"1107668,67.97"
"1,188,873,338.85"
"1,082,167,453.39"
"1247782,60.24"
"1,262,997,807.75"
"1,306,516,355.41"
"1,495,174,349.41"
"1005749,61.46"
"1183147,90.8"
"1200860,87.13"
"1,071,899,370.69"
"1,292,844,629.60"
"1,494,860,827.41"
"1,152,188,127.50"
"1,343,240,103.15"
"1,144,366,204.61"
"1,083,360,577.81"
"1,464,492,446.65"
"1,410,292,725.32"
"1262439,40.99"
"1314337,47.92"
"1163248,47.31"
"1463809,42.28"
"1375249,55.66"
"1203857,41.93"
"1,070,361,373.34"
"12,202,421,428.53"
"10,595,731,383.45"
"1021833,30.78"
"1,036,457,109.55"
"1,393,518,293.21"
"1,316,397,292.83"
"1,141,482,139.53"
"1179973,80.36"
"1,328,615,111.92"
"1,300,805,149.38"
"1,339,840,253.07"
"1,174,462,263.25"
"1469796,34.52"
"1209362,34.52"
"1,220,175,219.93"
"1,327,688,158.98"
"1015470,75.48"
"1144435,43.85"
"1,477,507,144.40"
"1,154,235,140.97"
"1,388,700,293.16"
"1,105,982,388.85"
"1,489,328,339.83"
"1,374,002,691.29"
"1,496,261,449.73"
"1,082,037,159.71"
"1084054,35.58"
"1,352,895,157.61"
"1,292,821,105.82"
"1,129,168,515.04"
"1,264,719,375.35"
"1,063,433,319.81"
"1,121,476,129.03"
"1042807,74.86"
"1,299,296,193.98"
"1,306,922,418.54"
"1,251,960,335.73"
"1,309,172,422.45"
"1263027,54.64"
"1103179,30.55"
"1038455,15.04"
"1400057,16.9"
"1165697,43.87"
"1211628,16.86"
"1166812,33.0"
"1,031,818,418.30"
"14,280,851,516.93"
"13,936,671,470.35"
"1150997,23.38"
"1,475,740,136.73"
"1217172,88.44"
"1283271,67.42"
"1416267,29.6"
"1112607,54.84"
"1055978,96.96"
"1,428,646,155.49"
"1,481,278,281.34"
"1219117,18.9"
"1,371,113,124.91"
"1362746,66.02"
"1218991,30.36"
"1311688,45.13"
"1,225,458,133.40"
"1236383,66.05"
"1,289,252,259.09"
"1,459,901,147.91"
"1,044,369,386.77"
"1,351,984,263.20"
"1,495,883,273.90"
"1015693,83.44"
"1166240,96.82"
"1,210,629,119.98"
"1,294,220,172.20"
"1,131,461,198.62"
"1,309,361,242.68"
"1320833,60.41"
"1,473,225,113.69"
"1394143,38.11"
"1,071,457,447.12"
"1,379,826,231.98"
"1,318,359,635.66"
"1100027,79.07"
"1034668,95.98"
"1373404,76.65"
"1061702,58.38"
"1,293,336,115.33"
"1,095,728,197.69"
"1262915,38.46"
"1295197,74.54"
"1435279,83.35"
"1,464,491,258.19"
"12,222,222,439.92"
"1,390,452,906.08"
"1463302,35.06"
"1489802,92.31"
"1,292,473,125.57"
"1,029,622,197.67"
"1117073,43.34"
"1284109,17.0"
"1141262,35.16"
"1171808,66.03"
"1384634,67.92"
"1,159,030,132.57"
"1325434,78.32"
"1,295,977,157.62"
"1057561,95.76"
"1,247,779,279.74"
"1,047,110,313.13"
"1,362,773,120.32"
"1,332,437,719.92"
"1,100,676,674.23"
"1,363,993,172.74"
"1237367,60.05"
"1462537,83.41"
"1313449,69.96"
"1,053,666,265.22"
"1,302,251,391.38"
"1,004,481,348.32"
"1,334,411,123.27"
"1,191,055,102.00"
"1220798,70.43"
"1,394,510,453.96"
"1,336,265,269.06"
"1,451,719,700.66"
"1068035,96.71"
"1224034,99.52"
"1115000,94.26"
"1,444,878,128.34"
"1,149,258,212.60"
"1342462,29.36"
"1433039,31.28"
"1374485,35.02"
"1,359,908,378.93"
"1,372,928,648.70"
"14,624,561,510.08"
"1443654,22.2"
"1315946,40.25"
"1,179,239,149.95"
"1,188,742,214.39"
"1,150,146,257.22"
"1277261,72.26"
"1167783,50.02"
"1279968,34.35"
"1,320,507,126.69"
"1350935,63.95"
"1,197,052,156.90"
"1029579,42.32"
"1304742,91.43"
"1,452,669,343.97"
"1,085,737,360.15"
"1,463,122,216.35"
"1,284,072,179.31"
"1,394,210,136.02"
"1025091,77.09"
"1074887,51.4"
"1254262,90.91"
"1040334,70.86"
"1,424,569,130.32"
"1,197,276,212.10"
"1,452,472,333.84"
"1321401,92.43"
"1376468,96.16"
"1420185,49.9"
"1,282,937,196.14"
"1170153,90.91"
"1,449,399,223.19"
"1274790,53.08"
"1310614,69.67"
"1456931,81.23"
"1203967,72.48"
"1079069,30.43"
"1007858,49.24"
"1294120,31.96"
"1,300,983,170.24"
"1,321,774,983.48"
"12,375,202,198.45"
"1,347,075,153.31"
"1239241,73.58"
"1,205,726,169.17"
"1047124,22.51"
"1406091,27.04"
"1,254,479,187.35"
"1121561,17.36"
"1076788,31.04"
"1183423,39.23"
"1,486,846,126.11"
"1303445,46.52"
"1,329,414,213.62"
"1,023,890,240.91"
"1406133,89.84"
"13,974,901,512.05"
"1,037,647,974.61"
"1,058,080,617.41"
"1107995,26.94"
"1,010,319,196.85"
"1,155,430,109.28"
"1,224,703,471.16"
"1,430,097,512.68"
"1,303,810,811.52"
"1053426,92.01"
"1465123,57.93"
"1,149,154,212.26"
"1,064,789,580.01"
"1,454,243,423.19"
"1,090,905,990.33"
"1,338,101,119.30"
"1,039,156,115.19"
"1,260,187,190.12"
"1,052,288,154.93"
"1,107,329,161.07"
"1399544,32.84"
"1131518,62.97"
"1006869,61.93"
"1,206,660,472.06"
"13,653,291,242.57"
"10,385,151,485.26"
"1244162,55.81"
"1061266,39.5"
"1308370,36.75"
"1,384,720,221.82"
"1,423,011,234.99"
"1,265,394,248.14"
"1,025,300,112.27"
"1143644,68.84"
"1186542,48.17"
"1481273,83.39"
"1,312,485,174.59"
"1,489,678,297.03"
"1199112,69.72"
"1198571,33.21"
"1154629,34.28"
"1,274,070,222.12"
"1,419,037,331.63"
"1,056,666,309.96"
"1,184,809,130.69"
"1204098,73.22"
"1,280,965,233.67"
"1,447,792,178.33"
"1,474,459,194.34"
"1,282,200,842.06"
"1,475,657,360.39"
"1,156,440,247.10"
"1223837,68.56"
"1,202,885,154.83"
"1468767,96.99"
"1,420,037,824.48"
"1,319,476,679.91"
"10,424,051,039.30"
"1,053,349,289.18"
"1,399,190,229.57"
"1,110,657,278.41"
"1,387,833,600.72"
"1,160,606,431.14"
"10,460,271,021.00"
"1103153,89.07"
"1146248,39.98"
"1107738,93.01"
"1091060,36.89"
"1262868,45.4"
"1,193,003,101.35"
"1197419,45.08"
"1,438,599,479.84"
"14,400,861,276.65"
"11,179,131,462.62"
"1184845,26.11"
"1049919,32.44"
"1086214,28.81"
"1,135,028,161.81"
"1,397,224,516.44"
"1,339,966,102.89"
"1054492,60.54"
"1133931,70.46"
"1,421,630,141.57"
"1,383,028,194.17"
"1,440,261,242.02"
"1376712,25.25"
"1034224,27.62"
"1,112,506,155.35"
"1,448,418,263.34"
"1,059,635,146.25"
"1442140,30.11"
"1,274,893,138.80"
"1262942,82.14"
"1,136,179,288.32"
"1,235,413,385.72"
"1,208,129,217.76"
"1,278,537,662.81"
"1,140,630,611.91"
"1,460,544,391.61"
"1006600,57.83"
"1,277,872,101.30"
"1287757,82.42"
"1,390,650,202.09"
"1,095,975,336.54"
"1,265,478,533.24"
"1,060,287,165.07"
"1,151,563,168.13"
"1,376,692,110.30"
"1,058,455,459.06"
"1,254,165,241.18"
"1,445,429,688.61"
"1,473,216,129.36"
"1,305,395,131.56"
"1,315,539,130.50"
"1,260,242,148.48"
"1,130,316,213.17"
"1,360,630,194.96"
"1274220,30.93"
"1056176,54.64"
"1457940,64.84"
"1,266,782,509.38"
"1,079,927,893.19"
"11,024,761,877.02"
"1484172,35.23"
"1126975,30.44"
"1,275,435,125.33"
"1,087,733,205.86"
"1,355,898,405.86"
"1310322,50.56"
"1069567,36.36"
"1012130,44.44"
"1302873,74.25"
"1380215,61.87"
"1,434,488,148.66"
"1130479,57.26"
"1,074,570,143.00"
"1,151,684,111.45"
"1,199,038,243.04"
"1,251,345,323.71"
"1,223,304,188.57"
"1,206,767,255.20"
"1,357,362,211.14"
"1448800,79.33"
"1487007,45.98"
"1330119,92.71"
"1477226,53.24"
"1,247,256,173.38"
"1,216,224,271.19"
"1,182,872,317.50"
"1062248,67.75"
"1,397,155,122.15"
"1,041,719,154.79"
"1,135,029,317.32"
"1,356,809,149.12"
"1,372,850,239.50"
"1404048,53.17"
"1388692,29.53"
"1383758,24.56"
"1212449,63.41"
"1,162,985,267.81"
"12,098,883,097.61"
"14,991,743,269.50"
"1084107,20.44"
"1150878,22.75"
"1,208,872,106.01"
"1,417,793,211.06"
"1,083,362,227.01"
"1253958,25.75"
"1071747,90.57"
"1030032,20.56"
"1118685,32.11"
"1052944,26.12"
"1384559,85.07"
"1248568,84.99"
"1,494,935,243.13"
"1,098,084,295.28"
"1,127,415,454.24"
"1,176,365,413.70"
"1065907,92.35"
"1,305,254,198.61"
"1345747,91.53"
"1,209,410,100.40"
"1,093,858,219.82"
"1,052,783,160.54"
"1,271,480,178.43"
"1003753,83.72"
"1,496,674,320.75"
"1,061,568,231.60"
"1,101,584,105.57"
"1,383,497,121.02"
"1176978,16.6"
"1435029,21.1"
"1343650,77.85"
"1,434,359,926.06"
"10,079,001,296.08"
"1017579,39.28"
"1,063,688,148.40"
"1,126,370,223.58"
"1,246,771,243.54"
"1,008,773,174.93"
"1318618,19.38"
"1,228,888,304.86"
"1,244,298,161.06"
"1,342,952,216.63"
"1,131,807,747.27"
"1,408,017,199.74"
"1,051,889,209.37"
"1392162,54.95"
"1075826,80.79"
"1142469,89.92"
"1,103,064,328.31"
"1,059,918,294.65"
"1,072,901,846.81"
"1353610,78.69"
"1195954,57.88"
"1,391,305,114.88"
"1,326,150,439.29"
"1,275,063,182.31"
"1,222,180,526.16"
"1192156,35.93"
"1113235,42.79"
"1309343,23.05"
"1297632,57.89"
"1,155,726,107.40"
"1297290,50.18"
"1419156,58.23"
"1116236,34.73"
"1062782,52.49"
"1,333,678,281.21"
"14,819,911,069.43"
"12,754,361,184.84"
"1044455,48.29"
"1,006,565,171.08"
"1,289,303,201.50"
"1,350,978,228.45"
"1,065,002,109.51"
"1330381,55.93"
"1066756,84.53"
"1425889,76.04"
"1,027,637,129.28"
"1,024,593,178.36"
"1309569,27.64"
"1130481,30.1"
"1461497,24.74"
"1,273,574,170.59"
"1,499,564,147.00"
"1409226,74.72"
"1276415,30.68"
"1,072,191,125.03"
"1185549,90.24"
"1,394,977,172.39"
"1,031,757,155.70"
"1,357,869,145.87"
"1,457,412,409.07"
"1,333,143,328.72"
"1,297,235,161.10"
"1018080,37.29"
"1439262,81.53"
"1262889,68.33"
"1,001,905,212.71"
"1,136,010,284.84"
"1,271,463,255.16"
"1469634,61.01"
"1258810,73.52"
"1345259,81.08"
"1,004,246,282.37"
"1,114,751,216.36"
"1,109,347,381.39"
"1,008,772,116.25"
"1,016,691,175.94"
"1,365,501,122.86"
"1,291,288,145.19"
"1,112,058,192.90"
"1469210,35.44"
"1181698,27.63"
"1231344,38.18"
"1,387,977,297.57"
"10,348,671,689.08"
"12,763,381,593.64"
"1322128,35.3"
"1289484,20.95"
"1007731,67.72"
"1,088,564,157.63"
"1,427,862,134.99"
"1170554,47.92"
"1172262,48.89"
"1,341,146,103.65"
"1,357,235,106.28"
"1,088,765,135.09"
"1188175,34.64"
"1,203,176,178.78"
"1049616,75.43"
"1,309,039,363.12"
"1,145,033,158.41"
"1,286,575,102.34"
"11,010,491,732.68"
"11,372,751,256.71"
"1,253,464,614.74"
"1012371,53.39"
"1,205,708,214.00"
"1,140,483,115.91"
"1,198,884,895.65"
"1,493,378,811.89"
"1,199,993,924.02"
"1043523,87.08"
"1258021,97.77"
"1,311,206,224.20"
"11,677,241,288.06"
"1,169,375,527.04"
"11,081,601,583.62"
"1430956,93.46"
"1256536,67.1"
"1387281,50.63"
"1466943,95.4"
"1,414,650,156.75"
"1,224,371,135.40"
"1112793,36.02"
"1,289,127,143.11"
"1126069,82.37"
"1,087,935,710.71"
"14,434,081,471.07"
"14,299,921,446.88"
"1085191,55.08"
"1417469,45.39"
"1137795,33.43"
"1,398,189,444.16"
"1,283,686,592.30"
"1,371,464,498.28"
"1,230,167,120.10"
"1,364,248,118.97"
"1,266,392,104.75"
"1038730,76.01"
"1,212,416,150.77"
"1,103,878,407.21"
"1157948,27.5"
"1314522,29.78"
"1,164,578,306.23"
"1,025,278,372.65"
"1,078,493,215.51"
"1029300,69.0"
"1,410,995,111.35"
"1,404,963,140.53"
"1,334,883,281.02"
"1,230,293,172.88"
"1,115,318,244.74"
"1,042,427,140.51"
"1,454,164,139.91"
"1470573,49.31"
"1058785,53.38"
"1,376,825,140.25"
"1191397,72.99"
"1,247,051,188.91"
"1,074,540,270.61"
"1,497,803,170.86"
"1,287,425,107.50"
"1328270,70.28"
"1,407,720,267.16"
"1,240,373,163.63"
"1,494,455,186.60"
"1442368,21.46"
"1,194,849,159.58"
"1306896,26.22"
"1435035,83.07"
"1,253,592,157.53"
"1,467,682,965.80"
"14,610,023,098.84"
"1001071,25.31"
"1,191,882,136.29"
"1,140,533,193.45"
"1,049,153,207.01"
"1389125,17.68"
"1498335,35.75"
"1,336,000,123.35"
"1,345,691,147.48"
"1,337,050,237.36"
"1,263,782,352.15"
"1,192,897,202.20"
"1,299,041,725.31"
"1,417,850,396.63"
"1,024,790,229.50"
"1008262,43.93"
"1,089,695,216.54"
"1,234,248,106.43"
"1,363,682,534.02"
"1,321,672,464.27"
"1,035,076,686.25"
"1,060,282,160.91"
"1,361,643,114.00"
"1,125,678,244.56"
"1,407,888,559.26"
"1,032,563,245.28"
"1,189,256,560.89"
"1058487,33.49"
"1413625,30.07"
"1121861,50.41"
"1105792,89.73"
"1239970,52.3"
"1078132,23.06"
"1028314,37.92"
"1461331,33.31"
"1,203,766,473.46"
"13,148,121,395.59"
"12,522,141,419.73"
"1199487,21.07"
"1213487,24.1"
"1,149,554,395.76"
"1,201,667,367.14"
"1,459,985,248.59"
"1477962,76.32"
"1201705,75.92"
"1,249,240,112.22"
"1,122,608,136.32"
"1,440,426,373.41"
"1357820,49.13"
"1038196,32.1"
"1230790,26.75"
"1211763,86.89"
"1011484,71.24"
"1323864,68.93"
"1139498,61.97"
"1,344,156,140.90"
"1443200,69.38"
"1,189,549,334.81"
"1,397,910,366.79"
"1,317,736,278.54"
"11,290,051,132.40"
"1,306,963,298.15"
"1,471,178,235.70"
"1431233,48.63"
"1,228,415,158.01"
"1,399,725,114.04"
"1,182,211,447.80"
"1,441,899,560.37"
"1,470,893,767.35"
"1139622,37.8"
"1381705,63.74"
"1,214,183,154.34"
"1,273,495,497.32"
"1,101,109,211.11"
"11,201,991,006.16"
"1050202,98.48"
"1,334,262,135.60"
"1337479,78.58"
"1,219,468,130.34"
"1,310,240,153.60"
"1,277,278,171.25"
"1489750,42.39"
"1096922,64.63"
"1,476,289,461.22"
"11,151,611,269.90"
"11,786,311,466.40"
"1245261,44.71"
"1372965,28.71"
"1476812,23.54"
"1,496,202,220.47"
"1,048,870,257.41"
"1,263,662,265.73"
"1,238,350,134.64"
"1,472,696,145.09"
"1,258,031,109.73"
"1050351,92.99"
"1,459,998,184.54"
"1,490,420,259.90"
"1000662,64.51"
"1044419,40.91"
"1460063,52.99"
"1,343,340,264.96"
"1,374,733,268.35"
"1,370,257,182.17"
"1455780,51.56"
"1,140,702,175.76"
"1,363,403,102.60"
"1,310,434,181.89"
"1,364,335,136.61"
"1,114,519,180.48"
"1305350,62.78"
"1245069,84.28"
"1474430,39.28"
"1093750,27.02"
"1435861,94.16"
"1,239,312,115.38"
"1,184,336,131.86"
"1,454,523,137.23"
"1098373,93.16"
"1495203,84.32"
"1,052,953,350.15"
"1,009,513,143.87"
"1,368,308,147.69"
"1498669,21.99"
"1466142,17.87"
"1256813,35.56"
"1042183,93.12"
"1464999,26.45"
"1,143,694,107.17"
"14,308,702,432.33"
"11,222,082,358.85"
"1462550,16.49"
"1032173,26.03"
"1,092,013,120.68"
"1,079,926,128.56"
"1,038,256,187.31"
"1343897,21.86"
"1,004,313,183.99"
"1338299,56.73"
"1,091,600,311.76"
"1,475,065,361.66"
"1,360,361,246.92"
"1,414,079,560.22"
"1,325,899,235.38"
"1,059,508,159.69"
"1053029,87.56"
"1,132,261,114.98"
"1079197,88.62"
"1,273,647,315.26"
"1,285,990,474.85"
"1,453,805,287.91"
"1228708,51.86"
"1,477,933,113.05"
"1,140,274,142.83"
"1,050,739,595.71"
"1,127,728,305.45"
"1,403,459,773.43"
"1,283,055,162.62"
"1,112,729,130.10"
"1,380,847,120.27"
"1,165,664,300.00"
"1,060,176,246.87"
"1,377,609,119.61"
"1,343,878,107.47"
"1,115,844,141.21"
"1,053,494,466.31"
"1,173,486,673.06"
"12,504,681,407.10"
"1286426,41.56"
"1423088,48.13"
"1209561,66.41"
"1,159,489,123.00"
"1,358,267,241.14"
"1,446,470,248.52"
"1140775,78.66"
"1174433,38.71"
"1449283,26.37"
"1,301,983,177.11"
"1,038,551,185.14"
"1,142,609,393.05"
"1121544,47.6"
"1,217,322,118.66"
"1174114,99.66"
"1,116,883,338.28"
"1,015,942,319.59"
"1,122,590,101.45"
"1,474,493,979.01"
"11,968,971,057.35"
"1,233,988,296.79"
"1249222,25.55"
"1031203,86.77"
"1384396,87.67"
"1,449,924,190.61"
"1,023,315,317.38"
"1,456,955,263.33"
"1,364,616,134.05"
"1,477,907,152.94"
"1,070,194,124.61"
"1,278,780,242.18"
"1,061,803,312.19"
"1,491,984,216.28"
"1093579,34.38"
"1320120,43.05"
"1050143,64.6"
"1135844,27.8"
"1170667,38.08"
"1,421,320,223.87"
"1,382,855,660.14"
"10,524,741,478.05"
"1168245,15.03"
"1358202,35.51"
"1,347,403,114.43"
"1,423,262,237.62"
"1,490,941,350.79"
"1045104,17.18"
"1180967,30.16"
"1169272,39.57"
"1417264,66.06"
"1122155,24.49"
"1,421,522,106.21"
"1,343,543,419.31"
"1,127,755,565.60"
"1,286,519,143.78"
"11,591,001,520.48"
"1,257,945,518.12"
"1,226,115,230.99"
"1430521,67.43"
"1,376,221,211.31"
"1496715,79.36"
"1,169,115,714.41"
"1,176,448,746.53"
"14,630,041,030.90"
"1,250,962,155.14"
"1295333,84.36"
"1,178,409,219.96"
"1,012,909,774.93"
"1,338,022,355.11"
"13,667,891,004.21"
"1373833,86.11"
"1381332,29.77"
"1243588,74.28"
"1346625,47.79"
"1220323,52.57"
"1370150,68.67"
"1425569,80.92"
"1035374,54.58"
"1,394,503,568.26"
"10,583,051,239.41"
"13,444,981,586.21"
"1141007,37.26"
"1473646,27.44"
"1,487,690,128.13"
"1,450,648,107.78"
"1,205,027,131.86"
"1,476,902,286.74"
"1,165,718,375.85"
"1,378,218,162.98"
"1,078,304,112.34"
"1,089,355,252.90"
"1,297,171,333.75"
"1312686,21.56"
"1325197,28.85"
"1481530,24.53"
"1284608,93.07"
"1,463,475,172.56"
"1315063,98.26"
"1059185,43.02"
"1,374,100,142.23"
"1042049,89.79"
"1,387,016,208.06"
"1,280,720,196.84"
"1,297,322,168.42"
"1,173,983,452.35"
"1,109,530,227.18"
"1210247,61.46"
"1376906,63.64"
"1,454,933,103.47"
"1,258,714,102.60"
"1,442,196,148.98"
"1,149,208,353.50"
"1,109,561,193.67"
"1086120,93.89"
"1395010,75.89"
"1199426,44.78"
"1,102,777,259.38"
"1,457,723,266.52"
"1,481,022,362.49"
"1,022,584,137.51"
"1117071,74.54"
"1444390,87.02"
"1136802,95.59"
"1,160,158,165.35"
"1389988,40.17"
"1380922,68.27"
"1,117,887,195.42"
"1,237,251,884.67"
"10,626,562,361.55"
"1187507,20.38"
"1118587,14.86"
"1,016,028,100.09"
"1,324,267,124.38"
"1,272,876,193.83"
"1462161,41.91"
"1374036,27.81"
"1415631,60.73"
"1205040,60.31"
"1496216,49.4"
"1,402,048,132.56"
"1364233,83.85"
"1,439,116,262.03"
"1,312,641,282.23"
"1,315,279,136.69"
"1,145,134,649.51"
"1,342,622,425.55"
"1,198,108,250.48"
"1077816,38.21"
"1036232,90.33"
"1311646,42.58"
"1,286,961,252.61"
"1,028,838,255.28"
"1,247,743,392.33"
"1,425,258,137.10"
"1006454,86.77"
"1384974,82.63"
"1,486,614,313.26"
"1,399,973,175.98"
"1,385,096,309.85"
"1060853,87.64"
"1040838,55.34"
"1109072,39.67"
"1460672,37.56"
"1,334,969,145.38"
"1,049,364,102.49"
"1087717,20.32"
"1325920,17.72"
"1039447,55.67"
"1,186,967,301.26"
"1,110,292,837.57"
"10,367,512,461.48"
"1,236,541,130.76"
"1,275,664,151.78"
"1,209,721,235.65"
"1162125,65.82"
"1263378,24.95"
"1,199,188,133.75"
"1488174,33.07"
"1070083,67.63"
"1132304,34.74"
"1,167,345,126.30"
"1012255,38.88"
"1,032,662,298.37"
"1,033,908,322.13"
"1,291,511,204.97"
"1,027,186,894.87"
"1,040,688,912.49"
"1,315,683,240.65"
"1330397,46.52"
"1,264,948,103.49"
"1159897,81.63"
"1,059,351,207.16"
"1,239,762,444.72"
"1,447,229,340.88"
"1,151,744,178.57"
"1,216,716,175.93"
"1,312,133,147.78"
"1,118,832,311.65"
"1,252,149,114.00"
"1,094,537,406.55"
"1447416,29.47"
"1127043,66.67"
"1164344,53.53"
"1370338,35.16"
"1421244,51.18"
"1093990,36.75"
"1,497,414,243.57"
"12,108,321,447.50"
"13,444,681,446.98"
"1404146,37.34"
"1103781,37.33"
"1294600,99.33"
"1,215,402,146.43"
"1,043,840,186.62"
"1116803,35.44"
"1090469,28.76"
"1,017,399,183.96"
"1248806,66.26"
"1,131,581,135.48"
"1060388,44.99"
"1,003,796,156.08"
"1363790,39.49"
"1,408,249,280.74"
"1,029,511,361.91"
"1110232,61.38"
"1,281,521,753.40"
"1,083,761,496.09"
"1,368,949,254.53"
"1161399,72.26"
"1471054,87.26"
"1029539,56.8"
"1,423,689,305.27"
"1,039,864,279.93"
"1,026,413,260.11"
"1044730,91.55"
"1014000,70.34"
"1062258,41.41"
"1,234,509,291.57"
"1,236,978,118.83"
"1,487,673,323.27"
"1371786,85.19"
"1110617,54.98"
"1343708,50.37"
"1433116,26.97"
"1,308,546,132.51"
"1,329,651,105.71"
"1379435,25.37"
"1145893,32.9"
"1369946,55.15"
"1,056,828,151.15"
"1,093,949,659.67"
"13,941,151,413.79"
"1056092,25.02"
"1340133,31.24"
"1459830,92.41"
"1,153,248,132.63"
"1,460,813,279.55"
"1044801,34.0"
"1136984,47.55"
"1257636,52.19"
"1433830,91.14"
"1266400,33.31"
"1,412,306,514.18"
"1001630,56.29"
"1,438,073,296.15"
"1,193,535,341.23"
"1,049,161,115.32"
"1,113,088,709.16"
"1,473,044,500.10"
"1,022,104,260.91"
"1191423,57.19"
"1,329,211,106.96"
"1290034,96.53"
"1,395,289,349.70"
"1,103,569,311.45"
"1,097,299,457.36"
"1283783,98.72"
"1,270,643,179.15"
"1,077,145,209.79"
"1,340,515,404.25"
"1,003,274,262.39"
"1,441,788,311.74"
"1000409,38.15"
"1329787,29.15"
"1298237,59.19"
"1190800,40.03"
"1456232,40.18"
"1,484,891,436.19"
"10,312,531,194.83"
"10,108,391,465.15"
"1024581,26.66"
"1041176,38.39"
"1148161,22.06"
"1,350,810,159.00"
"1,201,815,225.19"
"1434822,70.2"
"1149326,56.94"
"1036321,66.96"
"1310991,48.5"
"1,221,524,129.16"
"1,133,330,119.12"
"1420669,26.79"
"1,255,934,157.30"
"1013345,53.62"
"1468382,42.07"
"1145754,73.68"
"1296525,77.14"
"1,312,320,199.35"
"1,287,128,156.10"
"1,042,549,185.55"
"1,301,321,835.71"
"1,094,909,284.86"
"1,155,168,219.40"
"1396268,38.13"
"1124007,92.76"
"1221654,94.17"
"1,034,052,296.63"
"1,167,273,350.44"
"1,056,567,490.40"
"1,318,214,116.37"
"1071404,57.77"
"1,190,919,139.07"
"1,125,207,338.24"
"1,239,109,260.77"
"1,366,465,304.23"
"1327054,34.12"
"1413660,49.17"
"1389070,89.17"
"1152849,31.22"
"1429343,61.52"
"1433370,40.29"
"1015651,43.86"
"1,158,903,248.03"
"14,569,031,069.43"
"14,002,241,304.60"
"1417054,26.48"
"1172631,38.05"
"1111819,21.66"
"1,302,703,142.34"
"1,300,752,265.36"
"1,294,900,167.76"
"1319818,75.55"
"1183251,97.78"
"1119599,50.21"
"1,492,080,124.55"
"1,163,294,116.12"
"1014711,25.55"
"1244747,22.77"
"1061707,86.69"
"1493848,76.59"
"1230234,66.68"
"1203418,36.86"
"1485817,90.13"
"1,143,509,178.40"
"1,091,408,143.90"
"1,138,077,112.73"
"1,311,411,670.34"
"1,295,313,341.75"
"1,183,342,205.72"
"1491036,51.54"
"1,295,983,223.63"
"1331317,60.75"
"1,324,969,284.99"
"1,103,729,415.80"
"1,055,560,378.62"
"1363126,68.27"
"1,337,290,102.59"
"1325872,91.48"
"1,049,470,512.48"
"1,012,992,466.29"
"1,044,579,677.59"
"1,200,607,107.89"
"1401512,46.98"
"1440033,81.51"
"1125481,65.41"
"1016837,63.69"
"1436547,63.24"
"1473669,60.6"
"1126786,64.25"
"1,271,366,208.29"
"14,656,671,402.22"
"10,563,051,333.90"
"1047663,15.2"
"1294079,37.97"
"1,377,246,244.63"
"1,363,975,192.02"
"1,232,131,165.89"
"1460621,77.88"
"1157067,63.14"
"1245780,87.75"
"1058708,81.16"
"1,307,097,157.60"
"1,062,037,235.01"
"1490720,25.19"
"1395873,30.48"
"1,170,057,137.37"
"1,258,413,138.27"
"1,361,970,110.38"
"1072658,65.33"
"1,048,034,169.53"
"1461040,96.4"
"1,485,183,195.35"
"1,223,342,157.69"
"1,480,807,209.59"
"1,371,494,133.03"
"1,103,790,142.32"
"1016615,95.06"
"1272610,61.47"
"1467769,94.41"
"1078797,76.83"
"1,274,462,143.00"
"1,252,119,165.99"
"1,472,378,295.61"
"1,372,362,136.82"
"1,496,832,117.15"
"1224855,37.15"
"1,159,741,227.74"
"1,477,503,627.98"
"1,288,873,142.48"
"1433395,18.44"
"1065649,38.4"
"1411840,31.8"
"1087160,37.71"
"1,074,147,162.18"
"10,904,402,461.73"
"13,948,332,525.29"
"1392268,76.21"
"1,385,412,172.29"
"1,066,080,158.51"
"1351946,29.09"
"1,160,992,145.58"
"1448499,82.03"
"1,460,215,489.73"
"1,269,050,475.94"
"1,040,647,177.91"
"1,387,886,438.77"
"1,364,865,253.35"
"1,018,974,183.55"
"1278003,87.61"
"1452327,96.94"
"1,497,155,153.27"
"1,224,475,203.64"
"1260226,34.47"
"1059327,38.97"
"1393536,86.75"
"1,171,318,218.04"
"1,232,647,148.10"
"1,163,568,385.05"
"1,244,463,116.69"
"1211183,59.3"
"1135295,89.65"
"1,346,678,153.82"
"1,348,987,134.09"
"1410509,21.58"
"1233091,43.4"
"1,090,616,210.68"
"1,071,801,793.60"
"1,401,641,706.68"
"1116388,20.73"
"1309103,95.81"
"1491166,96.51"
"1,030,588,175.50"
"1025159,33.98"
"1232718,24.2"
"1018868,23.81"
"1,210,049,113.08"
"1253684,57.28"
"1182135,92.62"
"1298742,59.62"
"1,227,002,134.90"
"1268785,69.91"
"1,022,714,229.94"
"1,275,470,257.14"
"1097202,81.81"
"1,493,366,443.33"
"1,331,057,423.15"
"1,182,877,260.12"
"1076949,44.62"
"1,462,250,128.13"
"1,211,529,119.56"
"1,445,903,257.94"
"1,329,450,258.02"
"1,230,201,385.22"
"1470087,79.37"
"1,446,867,101.44"
"1,319,291,111.25"
"1,143,124,241.21"
"1,101,383,168.71"
"1,123,524,375.62"
"1271587,66.66"
"1,148,781,101.78"
"1301245,33.82"
"1168313,82.7"
"1435780,72.7"
"1012281,30.95"
"1098155,69.02"
"1,360,008,303.51"
"1,452,904,983.25"
"10,308,022,115.37"
"1106987,33.03"
"1151987,27.46"
"1,134,647,116.83"
"1475968,88.4"
"1,338,863,162.24"
"1378609,32.47"
"1039161,27.61"
"1,011,680,142.81"
"1298077,37.48"
"1295274,82.73"
"1309793,48.92"
"1,052,527,100.04"
"1,109,588,134.90"
"1,336,905,213.81"
"1,468,878,319.18"
"1,138,443,162.80"
"1,275,484,804.63"
"1,332,387,573.54"
"1,448,406,154.49"
"1,131,551,101.48"
"1218247,97.12"
"1,476,030,244.02"
"1,068,090,333.18"
"1,185,173,308.42"
"1366617,72.17"
"1,198,378,120.51"
"1182059,95.36"
"1,118,081,395.61"
"1,325,683,198.75"
"1,130,102,223.35"
"1491257,50.25"
"1382126,43.82"
"1191748,32.84"
"1466660,20.76"
"1,390,106,127.81"
"12,444,491,398.38"
"11,112,181,416.09"
"1389557,28.68"
"1350375,28.19"
"1,186,359,106.78"
"1,213,899,253.06"
"1,439,257,282.78"
"1091234,28.94"
"1011775,21.05"
"1378332,32.47"
"1091493,84.55"
"1,104,216,101.95"
"1,181,809,293.12"
"1,379,054,242.56"
"1,340,178,146.53"
"1,177,611,272.11"
"1,296,989,278.18"
"1,434,024,142.44"
"1240097,53.78"
"1195124,94.05"
"1,310,902,373.29"
"1,376,592,213.67"
"1,266,339,245.12"
"1,300,685,107.76"
"1,168,138,106.43"
"1216142,75.8"
"1,145,836,440.46"
"1,255,684,212.70"
"1,137,477,251.37"
"1120804,22.57"
"1423024,48.14"
"1438719,70.19"
"1185056,33.81"
"1026874,52.49"
"1,000,239,175.53"
"1,018,451,987.64"
"14,382,121,896.12"
"1111309,29.5"
"1036368,22.34"
"1232302,55.53"
"1,203,845,127.71"
"1,250,127,107.81"
"1,168,534,195.30"
"1463718,27.22"
"1129628,30.11"
"1,152,567,183.12"
"1308024,63.36"
"1075107,68.83"
"1,022,331,119.14"
"1446941,97.38"
"1,209,021,213.62"
"1,189,249,339.72"
"1,443,158,107.30"
"10,090,041,106.05"
"1,374,089,695.74"
"1,079,607,437.49"
"1329352,57.33"
"1,280,562,105.89"
"1103749,70.57"
"1,066,165,292.44"
"1,081,755,287.11"
"1,230,372,361.21"
"1266770,75.87"
"1,443,525,133.53"
"1,387,877,133.40"
"1,373,382,481.08"
"1,150,804,225.15"
"1,079,093,496.43"
"1,035,507,153.68"
"1277459,48.44"
"1,251,663,105.77"
"1,223,245,133.64"
"1,385,359,155.62"
"1309145,40.03"
"1407808,52.85"
"1,196,459,231.12"
"1,083,320,591.59"
"11,858,221,389.65"
"1273643,25.66"
"1258195,31.86"
"1,431,428,108.29"
"1,409,973,193.07"
"1,249,625,341.40"
"1355820,41.1"
"1234209,44.67"
"1139349,27.72"
"1,008,936,183.86"
"1,066,283,189.85"
"1,170,430,307.78"
"1232936,34.01"
"1,080,677,212.22"
"1,021,800,115.70"
"1,123,137,255.05"
"1,411,806,261.59"
"1,328,104,147.21"
"13,185,821,378.86"
"1,460,235,495.63"
"1,313,982,310.61"
"1202724,36.71"
"1,366,938,188.43"
"1,181,409,100.13"
"1,230,032,603.29"
"1,122,286,543.29"
"1,493,246,885.79"
"1,482,713,168.90"
"1,154,157,207.82"
"1,365,677,264.11"
"1,136,265,444.40"
"1,229,533,449.09"
"13,051,861,003.14"
"1159457,30.78"
"1118236,63.73"
"1280982,94.37"
"1212852,33.6"
"1215713,51.73"
"1350519,42.75"
"1,403,497,445.45"
"11,403,211,092.17"
"14,467,371,519.28"
"1106173,15.22"
"1481387,37.85"
"1,065,238,441.16"
"1,183,033,338.39"
"1,229,149,431.90"
"1097281,76.71"
"1356234,60.2"
"1471059,55.71"
"1,383,245,126.18"
"1,378,355,163.91"
"1,363,066,264.01"
"1165483,28.99"
"1081138,34.72"
"1466102,25.47"
"1,497,165,133.35"
"1,079,199,134.04"
"1422221,68.17"
"1169305,32.39"
"1,468,137,112.11"
"1407007,70.81"
"1,454,261,525.35"
"1,294,443,410.59"
"1,440,024,377.45"
"1,180,058,284.14"
"1,419,811,102.95"
"1486660,97.92"
"1465689,15.74"
"1136864,88.53"
"1006792,45.55"
"1,050,241,344.97"
"1,200,761,286.35"
"1,090,212,310.18"
"1310650,68.91"
"1382624,74.63"
"1155781,92.9"
"1,247,682,222.83"
"1,304,450,158.92"
"1,196,458,273.79"
"1157252,57.56"
"1299746,89.38"
"1336037,37.9"
"1122743,89.89"
"1,445,716,234.98"
"1,338,896,290.57"
"1272933,37.02"
"1455058,59.84"
"1004938,51.03"
"1,336,737,177.21"
"1,453,619,543.59"
"14,533,881,333.63"
"1415166,35.16"
"1095178,46.79"
"1185761,19.13"
"1,065,427,127.63"
"1,158,519,171.02"
"1,454,709,303.88"
"1244297,38.42"
"1,421,956,130.11"
"1444887,67.63"
"1,393,415,152.95"
"1188398,53.51"
"1,349,856,163.78"
"1275306,99.82"
"1,181,771,307.87"
"1,473,546,179.26"
"1,220,699,113.62"
"1,163,835,406.06"
"1,077,197,788.78"
"1,078,943,239.29"
"1141699,76.83"
"1431365,92.0"
"1323704,59.76"
"1,144,725,404.27"
"1,251,827,538.81"
"1,035,762,252.33"
"1,120,903,150.34"
"1137816,78.74"
"1,051,613,173.84"
"1,067,751,268.04"
"1,252,232,238.99"
"1,237,824,270.12"
"1281696,23.1"
"1458838,30.53"
"1196617,44.62"
"1202967,56.39"
"1486074,38.06"
"1109827,24.32"
"1,148,446,178.76"
"1,089,612,731.62"
"1,091,853,957.75"
"1474470,27.7"
"1161356,29.08"
"1,182,360,144.47"
"1,144,385,151.11"
"1,300,003,248.00"
"1025058,27.14"
"1,267,543,125.64"
"1064112,48.16"
"1429670,28.66"
"1,234,570,122.83"
"1208998,74.84"
"1,168,162,408.87"
"1,272,298,451.72"
"1,306,135,334.85"
"1,224,760,561.28"
"1,178,379,441.15"
"1,001,682,332.78"
"1226758,48.04"
"1,156,896,103.59"
"1409965,64.47"
"1,085,877,309.23"
"1,435,973,383.04"
"1,420,872,344.06"
"1,357,911,179.85"
"1381530,98.06"
"1,244,720,132.80"
"1,408,421,367.65"
"1,030,388,251.49"
"1,142,936,526.89"
"1029029,76.89"
"1241621,97.3"
"1,108,100,103.95"
"1341505,57.03"
"1146546,52.02"
"1228717,74.17"
"1,300,602,338.57"
"1,412,835,661.31"
"10,351,121,414.47"
"1482787,24.55"
"1260742,65.5"
"1,150,221,116.64"
"1,233,965,170.59"
"1,001,960,293.25"
"1232649,39.73"
"1438231,45.95"
"1214818,78.96"
"1293933,43.87"
"1,338,782,138.51"
"1245831,30.16"
"1,113,366,162.03"
"1064876,89.02"
"1,393,509,319.17"
"1,351,558,429.55"
"1,294,647,123.95"
"1,138,065,690.99"
"1,217,089,186.41"
"1,298,211,220.86"
"1270301,32.19"
"1,233,935,100.23"
"1,402,841,129.17"
"1,167,747,373.91"
"1,472,216,302.69"
"1,081,681,560.82"
"1373773,65.49"
"1,254,793,114.98"
"1,200,397,365.70"
"1,057,243,337.75"
"1,004,840,320.09"
"1369700,34.28"
"1447326,26.86"
"1205205,70.79"
"1320421,60.23"
"1248311,22.81"
"1221841,29.18"
"1207153,39.74"
"1078593,35.73"
"1,258,579,212.41"
"12,715,231,079.69"
"14,305,071,557.51"
"1172071,18.03"
"1366224,28.96"
"1326194,21.78"
"1,321,713,393.49"
"1,146,830,102.44"
"1,183,728,167.92"
"1241401,49.35"
"1105062,56.3"
"1,365,486,114.94"
"1405527,83.51"
"1,196,339,130.67"
"1124619,18.53"
"1371814,36.99"
"1,178,892,167.68"
"1384956,74.25"
"1287737,59.0"
"1442657,29.55"
"1,459,362,124.51"
"1453914,95.96"
"1,198,977,233.56"
"1,206,990,133.55"
"1,013,394,156.15"
"1,012,461,808.54"
"1,355,967,344.61"
"1,401,298,334.77"
"1279289,30.1"
"1,150,568,127.65"
"1,054,094,121.13"
"1,229,774,271.81"
"1,022,036,435.99"
"1,364,365,474.16"
"1,076,235,229.83"
"1,143,542,123.07"
"1,019,852,145.92"
"1,082,297,382.02"
"1,272,303,275.77"
"1,033,177,550.28"
"1243977,51.19"
"1145076,23.54"
"1235244,46.82"
"1314294,73.18"
"1365195,31.24"
"1229625,36.29"
"1448117,61.4"
"1,178,515,603.87"
"14,327,141,360.13"
"11,185,441,273.06"
"1416590,25.74"
"1384503,21.55"
"1,245,702,153.52"
"1442280,90.86"
"1367431,98.7"
"1236347,66.96"
"1,078,323,123.39"
"1,148,984,194.70"
"1,343,302,212.79"
"1414288,32.64"
"1377256,21.98"
"1,364,788,173.31"
"1309897,86.07"
"1142412,39.51"
"1,226,780,119.42"
"1213361,37.75"
"1,002,890,216.56"
"1,086,028,179.49"
"1,333,390,219.02"
"13,271,421,246.27"
"1,393,728,626.13"
"1,189,658,428.15"
"1205070,81.87"
"1,009,043,173.28"
"1,033,147,117.92"
"1,109,999,577.86"
"1,199,684,654.17"
"1,366,158,953.10"
"1,066,120,119.26"
"1,483,400,123.94"
"1,175,832,235.64"
"1,223,412,870.33"
"1,372,987,536.43"
"14,807,861,111.46"
"1,395,859,129.90"
"1,462,952,106.63"
"1489537,46.1"
"1,441,614,359.60"
"1,087,963,215.17"
"1,492,687,170.57"
"1,406,914,117.31"
"1260976,75.2"
"1,347,680,707.71"
"11,597,941,354.06"
"12,658,931,454.43"
"1241569,40.59"
"1229122,55.7"
"1303406,38.51"
"1,428,532,281.50"
"1,263,274,365.26"
"1,031,078,399.68"
"1,165,481,114.97"
"1,127,930,113.87"
"1,108,613,108.19"
"1,421,424,150.06"
"1,337,287,163.99"
"1,176,152,506.37"
"1343801,48.59"
"1434553,47.73"
"1327498,46.05"
"1,151,084,269.01"
"1,285,260,339.98"
"1,249,009,346.06"
"1240396,49.71"
"1,117,959,188.22"
"1,472,988,145.86"
"1,184,246,209.55"
"1,222,113,158.72"
"1,053,161,239.14"
"13,506,442,021.46"
"1,185,453,915.74"
"1,393,875,448.13"
"1155630,44.57"
"1,090,332,208.08"
"1,279,092,150.09"
"1,304,158,603.34"
"1,165,089,697.31"
"1,424,073,973.38"
"1,370,272,137.10"
"1,179,367,111.40"
"1,315,916,230.11"
"11,790,491,036.47"
"1,291,763,472.95"
"13,958,971,077.21"
"1274992,74.81"
"1486982,77.72"
"1437992,69.28"
"1030881,97.43"
"1449932,43.78"
"1,374,934,125.19"
"1,221,819,131.86"
"1018876,46.85"
"1386370,56.99"
"1,032,299,536.79"
"11,501,571,268.21"
"10,325,581,279.41"
"1091280,48.13"
"1090320,45.51"
"1,215,092,258.34"
"1,441,270,238.19"
"1,065,825,363.16"
"1,496,861,158.86"
"1,220,695,187.28"
"1118499,81.03"
"1,277,788,161.73"
"1,028,415,235.56"
"1,058,377,395.32"
"1058203,33.99"
"1451083,16.25"
"1083836,28.82"
"1,013,490,414.80"
"1,287,375,267.45"
"1,405,566,303.75"
"1056626,83.56"
"1,388,386,294.45"
"1,373,254,108.79"
"1,484,423,357.68"
"1,258,533,244.91"
"1,114,965,351.89"
"1,075,058,177.85"
"1,323,949,172.84"
"1,408,074,108.23"
"1250534,37.83"
"1444561,99.26"
"1342935,62.74"
"1,025,464,227.38"
"1,074,066,368.34"
"1,273,706,241.19"
"1203492,78.53"
"1,408,921,189.75"
"1221151,85.47"
"1,450,019,361.51"
"1,371,024,248.10"
"1,044,231,249.71"
"1346629,23.5"
"1152949,13.84"
"1474865,44.61"
"1191446,47.17"
"1175109,34.14"
"1014725,32.04"
"1175207,66.17"
"1,060,235,157.00"
"1,051,619,954.32"
"11,617,431,447.07"
"1084551,25.99"
"1228342,68.21"
"1,148,724,141.24"
"1,436,823,180.08"
"1294764,17.72"
"1238365,49.99"
"1132553,35.77"
"1,110,389,180.73"
"1179414,88.77"
"1,379,585,497.88"
"1,103,117,477.72"
"1,174,564,221.51"
"1,019,750,383.20"
"1,467,189,304.65"
"1,083,326,158.81"
"1060989,46.38"
"1,031,082,104.42"
"1330372,58.44"
"1,415,361,157.03"
"1,405,041,191.74"
"1,277,919,281.25"
"1179936,76.04"
"1122653,54.05"
"1,126,746,197.47"
"1,286,535,162.24"
"1,075,135,159.46"
"1191038,31.02"
"1051743,33.03"
"1412947,59.81"
"1386138,28.53"
"1183542,30.03"
"1,253,731,230.20"
"1,388,765,985.66"
"13,165,171,879.11"
"1447951,24.67"
"1029430,26.22"
"1,167,708,106.25"
"1008958,66.12"
"1,247,967,189.16"
"1203050,17.59"
"1117272,24.15"
"1164049,24.03"
"1,309,077,132.15"
"1152692,23.91"
"1304019,45.52"
"1,102,018,110.54"
"1,392,035,107.92"
"1,108,262,217.88"
"1,286,209,316.55"
"1,079,439,141.52"
"1,094,768,967.20"
"1,425,078,259.49"
"1007209,88.82"
"1226604,55.87"
"1,039,007,156.14"
"1,029,038,148.24"
"1068960,89.17"
"1113318,43.52"
"1,185,029,118.28"
"1,198,442,106.74"
"1,287,231,277.72"
"1,011,881,195.77"
"1,232,434,180.22"
"1495173,23.33"
"1059960,62.33"
"13,134,211,174.68"
"14,287,661,522.34"
"1010331,21.6"
"1412109,18.28"
"1423216,92.99"
"1,383,534,164.66"
"1,389,117,314.81"
"1105799,38.88"
"1439341,17.35"
"1081423,94.26"
"1,286,540,107.92"
"1,112,602,191.84"
"1,274,554,121.31"
"1,221,456,124.68"
"13,288,351,103.33"
"1,131,459,337.93"
"1,096,610,344.04"
"1262092,32.98"
"1,127,666,133.21"
"1115978,69.65"
"1,095,368,439.80"
"1,033,758,516.62"
"1,359,792,768.23"
"1112398,81.01"
"1239082,63.29"
"1,251,424,234.95"
"1,333,514,398.60"
"1,037,582,290.27"
"1,117,072,701.10"
"1088111,39.11"
"1436892,24.69"
"1,304,104,107.08"
"1,447,677,119.93"
"1,277,532,147.26"
"1,014,950,104.72"
"1287716,32.42"
"1,087,842,357.88"
"12,889,851,333.54"
"12,581,991,444.02"
"1459135,39.12"
"1208631,35.07"
"1418302,54.1"
"1,167,549,162.47"
"1,442,242,199.75"
"1,306,774,258.21"
"1468273,93.86"
"1407633,71.17"
"1,235,156,124.55"
"1,486,929,126.07"
"1,344,920,220.42"
"1,051,981,331.93"
"1249185,25.01"
"1491536,33.35"
"1,149,962,108.28"
"1,345,579,157.07"
"1,444,631,115.98"
"1220238,33.42"
"1,035,004,194.75"
"1151818,87.06"
"1,079,774,226.40"
"1,348,908,197.21"
"1,301,239,183.86"
"1,165,312,704.35"
"1,107,240,299.15"
"1,075,276,201.77"
"1425377,42.61"
"1,361,060,114.89"
"1,174,386,126.22"
"1,385,420,312.72"
"1,087,440,370.60"
"1,093,409,533.64"
"1,428,145,183.04"
"1,316,942,113.16"
"1,209,794,201.22"
"1,206,396,389.56"
"1,015,193,164.19"
"1,391,402,506.80"
"1376423,33.4"
"1235519,32.85"
"1193174,31.55"
"1043312,55.24"
"1281035,48.94"
"1,311,326,267.16"
"10,443,971,058.07"
"12,432,531,246.48"
"1440334,29.98"
"1118156,86.69"
"1,352,707,122.77"
"1,424,787,197.81"
"1,045,222,123.24"
"1,368,447,131.75"
"1400203,46.74"
"1,438,927,104.68"
"1,070,475,126.74"
"1,297,117,205.45"
"1286904,24.17"
"1061984,27.09"
"1,226,060,149.08"
"1,478,109,167.51"
"1,349,761,150.59"
"1,394,329,106.69"
"1,127,659,137.76"
"1,297,146,321.27"
"1,451,772,306.64"
"1,470,662,115.44"
"11,698,521,015.22"
"1,154,015,370.43"
"1,453,206,310.58"
"1353248,23.46"
"1,194,111,133.13"
"1,354,008,116.11"
"1,243,256,367.82"
"1,308,796,480.52"
"1,060,557,659.72"
"1114607,66.79"
"1,280,829,151.47"
"1,363,865,183.58"
"1,167,634,811.21"
"1,044,391,351.59"
"1,111,828,819.58"
"1276735,82.07"
"1467304,47.56"
"1,078,445,160.74"
"1,377,809,146.60"
"1,420,293,101.91"
"1,444,603,105.85"
"1274531,31.67"
"1179843,47.83"
"1,142,629,467.60"
"13,678,321,246.09"
"14,410,051,423.63"
"1122374,46.33"
"1,185,511,170.50"
"1,233,708,175.18"
"1,427,047,183.62"
"1441170,56.37"
"1431518,77.46"
"1054223,52.25"
"1495200,79.95"
"1,146,335,127.54"
"1,206,301,177.42"
"1409480,46.46"
"1121979,32.33"
"1453325,53.42"
"1,248,345,277.20"
"1,029,671,182.17"
"1,311,954,106.04"
"1201289,44.55"
"1,223,150,126.77"
"1,336,467,101.33"
"1,191,177,233.96"
"1,083,550,208.75"
"1,283,359,152.81"
"1,365,978,188.47"
"1,114,886,180.23"
"1467615,90.53"
"1479779,38.48"
"1,258,801,138.33"
"1287867,89.42"
"1,237,737,266.47"
"1,285,268,233.78"
"1,443,123,179.38"
"1,369,157,104.92"
"1155410,43.71"
"1,095,804,107.78"
"1,215,216,335.46"
"1,304,127,165.93"
"1,261,101,234.27"
"1128126,21.63"
"1136502,41.51"
"1234971,18.29"
"1447907,47.92"
"1364763,54.63"
"1427813,43.53"
"1446359,31.85"
"1,133,369,111.82"
"1,080,009,208.27"
"1,280,020,933.36"
"14,756,972,854.55"
"1266036,20.42"
"1397921,30.05"
"1249113,54.87"
"1,424,908,133.68"
"1,028,250,161.81"
"1,051,747,210.77"
"1319798,20.31"
"1439914,34.48"
"1,280,466,120.04"
"1381451,43.4"
"1297352,57.13"
"1486121,35.74"
"1096847,84.81"
"1,223,786,105.81"
"1,034,228,223.98"
"1,480,622,315.70"
"1,388,877,172.99"
"1,265,643,620.62"
"1,349,938,548.55"
"1,086,855,362.13"
"1467572,99.35"
"1287120,47.63"
"1,233,056,118.82"
"1281373,50.47"
"1,359,692,356.72"
"1037344,35.0"
"1323752,52.23"
"1124524,30.65"
"1,210,842,294.51"
"1,452,815,199.95"
"1,433,742,443.05"
"1473807,78.31"
"1466241,76.51"
"1283499,79.84"
"1,177,655,102.08"
"1165860,58.16"
"1,423,393,136.72"
"1359559,51.64"
"1009910,55.38"
"1311852,68.36"
"1,069,980,340.99"
"1,126,737,662.38"
"13,438,581,414.47"
"1096127,23.4"
"1180122,32.05"
"1476984,23.38"
"1371198,77.76"
"1,278,606,150.17"
"1,263,980,342.84"
"1457860,30.9"
"1052867,26.62"
"1031655,25.73"
"1305800,98.07"
"1,465,418,148.11"
"1,000,119,182.27"
"1285974,84.57"
"1278915,50.59"
"1,218,127,309.50"
"1,103,679,509.77"
"1,483,536,141.98"
"1,210,680,539.42"
"1,410,454,192.06"
"1,069,802,121.81"
"1,316,041,110.14"
"1,066,872,103.84"
"1492890,38.14"
"1,382,675,201.48"
"1,189,808,426.81"
"1,355,233,302.48"
"1146613,77.4"
"1,140,422,122.48"
"1,332,326,113.11"
"1,143,142,223.46"
"1,215,064,325.08"
"1,187,193,209.39"
"1335910,25.5"
"1045845,20.5"
"1301699,45.63"
"1395269,32.22"
"1151954,40.63"
"1,023,979,114.24"
"1,102,244,879.58"
"1,112,950,831.23"
"1249463,20.55"
"1437490,20.88"
"1362996,87.01"
"1,261,591,121.96"
"1,386,312,125.81"
"1087412,39.93"
"1360278,31.4"
"1,141,438,182.37"
"1279045,20.5"
"1318675,18.23"
"1150418,46.21"
"1,132,502,195.22"
"1205741,49.36"
"1,038,747,377.73"
"1,157,526,566.32"
"1,269,099,123.35"
"10,520,171,649.98"
"1,351,714,405.76"
"1,079,368,424.32"
"1,058,360,118.91"
"1,364,127,440.03"
"1,437,934,328.37"
"1,292,983,919.93"
"1,486,011,953.31"
"10,992,211,221.35"
"1,099,528,136.46"
"1,092,985,104.43"
"1,066,687,196.80"
"10,585,561,794.61"
"1,229,539,923.61"
"11,492,721,601.09"
"1,277,023,249.26"
"1,232,348,199.83"
"1,240,251,165.14"
"1,082,662,188.35"
"1,052,320,214.33"
"1447264,63.31"
"1,281,392,190.79"
"1,189,762,189.45"
"1,216,663,152.41"
"1,297,480,710.32"
"11,475,321,958.44"
"11,323,171,680.44"
"1067370,78.7"
"1158868,20.96"
"1396660,97.65"
"1,177,651,455.23"
"1,017,711,784.84"
"1,430,253,505.62"
"1366211,86.24"
"1,489,348,164.64"
"1134692,53.74"
"1,088,551,156.87"
"1,400,933,326.65"
"1,077,544,605.79"
"1329046,73.0"
"1054376,33.71"
"1041761,43.56"
"1,286,192,361.53"
"1,237,636,526.53"
"1,207,260,360.10"
"1,040,659,174.59"
"1,398,440,376.20"
"1,214,968,204.02"
"1,465,365,551.90"
"1,173,359,369.61"
"1,238,143,508.74"
"1,389,027,706.01"
"1,438,706,275.72"
"1,304,503,213.55"
"1,294,685,142.27"
"1356431,99.52"
"1,028,461,478.06"
"1,463,605,414.99"
"1,049,233,474.12"
"1,288,867,266.78"
"1,353,480,222.65"
"1,472,800,254.79"
"1,063,313,268.61"
"1,239,916,445.68"
"1,067,887,502.65"
"1110530,34.71"
"1205668,38.34"
"1382956,45.84"
"1305198,25.4"
"1222096,29.54"
"1053275,39.93"
"1,303,892,398.46"
"13,667,901,248.08"
"11,315,531,461.23"
"1071864,26.21"
"1166942,71.05"
"1386720,67.99"
"1402512,81.96"
"1,218,776,103.76"
"1,268,696,166.12"
"1,485,716,121.65"
"1,361,772,114.76"
"1,144,924,259.64"
"1,011,507,238.31"
"1300533,15.17"
"1144255,67.82"
"1253465,29.11"
"1140398,34.71"
"1,268,737,136.36"
"1008654,67.13"
"1,079,479,338.14"
"1,041,893,318.95"
"1,002,198,280.83"
"1,324,576,762.35"
"1,164,908,273.35"
"1,487,402,239.92"
"1298831,35.23"
"1,462,554,258.43"
"1,065,645,129.02"
"1,352,126,355.54"
"1,319,141,529.56"
"1,266,277,605.37"
"1086088,77.89"
"1,180,004,100.61"
"1,428,749,204.51"
"1,031,143,310.08"
"1,034,621,565.88"
"1,111,734,501.84"
"1151385,37.15"
"1390101,28.95"
"1422296,43.28"
"1129020,23.93"
"1012264,28.25"
"1,336,097,779.49"
"13,160,181,303.65"
"10,439,161,404.44"
"1154721,21.31"
"1446239,24.7"
"1,177,218,108.52"
"1,249,354,139.41"
"1,336,425,146.54"
"1,057,468,112.10"
"1307655,87.47"
"1066019,98.65"
"1378906,81.73"
"1,387,452,160.98"
"1,062,163,199.22"
"1244888,23.97"
"1259215,30.9"
"1,208,083,221.09"
"1100203,39.97"
"1131297,45.86"
"1467641,93.48"
"1,299,994,160.05"
"1,155,055,395.17"
"1,000,105,189.90"
"1,025,335,352.38"
"13,499,291,481.67"
"1,185,779,466.08"
"1,046,382,518.77"
"1025866,45.07"
"1,031,599,337.17"
"1,060,085,284.92"
"1,287,542,973.22"
"13,080,851,037.70"
"1,267,877,881.70"
"1,278,982,123.27"
"1291901,98.55"
"1,073,276,290.25"
"11,427,811,653.12"
"1,079,855,710.93"
"13,566,161,700.78"
"1187865,95.26"
"1,056,121,108.40"
"1242035,37.75"
"1078995,96.29"
"1,333,324,178.91"
"1068853,62.41"
"1,367,348,113.34"
"1,404,802,110.30"
"1,491,605,106.43"
"1,468,486,820.61"
"10,539,551,120.05"
"11,236,921,557.85"
"1350493,47.54"
"1291172,37.59"
"1357847,34.18"
"1,266,608,745.85"
"1,412,748,797.27"
"1,377,611,712.45"
"1,451,180,157.00"
"1,306,218,152.52"
"1,144,384,113.31"
"1,245,740,174.02"
"1,149,171,218.63"
"1,083,487,432.31"
"1362249,44.2"
"1202324,48.37"
"1,110,233,341.58"
"1,031,442,373.42"
"1,222,650,289.58"
"1248715,71.15"
"1,118,461,251.19"
"1,231,774,202.37"
"1,035,138,227.82"
"1,450,335,164.51"
"1,397,885,401.66"
"1,486,028,719.84"
"1,213,389,562.58"
"1,055,966,280.62"
"1444377,75.18"
"1,177,300,110.49"
"1380652,75.97"
"1,098,169,322.60"
"1,210,151,413.76"
"1,275,715,533.39"
"1,212,725,133.29"
"1,292,414,133.50"
"1169301,95.98"
"1,426,674,523.64"
"1,047,310,283.39"
"1,121,467,567.64"
"1,086,610,134.57"
"1440438,92.51"
"1,072,222,102.37"
"1416370,78.47"
"1,456,294,393.59"
"1,330,934,254.69"
"1,311,030,134.60"
"1474006,71.64"
"1033993,97.18"
"1,052,133,548.33"
"1,404,698,997.74"
"11,949,561,881.50"
"1270770,43.99"
"1013434,52.64"
"1040462,26.97"
"1,369,168,175.32"
"1,117,429,164.64"
"1,339,008,448.91"
"1449755,42.51"
"1336558,40.3"
"1369059,42.54"
"1,419,513,185.72"
"1,295,497,124.58"
"1,495,193,181.07"
"1009387,51.33"
"1,489,542,138.51"
"1,442,804,107.98"
"1,332,189,348.22"
"1,499,518,289.61"
"1,379,662,279.76"
"1,468,175,152.89"
"1,052,376,221.49"
"1,130,535,131.73"
"1180055,49.56"
"1,030,286,139.18"
"1227742,52.01"
"1,167,629,198.23"
"1,469,431,268.35"
"1,390,427,268.05"
"1401174,97.38"
"1394966,89.24"
"1,161,844,335.55"
"1,345,514,286.12"
"1,211,349,239.81"
"1247038,40.92"
"1343032,83.85"
"1391420,47.97"
"1275184,38.93"
"1251536,39.19"
"1,325,298,230.47"
"1,465,194,736.42"
"12,327,851,405.18"
"1,122,843,101.32"
"1,003,413,143.57"
"1,207,858,200.36"
"1283777,38.89"
"1476365,37.46"
"1419230,29.59"
"1116062,61.83"
"1,164,662,188.25"
"1,074,978,137.12"
"1,089,445,940.90"
"14,995,041,135.10"
"1,023,661,228.92"
"1,094,690,427.82"
"1,480,916,841.01"
"1,082,120,109.99"
"1370405,82.41"
"1381638,40.99"
"1,268,097,323.00"
"1,343,145,277.44"
"1,096,442,382.17"
"1451556,67.56"
"1,010,218,127.45"
"1,366,713,172.94"
"1,058,122,258.91"
"1,319,974,226.14"
"1,360,289,234.50"
"1398540,44.82"
"1189023,41.48"
"1402888,19.44"
"1483429,16.71"
"1349515,24.25"
"1,458,343,114.07"
"1,222,330,633.15"
"14,970,521,496.63"
"1195504,15.21"
"1262825,25.21"
"1,007,957,103.30"
"1,180,672,187.57"
"1,391,916,190.71"
"1387003,15.37"
"1227588,90.71"
"1019300,17.64"
"1445161,27.78"
"1496802,28.62"
"1223894,85.79"
"1393921,33.81"
"1,319,382,366.82"
"1,275,605,431.86"
"1404071,96.35"
"1,338,733,433.95"
"1,418,346,347.32"
"1,209,298,116.31"
"1389663,31.33"
"1332257,86.13"
"1144509,63.98"
"1,256,024,362.46"
"1,331,367,335.35"
"1,004,578,435.70"
"1,346,606,173.20"
"1,200,413,162.90"
"1,332,431,184.97"
"1,133,666,487.20"
"1,259,331,273.70"
"1,095,638,394.83"
"1049770,99.69"
"1006149,66.2"
"1104854,47.99"
"1,159,662,143.54"
"1,157,559,102.76"
"1209556,44.27"
"1086282,25.9"
"1349724,33.62"
"1,250,084,289.95"
"1,320,497,671.20"
"12,483,732,228.57"
"1279339,26.15"
"1,359,744,129.27"
"1,262,299,178.27"
"1,376,287,260.01"
"1338544,39.37"
"1425455,28.93"
"1,459,453,104.09"
"1232796,36.9"
"1434549,97.44"
"1067348,26.94"
"1274821,91.47"
"1058362,58.28"
"1,472,460,383.80"
"1,210,078,303.15"
"1,218,897,173.85"
"10,387,911,522.41"
"1,021,993,855.87"
"1,188,905,234.16"
"1212228,33.16"
"1,168,918,172.43"
"1144232,84.18"
"1,115,180,508.67"
"1,031,803,623.55"
"1,152,573,868.68"
"1091471,65.59"
"1388976,94.43"
"1,381,358,222.28"
"1,130,619,395.14"
"1,139,577,263.73"
"1,326,969,919.70"
"1384889,93.73"
"1232549,74.79"
"1216944,92.45"
"1145467,95.07"
"1245225,77.43"
"1268061,31.67"
"1108169,46.84"
"1270179,62.88"
"1,077,955,529.63"
"13,589,431,402.69"
"11,818,711,332.21"
"1346636,33.78"
"1280906,37.17"
"1432772,32.5"
"1,050,289,263.30"
"1,015,088,230.98"
"1,406,512,249.45"
"1452410,83.61"
"1,345,120,121.05"
"1492039,99.48"
"1,135,545,106.34"
"1,095,231,233.55"
"1,052,061,345.24"
"1180965,27.46"
"1415441,31.65"
"1181335,29.2"
"1,108,509,467.91"
"1,185,994,307.39"
"1,050,693,170.87"
"1088772,40.8"
"1177684,84.79"
"1447902,88.9"
"1,119,531,218.37"
"1,137,260,113.89"
"1,171,690,347.63"
"1,349,640,884.17"
"1,013,001,273.39"
"1,085,396,128.24"
"1,210,473,121.77"
"1,383,428,101.77"
"1420224,89.76"
"1,436,586,516.18"
"1,411,161,438.99"
"1,242,304,682.86"
"1,271,724,113.78"
"1066734,69.45"
"1,389,761,222.83"
"1,007,829,503.18"
"1,358,951,278.89"
"1,366,689,614.54"
"1411916,69.23"
"1448616,32.31"
"1498333,37.33"
"1162719,56.33"
"1021598,38.24"
"1034912,36.65"
"1039898,34.04"
"1004559,43.31"
"1,361,824,581.39"
"14,136,811,137.38"
"12,532,751,516.79"
"1120019,22.87"
"1,428,931,175.90"
"1,393,220,165.40"
"1,189,592,238.02"
"1,304,893,243.76"
"1,196,547,132.64"
"1,234,362,168.04"
"1096408,90.94"
"1,015,877,195.06"
"1,452,142,220.82"
"1317910,37.35"
"1014438,29.56"
"1151863,23.73"
"1245920,54.1"
"1,405,401,114.28"
"1271433,62.54"
"1189202,34.12"
"1,152,407,125.96"
"1086170,86.24"
"1,082,523,334.26"
"1,446,998,199.94"
"1,433,590,148.81"
"1,031,471,690.64"
"1,404,058,170.01"
"1,419,372,170.88"
"1464863,40.17"
"1,041,129,141.14"
"1089153,95.02"
"1,403,041,227.65"
"1,446,499,559.87"
"1,279,331,260.00"
"1,368,546,112.56"
"1389405,96.31"
"1,081,122,143.90"
"1,158,128,431.51"
"1,345,826,496.86"
"1,392,817,602.98"
"1432390,29.33"
"1360123,28.51"
"1207971,49.68"
"1318026,73.72"
"1017200,48.74"
"1001837,35.39"
"1,068,162,311.37"
"12,689,931,541.41"
"13,317,101,425.29"
"1393810,18.79"
"1299363,24.21"
"1295451,49.35"
"1290936,64.74"
"1,100,322,100.25"
"1053078,63.27"
"1,446,887,127.10"
"1,489,133,150.38"
"1,222,642,246.19"
"1,185,374,242.28"
"1188655,25.83"
"1219979,43.54"
"1,130,670,170.01"
"1124601,37.33"
"1458686,49.42"
"1248048,29.81"
"1,474,450,133.78"
"1,427,746,127.40"
"1,346,290,321.91"
"1,204,575,187.86"
"1,483,269,773.84"
"1,214,130,322.92"
"1,347,952,333.95"
"1,463,410,185.43"
"1119490,66.46"
"1,284,206,107.45"
"1257317,59.17"
"1,079,666,305.79"
"1,170,512,329.11"
"1,208,467,302.40"
"1466198,51.87"
"1,270,068,159.13"
"1417092,58.86"
"1,302,292,355.02"
"1,255,787,192.39"
"1,483,725,476.16"
"1306889,85.4"
"1,474,997,104.07"
"1164216,67.71"
"1377872,87.28"
"1,054,478,128.58"
"1,104,736,122.69"
"1473421,34.83"
"1422919,21.57"
"1044743,46.31"
"1,049,667,222.17"
"12,141,451,019.64"
"12,905,042,133.92"
"1114571,26.8"
"1413083,31.51"
"1235782,28.16"
"1,438,802,149.58"
"1,176,285,141.36"
"1,430,576,276.60"
"1123997,71.71"
"1198524,38.14"
"1,195,152,117.28"
"1,249,481,156.76"
"1,317,440,173.09"
"1047777,58.65"
"1,187,505,134.19"
"1021611,96.14"
"1,337,388,228.40"
"1,039,778,287.72"
"1,252,627,119.87"
"13,547,191,490.96"
"1,381,352,574.53"
"1,430,679,322.01"
"1161082,51.28"
"1,213,511,168.08"
"1,055,182,258.39"
"1,040,633,734.63"
"1,346,803,663.51"
"1,259,804,894.19"
"1,112,317,109.50"
"1,489,069,121.50"
"1,349,919,248.48"
"1,487,539,906.69"
"1,426,307,451.55"
"1,114,271,980.15"
"1,007,918,139.60"
"1013318,85.96"
"1166543,52.48"
"1410365,74.39"
"1062577,77.77"
"1051401,86.88"
"1364228,53.3"
"1438085,69.4"
"1076982,61.54"
"1,479,459,676.77"
"11,707,121,236.69"
"14,608,941,575.53"
"1311386,34.56"
"1436420,24.42"
"1436746,35.4"
"1225685,76.73"
"1,128,539,127.52"
"1,185,698,273.10"
"1365509,63.36"
"1,281,758,125.44"
"1395999,71.16"
"1,241,768,112.81"
"1,046,319,233.70"
"1,076,695,391.83"
"1078579,67.6"
"1195817,27.11"
"1,273,884,149.84"
"1,039,589,328.40"
"1,281,969,212.51"
"1340721,43.8"
"1,202,035,229.21"
"1,442,844,138.13"
"1,204,846,320.96"
"1,428,028,324.04"
"1,102,785,217.33"
"1,478,615,922.28"
"1,429,643,549.91"
"1,436,356,190.77"
"1221917,51.49"
"1,006,261,190.01"
"1436526,73.11"
"1,435,423,329.96"
"1,105,663,290.02"
"1,288,768,346.42"
"1236590,64.92"
"1038286,92.64"
"1348063,59.7"
"1,254,383,519.97"
"1,465,908,254.81"
"1,193,244,445.85"
"1139130,71.29"
"1,287,019,249.37"
"1045716,41.42"
"1,124,713,195.39"
"1,492,002,101.94"
"1074491,19.05"
"1126741,47.37"
"1443689,50.51"
"1,428,574,270.15"
"1,230,706,629.36"
"12,443,971,414.83"
"1400135,57.15"
"1123096,28.24"
"1,462,006,105.21"
"1,396,409,162.11"
"1,112,056,154.18"
"1201241,48.86"
"1215173,61.35"
"1,323,732,103.40"
"1063594,96.41"
"1063009,42.95"
"1487985,98.37"
"1206972,83.34"
"1,074,677,379.34"
"1,347,976,322.16"
"1,120,911,172.67"
"1,230,213,171.99"
"1,412,241,186.45"
"1,199,853,179.66"
"1,126,038,114.00"
"1,065,218,273.07"
"1,407,227,285.50"
"1,195,857,288.76"
"1064848,62.0"
"1,347,932,164.73"
"1,006,934,179.54"
"1,415,546,358.61"
"1,436,167,422.87"
"1,155,840,303.51"
"1312853,26.9"
"1341473,36.0"
"1210234,83.07"
"1,420,426,217.59"
"1,264,068,378.70"
"1,160,231,234.05"
"1271169,15.64"
"1,343,779,223.83"
"1,392,612,280.53"
"1460115,85.05"
"1209508,91.76"
"1,308,035,125.21"
"1051361,84.55"
"1,394,502,145.87"
"1,002,584,133.10"
"1,256,382,179.15"
"1116102,20.87"
"1439873,31.43"
"1,327,818,113.79"
"1053247,49.29"
"1,240,755,341.61"
"1,323,007,367.40"
"1,159,217,128.17"
"1,297,121,758.55"
"1,251,244,351.51"
"1,166,952,369.85"
"1,110,279,109.58"
"1,479,251,788.57"
"1,065,455,890.55"
"1,345,832,706.36"
"1112122,94.36"
"1,177,948,116.94"
"1,296,522,241.98"
"11,926,811,041.70"
"1,098,695,563.31"
"11,419,211,117.53"
"1,039,561,135.34"
"1355647,53.3"
"1,401,737,156.19"
"1,122,214,139.26"
"1297460,97.6"
"1311455,30.79"
"1,224,680,101.62"
"1376192,95.8"
"1,295,323,672.18"
"1,369,118,340.87"
"1,022,614,235.32"
"1273467,47.54"
"1070150,53.18"
"1264565,97.63"
"1,494,909,142.49"
"1,456,589,210.00"
"1,300,093,151.19"
"1,264,244,183.27"
"1036623,85.47"
"1,370,665,134.93"
"1,073,776,210.53"
"1,280,462,403.21"
"1,070,455,200.13"
"1,286,196,278.68"
"1,101,505,320.45"
"1,493,032,211.68"
"1,337,248,273.79"
"1,342,588,299.86"
"1,403,685,194.38"
"1489882,62.94"
"1,286,032,359.99"
"1,211,075,402.53"
"1,026,057,167.59"
"10,646,021,570.57"
"1,353,965,437.22"
"1,386,866,409.86"
"1,160,326,219.43"
"1,148,469,245.08"
"1,132,573,905.21"
"1,187,850,765.01"
"10,427,941,048.01"
"1,344,308,183.65"
"1,435,741,133.99"
"1,376,274,223.73"
"1,004,231,740.98"
"1,375,428,539.69"
"11,996,471,277.21"
"1258593,65.82"
"1437106,76.63"
"1164714,36.11"
"1,224,157,139.80"
"1,335,725,103.27"
"1154647,96.0"
"1009205,93.26"
"1363194,71.17"
"1,283,426,550.12"
"1,040,538,782.23"
"1,262,515,224.70"
"1308549,33.13"
"1290578,48.16"
"1,123,768,342.30"
"1,042,657,463.71"
"1,493,836,572.65"
"1,198,936,119.51"
"1,241,905,145.23"
"1,322,681,114.39"
"1,084,980,139.60"
"1,237,375,181.76"
"1,433,203,374.89"
"1,462,240,375.22"
"1,068,496,396.64"
"1,108,927,366.09"
"1,017,569,168.09"
"1,040,287,233.73"
"1,317,606,175.80"
"1,077,866,172.35"
"1,051,554,157.56"
"1,415,325,436.26"
"1,055,592,411.13"
"1,367,086,386.95"
"1,062,437,809.44"
"1,314,739,481.73"
"1,281,487,211.68"
"1397451,43.95"
"1137571,99.82"
"1444927,50.69"
"1,309,062,259.61"
"1,208,174,444.24"
"1,426,728,377.46"
"1492697,65.69"
"1,213,366,145.41"
"1,095,300,101.92"
"1,130,546,427.78"
"1,436,318,261.64"
"1,435,826,482.72"
"1277555,64.91"
"1470434,74.4"
"1044776,75.82"
"1377517,58.1"
"1,237,424,135.27"
"1,059,397,112.89"
"1251007,27.69"
"1034410,41.66"
"1231783,67.18"
"1,359,714,297.37"
"1,499,444,623.14"
"1,130,159,310.23"
"1160666,37.68"
"1096428,25.48"
"1,183,244,147.71"
"1,497,213,179.42"
"1,133,933,227.61"
"1,484,931,168.06"
"1,163,656,130.76"
"1,054,238,132.88"
"1,366,429,199.78"
"1052440,44.73"
"1,085,386,233.89"
"1065786,36.01"
"1,173,024,126.78"
"1,241,367,163.06"
"1,075,922,370.38"
"1,131,198,359.42"
"1,025,817,280.73"
"1,045,739,306.95"
"1,248,427,350.66"
"1,202,630,110.86"
"1452148,48.56"
"1,376,464,105.70"
"1349681,47.42"
"1,102,915,256.53"
"1,433,582,297.61"
"1,359,440,288.15"
"1,454,430,120.59"
"1,149,507,156.75"
"1,053,941,106.14"
"1,110,939,426.80"
"1,221,336,216.75"
"1,456,565,360.73"
"1121108,99.88"
"1098671,52.24"
"1,345,677,138.95"
"1160411,62.8"
"1,470,231,125.41"
"1313922,89.48"
"1,208,175,108.70"
"1310176,30.06"
"1179458,58.84"
"1,269,200,289.83"
"1,295,030,658.06"
"1,164,729,340.85"
"1406814,27.51"
"1,259,984,108.11"
"1,480,971,213.56"
"1,369,433,293.07"
"1,481,945,103.10"
"1458526,87.21"
"1,187,631,115.08"
"1003496,56.95"
"1094142,62.76"
"1,247,091,117.79"
"1234865,39.22"
"1,168,628,282.37"
"1,419,823,328.47"
"1,439,166,486.68"
"1,385,699,410.34"
"1,106,938,182.72"
"13,192,732,759.62"
"11,085,921,335.84"
"1,352,123,490.64"
"1115675,90.4"
"1,423,330,457.96"
"1,466,429,261.86"
"1,403,820,874.10"
"10,347,531,090.52"
"10,299,462,153.42"
"1221080,82.44"
"1,031,048,116.54"
"1,206,298,219.24"
"11,672,561,944.24"
"1,122,935,960.80"
"14,948,221,795.40"
"1,472,817,280.14"
"1,219,683,250.36"
"1,019,816,194.32"
"1,290,506,307.05"
"1,205,948,408.17"
"1,494,544,145.26"
"1,139,910,145.52"
"1,145,773,107.28"
"1,364,143,156.93"
"10,350,211,026.40"
"11,798,791,158.97"
"1,256,351,326.28"
"1341899,91.01"
"1196209,75.92"
"1403548,79.99"
"1,021,163,374.52"
"1,240,555,575.28"
"1,198,318,758.14"
"1,115,576,207.47"
"1,192,089,197.57"
"1,071,064,164.25"
"1,173,754,212.34"
"1,271,551,236.58"
"1,065,067,696.42"
"1,137,709,467.15"
"1,276,382,500.06"
"1,263,231,469.97"
"1,456,061,612.78"
"1,207,945,543.52"
"1,162,708,436.18"
"1,418,928,100.58"
"1,068,894,306.71"
"1,304,937,167.13"
"1,409,355,534.27"
"1,099,728,376.18"
"1,457,969,349.40"
"1,029,462,803.53"
"1,472,551,415.42"
"1,033,848,209.99"
"1,453,084,104.39"
"1312690,97.67"
"1,122,710,440.00"
"1,126,546,500.63"
"1,459,930,659.86"
"1,348,574,141.56"
"1,191,403,209.85"
"1,006,930,109.97"
"1,073,869,443.40"
"1,256,986,206.02"
"1,003,790,470.48"
"1440509,29.79"
"1357988,35.8"
"1195872,67.12"
"1,389,720,103.87"
"1204827,39.24"
"1,424,127,381.68"
"1,275,924,542.56"
"1,259,126,243.85"
"1200350,27.36"
"1214706,24.45"
"1192004,27.37"
"1,342,075,231.33"
"1,301,366,401.18"
"1,107,583,567.98"
"1044020,61.05"
"1079356,34.43"
"1130825,74.6"
"1,256,962,153.68"
"1,016,138,286.38"
"1,472,749,322.58"
"1,169,405,198.19"
"1,159,026,194.33"
"1,031,233,174.92"
"1,107,474,111.34"
"1411938,76.68"
"1037033,59.39"
"1,417,616,116.02"
"1222062,73.0"
"1,001,298,233.69"
"1,066,766,184.47"
"1,094,571,162.11"
"12,447,601,292.18"
"1,333,985,537.12"
"1,209,429,475.41"
"1226436,41.64"
"1,425,154,308.05"
"1,311,629,248.58"
"1,144,183,944.60"
"1,429,715,916.27"
"12,084,661,247.42"
"1,111,558,109.62"
"1,152,967,100.28"
"1,065,384,236.80"
"1,068,449,837.43"
"1,113,889,745.95"
"12,572,901,645.32"
"1,425,475,103.20"
"1451729,93.22"
"1345965,51.99"
"1,328,020,124.12"
"1,242,837,156.84"
"1,166,830,112.36"
"1099026,58.23"
"1,061,158,110.01"
"1075796,77.01"
"1,225,695,786.16"
"1,250,311,776.56"
"1,488,938,228.96"
"1180576,68.36"
"1407193,25.09"
"1310002,51.02"
"1,483,754,484.05"
"1,403,428,579.14"
"1,119,464,564.89"
"1,070,992,125.84"
"1,253,791,133.74"
"1,351,968,126.19"
"1,370,126,142.37"
"1,141,879,291.66"
"1,109,924,383.08"
"1,178,105,312.77"
"1,361,418,306.30"
"1,225,914,227.05"
"1,072,061,190.92"
"1,148,318,429.24"
"1,210,725,253.64"
"1316042,90.57"
"1,405,337,129.16"
"1,227,075,159.91"
"1,488,310,251.36"
"1,267,286,156.52"
"1,394,596,265.08"
"1,434,331,323.21"
"1,171,798,252.57"
"1,499,724,138.26"
"1,238,128,109.18"
"1303822,77.17"
"1,435,944,233.98"
"1,413,796,236.82"
"1,353,151,217.84"
"1,470,758,109.37"
"1055665,84.17"
"1,379,504,117.85"
"1,055,047,359.52"
"1,097,126,154.10"
"1,036,089,393.17"
"1231013,91.3"
"1185115,48.35"
"1265509,73.65"
"1051775,44.91"
"1309244,91.56"
"1124451,87.52"
"1045993,36.87"
"1048036,45.32"
"1,180,259,273.82"
"1,127,856,536.30"
"1,338,781,300.15"
"1406741,17.92"
"1270213,54.18"
"1,391,432,118.44"
"1,338,985,184.90"
"1,444,583,237.51"
"1,096,103,146.38"
"1,041,898,126.80"
"1,320,374,232.83"
"1145189,99.38"
"1013702,31.54"
"1127530,44.73"
"1344951,40.81"
"1,359,741,322.62"
"1,143,761,169.77"
"1,107,783,214.42"
"1,204,894,285.24"
"1,119,851,226.00"
"1,411,863,263.53"
"1,109,365,239.70"
"1023254,47.34"
"1049722,95.43"
"1,472,117,167.60"
"1,079,503,236.21"
"1,132,971,148.40"
"1,424,798,126.71"
"1,463,339,159.29"
"1,349,534,123.51"
"1,246,934,244.98"
"1,372,989,138.72"
"1,433,325,316.56"
"1374574,48.88"
"1166069,30.91"
"1356561,83.46"
"1006332,39.47"
"1080246,25.7"
"1001640,49.84"
"1306327,37.34"
"1,334,645,209.58"
"1,103,072,413.69"
"1,019,198,177.82"
"1387955,46.04"
"1,285,096,102.59"
"1,178,953,116.10"
"1,327,758,196.80"
"1,442,249,131.49"
"1,474,801,143.87"
"1,185,326,141.56"
"1456287,30.46"
"1418907,47.69"
"1076446,59.28"
"1335270,43.46"
"1,183,823,201.88"
"1404113,74.72"
"1,222,710,242.32"
"1,079,833,326.23"
"1,104,304,166.21"
"1,033,468,391.52"
"1,252,992,341.41"
"1,105,979,199.85"
"1002568,58.44"
"1,440,560,123.76"
"1309705,91.16"
"1,476,514,178.82"
"1,259,771,381.76"
"1,111,871,359.48"
"1433375,68.94"
"1199447,62.43"
"1113838,32.56"
"1,230,996,621.87"
"1,303,454,326.41"
"1,097,156,850.26"
"1,056,173,151.84"
"1,198,565,105.88"
"1,489,660,155.22"
"1,173,954,161.15"
"1,041,203,293.80"
"1,043,060,276.39"
"1495717,58.71"
"1076108,83.21"
"1411915,67.32"
"1,428,524,518.02"
"1,089,951,600.80"
"1,010,515,204.88"
"1203271,72.42"
"1453928,29.9"
"1151268,71.98"
"1,068,951,116.66"
"1,369,718,187.36"
"1,091,017,179.39"
"1,203,897,129.04"
"1,286,862,148.57"
"1,195,043,108.31"
"1,439,742,144.04"
"1,291,300,178.62"
"1,178,037,232.67"
"1023669,97.25"
"1,048,200,169.55"
"1,133,637,122.04"
"1,482,215,363.10"
"1,298,145,365.79"
"1,123,307,163.70"
"1,245,183,124.02"
"1,116,213,153.08"
"1,495,219,202.50"
"1320236,26.33"
"1,427,938,111.78"
"1059972,74.05"
"1,438,573,193.90"
"1,114,784,210.02"
"1,187,973,751.18"
"1,462,124,128.06"
"1,151,450,138.28"
"1,027,884,139.04"
"1,042,038,248.37"
"1,216,683,199.66"
"1,405,703,145.89"
"1487930,20.31"
"1198172,19.82"
"1150785,38.96"
"1,184,753,213.62"
"1,073,671,369.98"
"1,441,244,229.84"
"1408360,22.09"
"1400061,99.71"
"1,373,267,111.07"
"1,070,795,126.63"
"1443342,86.1"
"1,274,489,150.85"
"1,155,200,197.32"
"1438279,22.03"
"1240169,37.32"
"1,439,950,139.84"
"1108978,62.29"
"1,373,622,376.43"
"1,184,062,508.23"
"1,087,129,122.63"
"1,124,103,451.38"
"1,170,492,224.84"
"1,035,358,238.04"
"1,087,749,137.77"
"1,102,820,196.43"
"1,158,437,227.59"
"1,394,740,244.69"
"1,240,884,110.53"
"1,178,760,118.83"
"1,421,019,270.94"
"1,348,128,159.28"
"1,366,149,209.63"
"1242141,31.06"
"1272003,28.64"
"1115507,47.19"
"1,142,943,123.87"
"1,344,252,163.11"
"1106883,60.03"
"1051057,13.68"
"1312752,33.1"
"1368420,94.83"
"1,419,755,157.67"
"1,323,227,255.08"
"1,371,081,153.27"
"1,195,197,108.09"
"1,289,562,122.51"
"1218415,47.6"
"1161177,19.87"
"1,241,146,227.85"
"1,040,244,216.38"
"1,112,492,325.30"
"1,462,810,400.85"
"1155368,61.01"
"1,088,775,800.63"
"1,180,610,318.29"
"1,004,376,332.05"
"1347755,53.66"
"1,221,280,152.17"
"1071175,92.83"
"1,017,674,368.54"
"1,349,547,607.49"
"1,469,809,671.20"
"1,112,827,144.56"
"1,427,859,150.45"
"1,201,215,178.43"
"1,387,604,429.92"
"1,447,167,462.11"
"1,163,414,735.02"
"1063388,40.56"
"1027602,43.55"
"1248223,47.91"
"1043945,36.81"
"1018609,55.66"
"1402783,47.37"
"1144711,40.05"
"1165133,26.99"
"1,157,864,399.89"
"1,158,723,572.19"
"1,371,967,217.19"
"1484515,25.5"
"1403718,30.11"
"1,335,135,246.50"
"1,459,471,247.99"
"1,470,572,379.83"
"1,076,650,104.76"
"1042531,92.27"
"1,065,297,103.73"
"1402946,84.7"
"1,445,860,238.85"
"1,309,288,227.41"
"1,340,685,236.13"
"1,175,433,224.47"
"1,012,081,177.23"
"1,018,456,204.48"
"1,057,303,151.18"
"1080644,43.85"
"1,402,350,237.79"
"1,170,609,194.71"
"1,139,792,298.05"
"1,040,547,167.14"
"1,477,002,249.04"
"1,417,996,741.20"
"1,194,929,321.96"
"1,248,088,268.72"
"1,378,461,124.42"
"1,107,124,114.06"
"1,156,793,458.70"
"1,431,686,430.01"
"1,035,108,720.93"
"1,452,533,150.50"
"1,403,241,120.24"
"1,328,803,227.22"
"1,407,650,508.09"
"1,344,744,327.11"
"1,227,764,431.16"
"1396476,43.41"
"1013774,35.15"
"1349648,30.55"
"1114022,17.66"
"1075237,37.31"
"1,467,100,473.86"
"1,055,368,603.36"
"1,263,571,233.40"
"1296593,26.69"
"1,441,634,105.69"
"1,447,046,126.04"
"1,423,212,179.81"
"1257511,64.89"
"1023518,16.35"
"1040360,53.85"
"1093150,95.0"
"1,449,241,145.18"
"1,127,853,351.40"
"1,216,929,220.98"
"1,198,481,127.16"
"1,297,015,150.56"
"1,478,926,133.57"
"1267173,77.65"
"1,010,715,114.35"
"1051153,65.27"
"1,121,717,258.79"
"1,283,901,146.41"
"1,157,822,355.21"
"1,196,384,316.97"
"1,186,113,249.53"
"1,397,319,107.46"
"1070135,55.0"
"1,243,150,102.80"
"1141894,73.27"
"1,119,592,169.64"
"1,355,543,164.97"
"1,466,185,237.86"
"1369479,58.34"
"1002219,73.28"
"1,065,122,117.31"
"1,355,774,535.27"
"1,034,449,242.01"
"1,298,800,651.98"
"1,168,048,115.86"
"1487535,91.85"
"1013139,75.77"
"1148419,54.4"
"1,430,932,132.51"
"1,212,520,165.89"
"1242479,25.24"
"1376197,69.36"
"1162830,83.22"
"1,364,844,260.65"
"1,144,242,388.62"
"1,095,968,188.08"
"1432738,15.38"
"1161807,92.14"
"1,188,656,130.33"
"1,317,286,175.62"
"1,021,595,126.43"
"1,267,460,125.47"
"1,426,163,133.22"
"1325488,80.62"
"1360973,55.4"
"1,315,155,135.18"
"1269059,50.93"
"1,490,516,107.07"
"1080973,60.23"
"1,190,162,287.82"
"1,339,318,305.43"
"1,288,832,163.33"
"1,295,195,879.58"
"1,158,135,682.48"
"1,065,978,174.88"
"1434129,53.64"
"1,073,284,108.69"
"1299247,50.09"
"1,351,771,240.61"
"1,074,640,355.88"
"1,479,465,365.81"
"1489347,96.72"
"1,181,166,125.81"
"1,202,899,160.82"
"1,045,208,496.18"
"1,102,611,213.35"
"1,387,920,619.58"
"1,179,968,114.47"
"1,331,102,112.16"
"1479186,49.76"
"1,481,499,134.83"
"1,115,642,199.26"
"1049247,31.39"
"1306038,74.39"
"1095596,64.6"
"1,016,502,359.73"
"1,132,512,422.20"
"1,154,248,293.39"
"1402507,18.6"
"1130490,48.73"
"1034827,54.53"
"1,050,303,146.87"
"1,462,532,214.39"
"1,322,647,272.46"
"1,452,624,335.40"
"1,462,600,177.05"
"1,430,777,163.43"
"1,245,813,129.43"
"1115240,67.78"
"1,032,047,136.35"
"1008796,24.66"
"1,178,964,153.27"
"1299848,50.92"
"1,254,741,283.81"
"1,135,400,339.34"
"1,319,687,295.23"
"1,390,606,160.81"
"1,443,225,154.65"
"1153270,93.22"
"1342968,61.59"
"1254768,83.34"
"1113748,53.7"
"1,181,440,127.01"
"1,118,245,221.51"
"1,035,476,239.84"
"1,013,138,104.09"
"1,370,975,124.51"
"1,112,604,117.71"
"1,497,422,227.80"
"1165214,86.93"
"1,377,941,237.00"
"1240800,42.06"
"1386829,41.46"
"1237087,81.7"
"1217868,73.78"
"1,292,980,104.26"
"1,122,637,168.37"
"1,376,752,375.33"
"1,229,220,128.56"
"1193421,23.12"
"1,383,125,120.41"
"1,169,578,101.78"
"1,281,507,203.19"
"1,461,952,126.87"
"1415989,63.8"
"1,276,319,147.78"
"1440217,99.77"
"1022493,22.27"
"1300917,23.78"
"1193727,45.89"
"1,402,486,106.14"
"1136905,43.79"
"1,499,372,219.55"
"1,109,225,285.87"
"1350713,89.84"
"13,550,881,496.76"
"1,138,222,497.83"
"1,385,476,671.42"
"1,398,591,153.86"
"1,300,896,491.97"
"1,162,031,510.59"
"1,277,815,907.24"
"1,362,188,105.28"
"1362254,70.26"
"1,274,284,198.33"
"1,178,264,564.27"
"1,091,379,327.60"
"1,041,602,983.25"
"1,028,066,122.41"
"1,013,847,112.74"
"1,372,516,194.63"
"1,280,063,135.41"
"1,108,464,156.18"
"1130725,38.65"
"1268768,77.36"
"1490016,60.77"
"1,347,411,483.24"
"1,171,863,461.25"
"1,434,725,245.90"
"1335442,62.84"
"1496650,57.93"
"1306499,36.17"
"1,351,858,210.93"
"1,438,518,240.90"
"1,446,150,248.72"
"1,412,369,109.04"
"1022628,72.96"
"1191341,40.28"
"1,232,719,104.91"
"1,114,376,179.21"
"1,028,985,297.03"
"1,147,013,342.53"
"1,181,119,179.93"
"1,071,327,256.30"
"1,460,463,222.12"
"1,031,315,301.89"
"1,312,685,318.24"
"1232285,69.2"
"1,101,299,127.83"
"1,014,795,146.00"
"1,067,057,231.51"
"1,422,192,181.90"
"1,272,721,159.86"
"11,373,571,024.93"
"1,467,695,324.01"
"1,069,575,288.02"
"1160879,37.4"
"1,495,109,147.69"
"1,161,253,105.51"
"1,483,609,824.48"
"1,045,099,685.25"
"1,164,413,802.46"
"1,038,291,283.06"
"1,266,238,164.60"
"1,237,923,276.78"
"1,149,195,754.24"
"1,475,934,441.26"
"1,479,609,722.75"
"1376770,91.23"
"1493195,39.98"
"1354760,90.15"
"1,349,895,102.29"
"1122970,44.2"
"1030480,39.51"
"1349078,59.44"
"1,304,303,482.99"
"1,233,427,540.25"
"1,170,183,295.87"
"1330894,20.86"
"1135861,37.45"
"1097976,31.63"
"1,189,946,167.33"
"1,254,653,167.28"
"1,076,146,309.24"
"1,133,854,102.89"
"1029733,60.54"
"1252838,64.07"
"1,482,077,141.90"
"1,100,816,200.13"
"1,226,702,242.02"
"1,367,646,246.52"
"1,214,264,227.90"
"1,270,356,212.45"
"1,359,586,160.99"
"1,321,874,235.68"
"1,271,568,133.44"
"1205338,30.5"
"1,256,154,184.83"
"1,331,634,278.03"
"1,406,428,293.41"
"1,363,192,292.47"
"1,294,110,208.62"
"1,355,035,737.58"
"1,179,175,585.02"
"1,232,535,397.71"
"1,024,745,105.99"
"1,314,199,103.90"
"1246353,95.59"
"1,149,555,311.31"
"1,396,135,351.27"
"1,079,551,377.24"
"1,053,202,142.54"
"1,072,177,116.43"
"1,025,739,151.40"
"1,038,618,407.62"
"1,287,323,284.60"
"1,442,692,595.57"
"1,288,843,152.96"
"1148186,94.4"
"1242462,65.32"
"1,395,800,136.46"
"1,040,709,210.88"
"1,461,640,182.95"
"1046363,44.0"
"1086057,66.06"
"1049890,63.3"
"1,334,924,522.13"
"1,096,318,737.58"
"1,498,269,285.04"
"1425062,33.35"
"1,242,346,155.94"
"1,234,773,148.86"
"1,130,917,405.86"
"1,341,706,263.54"
"1,337,776,234.01"
"1,495,700,163.60"
"1,402,640,114.20"
"1147717,61.4"
"1,074,836,136.89"
"1019957,52.95"
"1,183,904,174.70"
"1,062,706,264.87"
"1,140,872,270.95"
"1,280,927,277.89"
"1,107,079,131.97"
"1,094,469,198.71"
"1,224,648,231.17"
"1329069,92.65"
"1209615,51.51"
"1134462,91.29"
"1373589,61.68"
"1,431,663,171.77"
"1,211,468,257.64"
"1,036,586,320.89"
"1,457,291,132.72"
"1449226,86.54"
"1,295,444,205.43"
"1,320,860,416.22"
"1,080,195,178.16"
"1,206,927,258.78"
"1413962,35.18"
"1465742,52.18"
"1142485,92.08"
"1389582,23.36"
"1219033,44.34"
"1,309,985,274.18"
"1,013,207,517.34"
"1,254,585,181.76"
"1,443,503,113.70"
"1,057,520,202.23"
"1,224,403,199.07"
"1,275,191,323.30"
"1,319,481,228.90"
"1,345,883,121.84"
"1255434,90.57"
"1177914,21.28"
"1014131,32.11"
"1187833,25.02"
"1,445,028,132.53"
"1,443,519,103.42"
"1,471,250,243.13"
"1,395,007,288.19"
"1,055,248,215.75"
"1,094,576,413.70"
"1,354,825,163.63"
"1,451,735,190.93"
"1,059,843,184.77"
"1,198,932,178.42"
"1,342,721,295.19"
"1,377,975,111.86"
"1,066,650,248.66"
"1,389,377,221.85"
"1,169,870,108.66"
"1,037,756,124.93"
"1171909,21.28"
"1039265,28.12"
"1268871,34.21"
"1297532,21.72"
"1343822,97.61"
"1,012,465,489.78"
"1,104,045,206.70"
"1269118,49.77"
"1082751,45.7"
"1,267,215,158.90"
"1,008,110,247.26"
"1,232,056,249.61"
"1292674,71.56"
"1379099,72.24"
"1,008,574,128.45"
"1264193,71.97"
"1283225,44.93"
"1,497,243,305.95"
"1,260,622,172.73"
"1,339,521,161.37"
"1,494,899,649.61"
"1,090,667,219.88"
"1,439,963,243.02"
"1446122,51.76"
"1,085,349,115.16"
"1418236,62.14"
"1,057,956,308.94"
"1,434,673,324.83"
"1,203,450,489.38"
"1,089,484,174.91"
"1381379,39.03"
"1,226,448,123.72"
"1,467,198,439.30"
"1,253,582,196.51"
"1,165,274,523.79"
"1226763,39.07"
"1163319,39.54"
"1315655,65.04"
"1240789,86.06"
"1100886,46.72"
"1376495,23.63"
"1011715,44.42"
"1,090,753,229.34"
"1,178,623,307.79"
"1,352,301,235.22"
"1477801,34.05"
"1208670,41.82"
"1257355,22.31"
"1,135,300,210.49"
"1,004,740,196.98"
"1,306,161,199.43"
"1,201,146,119.19"
"1034776,55.93"
"1370689,84.53"
"1262003,83.16"
"1,378,297,123.38"
"1,368,146,183.44"
"1,068,192,258.97"
"1,463,428,254.15"
"1,173,571,165.90"
"1,455,968,210.20"
"1,191,755,139.56"
"1150362,74.72"
"1070659,48.73"
"1,224,559,163.67"
"1493370,80.31"
"1,392,377,174.16"
"1,056,240,142.53"
"1,014,892,145.61"
"1,251,774,504.00"
"1,487,777,320.91"
"1,249,239,175.05"
"1478849,26.36"
"1376645,97.44"
"1345333,78.57"
"1,224,660,168.60"
"1,232,767,311.47"
"1,009,181,269.36"
"1126946,89.73"
"1355439,88.65"
"1006250,97.67"
"1,176,343,312.50"
"1,463,133,188.92"
"1,144,523,340.50"
"1,499,988,110.33"
"1,498,160,164.63"
"1,257,346,113.61"
"1485910,66.53"
"1,451,221,151.29"
"1,387,533,184.23"
"1157584,44.1"
"1413278,33.4"
"1333981,37.04"
"1,085,005,289.45"
"1,054,736,411.42"
"1,104,702,237.25"
"1381323,27.16"
"1344068,20.12"
"1052303,21.72"
"1018360,58.96"
"1,306,940,153.09"
"1,300,692,134.99"
"1,171,279,216.83"
"1,438,175,113.60"
"1,173,109,113.42"
"1,337,250,113.50"
"1056761,99.61"
"1,135,371,197.30"
"1378200,62.05"
"1,272,135,147.56"
"1054088,78.23"
"1,344,699,442.57"
"1,206,358,196.95"
"1323853,88.04"
"11,016,991,718.25"
"12,662,541,250.88"
"1,242,076,614.74"
"1415273,47.76"
"1,268,510,190.51"
"1,256,636,113.95"
"1,410,268,890.03"
"1,108,062,824.75"
"1,497,719,839.56"
"1106934,70.88"
"1,033,797,114.04"
"1,041,160,205.62"
"11,263,961,294.95"
"1,242,200,358.07"
"13,063,841,608.52"
"1,058,059,117.10"
"1089322,67.1"
"1446736,50.03"
"1001101,82.22"
"1,122,981,159.48"
"1,078,580,131.48"
"1175594,36.3"
"1,205,864,141.82"
"1316507,82.37"
"1,482,706,747.17"
"1,046,238,371.71"
"1,020,444,236.61"
"1338003,51.5"
"1399537,46.31"
"1002793,44.57"
"1,466,289,467.91"
"1,013,187,592.30"
"1,322,076,544.46"
"1,161,027,125.75"
"1,349,737,122.24"
"1291976,89.29"
"1007039,78.97"
"1,258,074,153.90"
"1,415,587,334.93"
"1,484,457,219.16"
"1,005,745,222.73"
"1,377,865,127.94"
"1,457,732,298.34"
"1,179,188,455.75"
"1,327,218,212.16"
"1202641,69.0"
"1106286,99.97"
"1,175,735,118.10"
"1,138,288,278.83"
"1,476,138,169.53"
"1,454,707,269.58"
"1,039,235,138.07"
"1,068,339,137.24"
"1092183,45.48"
"1,324,963,134.15"
"1257720,71.43"
"1,076,387,168.06"
"1,209,661,239.52"
"1,208,465,210.96"
"1,111,884,106.19"
"1454997,86.33"
"1,050,572,364.58"
"1,467,559,152.94"
"1,214,425,170.86"
"1162278,20.69"
"1,248,010,177.56"
"1376824,73.57"
"1,398,291,184.39"
"1,085,069,646.90"
"1,122,525,310.77"
"1075559,17.97"
"1,344,759,132.87"
"1,212,897,201.31"
"1,418,671,207.01"
"1,271,431,145.16"
"1287363,98.63"
"1064175,98.91"
"1125114,25.47"
"1,472,836,108.76"
"1,013,458,232.71"
"1,391,771,237.36"
"1,331,170,343.28"
"1,242,406,202.20"
"1,105,837,663.99"
"1,211,259,414.55"
"1,164,052,264.96"
"1274142,28.44"
"1,356,105,165.49"
"1,088,860,206.82"
"1,129,795,538.72"
"1,493,321,474.17"
"1,161,618,633.33"
"1,212,298,147.68"
"1,135,403,137.35"
"1,435,855,240.80"
"1,212,422,536.14"
"1,412,227,245.28"
"1,128,323,578.40"
"1357585,36.11"
"1266101,29.96"
"1306121,89.73"
"1415533,51.89"
"1292424,20.79"
"1376664,18.93"
"1253822,33.89"
"1,355,799,419.53"
"1,408,441,546.42"
"1,390,132,225.63"
"1118778,24.86"
"1373867,20.76"
"1,321,455,343.39"
"1,162,414,375.50"
"1,275,261,272.67"
"1164241,78.88"
"1422145,75.92"
"1,119,440,112.74"
"1,173,756,160.37"
"1,154,587,373.41"
"1,123,456,292.25"
"1,008,268,235.24"
"1,219,964,128.57"
"1461264,74.56"
"1146910,68.73"
"1110355,63.67"
"1411557,69.76"
"1,055,855,115.54"
"1043603,84.59"
"1,264,146,364.55"
"1,033,866,356.52"
"1,209,072,291.44"
"1,060,160,799.59"
"1,352,289,243.35"
"1,172,228,239.69"
"1395626,34.67"
"1,455,355,149.07"
"1,055,663,108.32"
"1,287,217,441.53"
"1,088,601,547.97"
"1,278,366,866.63"
"1,026,791,124.49"
"1036303,76.45"
"1,254,559,216.55"
"1,427,581,488.30"
"1,394,444,236.23"
"1,263,854,728.61"
"1,051,269,102.52"
"1,308,881,116.77"
"1073830,82.01"
"1,405,838,232.26"
"1,183,018,145.64"
"1040180,36.09"
"1458738,43.17"
"1,248,662,459.18"
"1,022,436,304.71"
"1,187,815,244.41"
"1256719,42.01"
"1333426,30.1"
"1,228,432,263.44"
"1,282,969,252.94"
"1,400,162,273.08"
"1,059,632,152.81"
"1,031,228,153.72"
"1,254,371,109.73"
"1,409,072,105.49"
"1,070,652,174.82"
"1,367,274,310.43"
"1,248,470,330.55"
"1,152,711,352.92"
"1,233,398,111.65"
"1,160,549,259.55"
"1,448,305,265.13"
"1,128,571,155.95"
"1454724,51.56"
"1,403,528,157.99"
"1,489,033,145.84"
"1,162,008,177.69"
"1,469,871,135.77"
"1,065,280,175.90"
"1416500,68.83"
"1295639,82.9"
"1322499,65.39"
"1450524,27.02"
"1203643,81.23"
"1,239,385,217.51"
"1,127,908,143.64"
"1,445,551,135.74"
"1,101,411,128.08"
"1,076,286,286.52"
"1,170,173,160.29"
"1,065,778,141.20"
"1282021,24.68"
"1369620,29.89"
"1064144,33.0"
"1,499,298,114.01"
"1,410,217,715.06"
"1,460,719,350.96"
"1369178,22.5"
"1,102,465,140.28"
"1,491,328,136.02"
"1,331,730,183.32"
"1401710,96.45"
"1,036,537,110.39"
"1,340,596,120.20"
"1140522,24.35"
"1198427,28.27"
"1,041,032,187.38"
"1,252,477,311.76"
"1,091,144,345.25"
"1,377,051,205.90"
"1,027,086,560.22"
"1,035,806,248.95"
"1,243,642,158.86"
"1314053,46.07"
"1,320,763,128.78"
"1,006,967,105.45"
"1,267,729,164.08"
"1,477,291,564.63"
"1,368,058,234.67"
"1,324,032,105.27"
"1197090,90.07"
"1,208,581,146.16"
"1,081,641,660.02"
"1,253,251,251.69"
"1,317,166,833.29"
"1,059,560,157.59"
"1,334,347,108.81"
"1294936,73.42"
"1,066,867,300.00"
"1,380,226,267.74"
"1020582,44.3"
"1226007,99.82"
"1,008,005,136.30"
"1,394,036,444.35"
"1,058,307,535.69"
"1,128,007,213.05"
"1005386,41.56"
"1192006,38.55"
"1275913,66.41"
"1,384,833,128.99"
"1,117,920,206.97"
"1,034,950,233.40"
"1,013,635,103.65"
"1,055,153,167.41"
"1,266,186,103.76"
"1,421,520,178.04"
"1,293,094,192.57"
"1,424,764,373.11"
"1142191,57.47"
"1,178,898,126.83"
"1,357,653,123.82"
"1,363,374,228.00"
"1,363,447,269.44"
"1,473,145,111.29"
"1,452,523,998.74"
"1,100,864,817.39"
"1,397,501,282.55"
"1208517,19.52"
"1,139,190,108.73"
"1132599,97.5"
"1,146,408,190.49"
"1,210,647,365.99"
"1,381,063,301.51"
"1,429,146,137.15"
"1,216,651,134.84"
"1,403,968,182.25"
"1,067,138,258.96"
"1,465,247,321.97"
"1,344,138,233.96"
"1032870,53.19"
"1025076,54.76"
"1448384,64.59"
"1398655,40.92"
"1411724,23.91"
"1143819,39.0"
"1,090,620,173.04"
"1,200,363,314.36"
"1108974,59.42"
"1160402,14.84"
"1,212,494,108.65"
"1,142,875,242.91"
"1,040,784,321.83"
"1,063,831,220.16"
"1,103,952,192.87"
"1,194,353,115.34"
"1102241,41.97"
"1191088,87.08"
"1220591,24.49"
"1,259,696,319.87"
"1,136,582,205.25"
"1,155,966,346.71"
"1,073,642,568.62"
"1,309,602,144.82"
"10,783,091,519.65"
"1,164,850,513.48"
"1,221,502,238.40"
"1009487,58.35"
"1376888,75.84"
"1,485,207,730.19"
"1,014,696,755.20"
"1,383,441,993.07"
"1,371,087,134.18"
"1476917,84.36"
"1,276,499,176.62"
"1,446,430,784.64"
"1,229,678,368.83"
"10,092,921,031.73"
"1001171,78.14"
"1137404,34.28"
"1375821,41.79"
"1062616,48.74"
"1079738,61.69"
"1290947,34.56"
"1013855,74.36"
"1154323,61.1"
"1,395,980,583.31"
"1,441,315,507.90"
"1,019,358,236.11"
"1092629,35.55"
"1145112,21.66"
"1445208,24.63"
"1,261,902,114.10"
"1,302,322,104.63"
"1,370,543,235.28"
"1,265,371,294.72"
"1,127,141,347.00"
"1,490,162,162.98"
"1,060,861,125.83"
"1,023,077,245.33"
"1,484,782,333.75"
"1,262,037,237.72"
"1,098,189,208.78"
"1,325,113,121.30"
"1497786,93.07"
"1,073,615,156.07"
"1236135,54.53"
"1340927,32.03"
"1,159,933,155.30"
"1,156,490,164.07"
"1,457,848,212.11"
"1,495,944,185.78"
"1,392,169,120.99"
"1,455,460,503.81"
"1,140,660,194.21"
"1322916,74.34"
"1218064,81.78"
"1,220,578,100.48"
"1216185,97.16"
"1,020,213,177.79"
"1,053,587,376.03"
"1,434,574,209.17"
"1232933,78.08"
"1,247,358,197.37"
"1240750,41.61"
"1,083,061,371.49"
"1,306,822,266.52"
"1,212,344,380.91"
"1,020,358,119.61"
"1175372,84.56"
"1063846,66.89"
"1,176,603,115.45"
"1,208,555,102.80"
"1215805,41.39"
"1330549,68.27"
"1373401,62.22"
"1,167,183,183.24"
"1,465,135,414.42"
"1,426,834,331.92"
"1026154,18.0"
"1099028,36.24"
"1,462,415,103.22"
"1,441,751,132.11"
"1,383,303,184.73"
"1,206,105,114.76"
"1,073,905,128.08"
"1,492,052,118.38"
"1455622,69.6"
"1240058,65.16"
"1186355,47.59"
"1,020,825,305.09"
"1,364,564,339.21"
"1,029,205,222.69"
"1,478,725,271.76"
"1,188,897,154.48"
"1,285,247,459.12"
"1,474,891,372.46"
"1,027,212,274.00"
"1147355,34.36"
"1455107,81.41"
"1,367,592,246.49"
"1,351,864,316.53"
"1,117,537,264.32"
"1268577,83.75"
"1,272,369,136.03"
"1,022,529,159.87"
"1,407,632,336.77"
"1,476,518,174.54"
"1,310,846,328.78"
"1,401,384,111.34"
"1334308,52.22"
"1216744,48.31"
"1411562,96.49"
"1,361,089,107.99"
"1266842,15.79"
"1197346,23.8"
"1408990,52.28"
"1,173,866,301.26"
"1,197,580,470.65"
"1,482,256,229.18"
"1469038,17.36"
"1265086,25.56"
"1,435,363,152.61"
"1,098,504,153.04"
"1,470,110,243.94"
"1,014,856,342.66"
"1,304,171,304.23"
"1,169,912,242.56"
"1,169,788,139.78"
"1305399,35.88"
"1297768,85.71"
"1447875,24.32"
"1061654,97.14"
"1288892,67.61"
"1,370,978,341.51"
"1,018,332,329.33"
"1,482,488,157.03"
"12,262,061,175.25"
"1,359,566,906.41"
"1,122,220,246.50"
"1361124,52.66"
"1485074,91.26"
"1055147,42.19"
"1,332,121,188.14"
"1,254,062,395.34"
"1,005,089,372.79"
"1,013,929,224.70"
"1,485,789,130.37"
"1,173,106,146.30"
"1,173,239,364.54"
"1,106,978,114.00"
"1,264,303,398.78"
"1295580,23.62"
"1059133,67.47"
"1253909,53.53"
"1441728,35.16"
"1435074,47.28"
"1209374,36.74"
"1,070,634,231.81"
"1,384,764,407.88"
"1,109,661,263.36"
"1260990,37.17"
"1495776,25.94"
"1,361,715,118.92"
"1,367,986,151.83"
"1,339,738,181.21"
"1,168,006,136.53"
"1,127,551,207.21"
"1,145,891,189.35"
"1245972,73.55"
"1,156,328,124.29"
"1167613,44.99"
"1251253,83.05"
"1089488,67.51"
"1,442,686,430.09"
"1,122,897,318.81"
"1191425,96.95"
"1,451,363,763.28"
"1,017,978,654.33"
"1,329,321,323.36"
"1246499,37.54"
"1,128,581,108.39"
"1304389,55.5"
"1,293,491,317.49"
"1,378,231,284.40"
"1,070,072,214.02"
"1,150,354,114.75"
"1,039,951,129.17"
"1,333,906,100.26"
"1,131,712,339.64"
"1,453,878,125.33"
"1,068,668,345.12"
"1493420,82.38"
"1028234,56.25"
"1386496,60.66"
"1042053,18.89"
"1,196,922,104.48"
"1,040,737,105.55"
"1065819,22.56"
"1025496,22.33"
"1266139,60.53"
"1,140,717,171.28"
"1,429,810,333.79"
"1,278,363,153.44"
"1365006,24.98"
"1486505,42.95"
"1233411,31.93"
"1174361,99.92"
"1,345,956,141.21"
"1,487,066,271.36"
"1,412,186,231.26"
"1,079,827,171.19"
"1,050,897,167.65"
"1234163,40.44"
"1,304,337,104.75"
"1,087,455,121.40"
"1,071,359,332.39"
"1,172,474,231.41"
"1,218,040,323.06"
"1,364,913,122.30"
"1,421,572,795.88"
"1,165,704,355.75"
"1,332,421,260.91"
"1,041,334,110.00"
"1,077,637,120.06"
"1332253,82.17"
"1,189,355,338.48"
"1,314,410,327.66"
"1,288,385,637.09"
"1146363,97.5"
"1,446,195,152.62"
"1,428,079,160.50"
"1,000,357,408.46"
"1,148,714,272.97"
"1,494,973,383.93"
"1422995,37.03"
"1369219,18.39"
"1203139,41.86"
"1381422,39.98"
"1217098,57.17"
"1039931,43.13"
"1281119,45.74"
"1,076,815,396.76"
"1,024,232,308.85"
"1,462,666,250.93"
"1278254,25.17"
"1297002,38.76"
"1,054,426,133.75"
"1,331,830,204.53"
"1242168,80.42"
"1184109,56.94"
"1340270,98.84"
"1269866,52.26"
"1,043,470,119.87"
"1,425,669,100.95"
"1,188,645,198.19"
"1,425,768,170.72"
"1,031,064,136.26"
"1049619,63.8"
"1442195,60.59"
"1486459,35.67"
"1342433,35.47"
"1,199,358,167.14"
"1026899,80.24"
"1,140,924,190.57"
"1,163,539,154.89"
"1,437,111,181.50"
"1,463,289,693.21"
"1,332,634,344.57"
"1,023,555,212.99"
"1228894,94.17"
"1,100,285,267.04"
"1,478,601,335.38"
"1,323,239,613.30"
"1,354,676,116.25"
"1,194,259,122.79"
"1,318,614,187.33"
"1,191,961,360.75"
"1,122,956,252.61"
"1,081,854,378.23"
"1175553,30.71"
"1204209,48.79"
"1077085,43.24"
"1380942,47.0"
"1426362,62.07"
"1209170,35.39"
"1092575,43.86"
"1,169,201,217.98"
"1,203,547,226.94"
"1,165,216,252.14"
"1003607,26.48"
"1,362,241,162.87"
"1,035,344,200.98"
"1,245,219,245.24"
"1169218,81.76"
"1289437,58.55"
"1429851,49.14"
"1,125,820,117.26"
"1,365,966,135.49"
"1,238,324,200.14"
"1,468,842,230.11"
"1,006,290,151.02"
"1318381,86.69"
"1,005,859,109.23"
"1461709,66.68"
"1288697,47.37"
"1,286,176,118.92"
"1070978,71.42"
"1,105,358,344.41"
"1,100,655,142.69"
"1,352,006,128.99"
"1,058,810,650.22"
"1,086,365,381.03"
"1,029,141,267.04"
"1269485,77.87"
"1,459,115,177.11"
"1473731,87.57"
"1,372,061,256.41"
"1,207,433,539.31"
"1,107,812,475.32"
"1,194,682,104.52"
"1196913,97.35"
"1,006,258,234.63"
"1,266,052,510.71"
"1,127,841,444.34"
"1,250,099,690.42"
"1414515,73.0"
"1333316,38.03"
"1351402,71.78"
"1276151,32.22"
"1146781,70.93"
"1192028,34.07"
"1309566,47.04"
"1317399,69.48"
"1,125,915,206.22"
"1,226,596,379.90"
"1,275,552,237.28"
"1213443,42.89"
"1097854,15.2"
"1245940,37.97"
"1,416,156,163.74"
"1,421,658,200.83"
"1,163,541,212.34"
"1,057,891,104.77"
"1295122,50.84"
"1150550,69.89"
"1249152,77.82"
"1,071,750,163.09"
"1,021,922,276.24"
"1,005,087,182.50"
"1,480,809,182.32"
"1,027,495,193.02"
"1380376,44.04"
"1,028,216,104.09"
"1308459,59.42"
"1217898,68.88"
"1,359,469,101.39"
"1,471,285,105.85"
"1,094,380,195.37"
"1,464,888,157.69"
"1,251,882,229.50"
"1,242,910,187.03"
"1,081,466,193.66"
"1018551,74.77"
"1304675,46.61"
"1032172,65.77"
"1270116,57.16"
"1,110,391,143.00"
"1,442,758,162.39"
"1,484,598,253.95"
"1219920,59.42"
"1,383,829,106.49"
"1,453,460,124.81"
"1,495,381,321.00"
"1,130,262,110.99"
"1,497,306,151.47"
"1180934,18.44"
"1333737,40.29"
"1159717,37.36"
"1345251,24.77"
"1,098,053,156.27"
"1,398,868,581.36"
"1,179,749,174.11"
"1278640,30.9"
"1223784,75.5"
"1,107,223,169.32"
"1,421,641,128.44"
"1,339,264,152.71"
"1449517,99.8"
"1042350,19.5"
"1,198,402,295.09"
"1480977,82.03"
"1,098,302,294.90"
"1,023,961,365.73"
"1,429,401,161.62"
"1,344,564,446.31"
"1,133,180,226.08"
"1,089,923,171.25"
"1,097,734,121.21"
"1,330,797,157.33"
"1,008,740,230.15"
"1411677,66.4"
"1125014,41.86"
"1,081,759,269.49"
"1,159,985,165.52"
"1,035,134,372.76"
"1,262,324,121.88"
"1403943,52.78"
"1,265,976,102.47"
"1,277,900,151.33"
"1,178,504,108.54"
"1213543,29.83"
"1201828,20.26"
"1389024,44.46"
"1,384,865,217.99"
"1,429,716,340.10"
"1,146,686,194.73"
"1399512,16.6"
"1030633,75.32"
"1138952,98.4"
"1230579,94.69"
"1,389,919,283.25"
"1,420,003,118.30"
"1,160,479,115.15"
"1,043,535,123.52"
"1083443,58.68"
"1,212,347,103.82"
"1390131,61.81"
"1,354,703,302.13"
"1489368,85.6"
"1,295,553,235.32"
"1,119,919,236.82"
"1132518,81.81"
"1,244,054,445.25"
"1,203,291,385.52"
"1,217,356,267.88"
"1473548,48.31"
"1,478,840,120.97"
"1,491,460,103.65"
"1,025,963,167.10"
"1,125,836,382.50"
"1,327,424,232.33"
"1032828,75.49"
"1,068,263,117.05"
"1,141,726,136.82"
"1,478,947,281.13"
"1,240,963,184.28"
"1,090,759,387.20"
"1038585,69.39"
"1420464,89.28"
"1254662,33.82"
"1363268,70.21"
"1061961,72.42"
"1440975,25.71"
"1116828,51.55"
"1202577,70.19"
"1,474,314,304.09"
"1,043,817,575.15"
"1,058,272,229.35"
"1366046,26.51"
"1170237,31.27"
"1085268,25.72"
"1,056,045,112.81"
"1213459,66.08"
"1,382,552,163.78"
"1,397,881,204.15"
"1,268,551,156.14"
"1,206,949,188.20"
"1,119,959,147.45"
"1245848,40.2"
"1273741,92.12"
"1350159,40.75"
"1,154,093,196.03"
"1042999,60.63"
"1,029,565,213.72"
"1,433,312,278.55"
"1,135,202,138.88"
"1,272,211,832.70"
"1,146,755,633.74"
"1,010,943,112.41"
"1191732,99.61"
"1349858,60.03"
"1,049,229,263.51"
"1,041,144,335.95"
"10,029,091,539.84"
"1126860,97.41"
"1347688,78.32"
"1,252,534,135.73"
"1,105,948,436.13"
"1,340,269,200.09"
"1,030,597,262.25"
"1020364,36.23"
"1247229,67.17"
"1280198,32.84"
"1217010,27.5"
"1049688,48.64"
"1,299,135,135.96"
"1,073,390,712.82"
"1,282,574,125.99"
"1,288,078,108.93"
"1,405,744,243.48"
"1,197,826,282.78"
"1,110,776,194.91"
"1,480,031,101.17"
"1193063,95.28"
"1090317,25.77"
"1426495,37.12"
"1,446,133,128.06"
"1330414,69.05"
"1,263,575,325.34"
"1,184,160,242.56"
"1,197,552,152.75"
"1,077,911,264.66"
"1,256,467,286.80"
"1191693,92.49"
"1170203,59.45"
"1,439,732,196.37"
"1165138,75.46"
"1,453,266,393.85"
"1,427,081,204.11"
"1,403,985,184.92"
"1,284,845,100.54"
"1,428,415,122.19"
"1,335,320,114.06"
"1,159,106,495.10"
"1,207,004,182.23"
"1,022,881,254.85"
"1371483,67.23"
"1427335,43.73"
"1157246,33.81"
"1385087,43.66"
"1,368,564,165.27"
"1,311,096,440.45"
"1,309,826,276.57"
"1117757,49.58"
"1,268,876,136.07"
"1,139,409,125.69"
"1,315,421,220.87"
"1,307,693,191.76"
"1,351,780,211.04"
"1,240,833,162.08"
"1,292,779,132.83"
"1004955,25.57"
"1058696,59.71"
"1440829,63.72"
"1,087,516,222.57"
"1212398,65.83"
"1,174,663,212.55"
"1,227,160,306.82"
"1,371,034,113.09"
"14,478,381,106.05"
"1,118,795,716.29"
"1,229,556,401.79"
"1318629,63.7"
"1,201,803,113.40"
"1108210,56.51"
"1,084,729,233.74"
"1,329,157,369.45"
"1,173,501,319.03"
"1345020,86.16"
"1,428,650,117.13"
"1361789,90.69"
"1,204,938,490.08"
"1,459,959,233.43"
"1,009,864,474.58"
"1176675,75.19"
"1453409,65.59"
"1,336,507,105.04"
"1,328,456,146.23"
"1,313,891,151.67"
"1468663,38.7"
"1318421,60.62"
"1007837,52.85"
"1,417,926,285.25"
"1,144,631,900.68"
"1,123,946,248.09"
"1090477,44.04"
"1414267,29.2"
"1,329,543,108.29"
"1,406,534,202.88"
"1,431,237,274.08"
"1,010,486,198.05"
"1,004,166,167.34"
"1,403,955,207.65"
"1,245,398,181.64"
"1,064,134,154.17"
"1,320,738,307.78"
"1043919,35.53"
"1,197,159,209.88"
"1,122,164,128.47"
"1,250,396,256.48"
"1,078,267,356.51"
"1,320,587,129.59"
"14,389,681,378.86"
"1,445,553,494.68"
"1,430,625,252.29"
"1430923,39.31"
"1,255,590,183.09"
"1,174,194,111.04"
"1,268,149,737.64"
"1,435,775,659.38"
"1,001,078,874.49"
"1356321,82.6"
"1,238,399,137.80"
"1,247,434,294.33"
"1,372,264,479.52"
"1,367,722,491.33"
"1,131,831,994.79"
"1450298,99.45"
"1236521,32.46"
"1417628,48.76"
"1302103,52.9"
"1075661,44.89"
"1052678,21.86"
"1116456,57.0"
"1210918,27.59"
"1,238,372,445.45"
"1,200,100,398.62"
"1,308,118,212.27"
"1025514,25.88"
"1073171,26.67"
"1,343,697,397.46"
"1,206,094,444.90"
"1,213,565,479.10"
"1133994,72.89"
"1406832,60.2"
"1199518,45.45"
"1,465,945,125.37"
"1,360,766,193.95"
"1,172,793,329.31"
"1,477,841,352.53"
"1,480,419,244.44"
"1,266,200,153.37"
"1,228,974,126.78"
"1,443,865,115.16"
"1110747,77.79"
"1259815,32.39"
"1,222,703,120.80"
"1416211,76.44"
"1,289,707,522.53"
"1,350,731,413.62"
"1,315,773,385.89"
"1,462,684,281.36"
"1,265,062,118.92"
"1,087,576,102.46"
"1193331,21.72"
"1,179,725,106.89"
"1,162,092,317.05"
"1,152,578,303.88"
"1,209,604,313.72"
"1236773,49.26"
"1309943,95.34"
"1,460,971,133.34"
"1,217,450,301.96"
"1,045,376,166.46"
"1,443,469,359.07"
"1462830,61.94"
"1,255,402,118.34"
"1167286,43.27"
"1059507,85.02"
"1,079,973,205.18"
"1,483,889,216.48"
"1012794,48.5"
"1078273,60.55"
"1105636,51.03"
"1,197,957,172.20"
"1,129,900,708.30"
"1,399,359,168.78"
"1435778,32.29"
"1115944,62.21"
"1148006,20.07"
"1,004,198,104.60"
"1,071,538,161.53"
"1,179,231,278.60"
"1,183,707,148.54"
"1,492,404,140.73"
"1,069,594,103.09"
"1475387,82.34"
"1,389,608,164.07"
"1257603,42.51"
"1,468,813,205.11"
"1,190,954,163.13"
"1,231,442,259.48"
"1,426,101,166.01"
"1,011,026,111.20"
"1,494,285,588.08"
"1,127,975,707.25"
"1,254,456,238.36"
"1433132,33.53"
"1,385,563,120.87"
"1329092,59.22"
"1,024,456,346.75"
"1,441,633,537.79"
"1,005,331,230.77"
"1255283,65.4"
"1,268,877,147.67"
"1,191,347,172.06"
"1,367,529,279.48"
"1,392,509,261.40"
"1,443,604,274.04"
"1242946,40.76"
"1158962,47.18"
"1266951,91.3"
"1393559,43.03"
"1171262,35.41"
"1259868,33.73"
"1,099,206,146.01"
"1,439,182,675.00"
"1,330,691,531.55"
"1199867,27.87"
"1359174,29.08"
"1,478,755,157.84"
"1,437,302,133.27"
"1,142,646,248.00"
"1,428,338,156.45"
"1,494,524,124.30"
"1318530,83.49"
"1,031,981,130.63"
"1103507,34.22"
"1048429,27.21"
"1,066,501,123.32"
"1,142,079,146.39"
"1,199,171,344.00"
"1,423,076,478.25"
"1,375,347,366.51"
"1,363,494,564.38"
"1,168,706,474.90"
"1,286,957,329.71"
"1297773,49.04"
"1,127,311,100.33"
"1278238,90.88"
"1,246,917,306.91"
"1,255,329,401.52"
"1,297,788,361.33"
"1,362,697,131.55"
"1,377,302,120.93"
"1,129,605,142.53"
"1,186,097,425.65"
"1,166,420,270.08"
"1,144,128,467.89"
"1465478,86.28"
"1439785,97.3"
"1,452,155,111.16"
"1412612,54.69"
"1042812,59.48"
"1140317,82.77"
"1,441,282,338.57"
"1,420,561,395.14"
"1,052,770,161.78"
"1492355,26.5"
"1123588,33.07"
"1205947,57.05"
"1,397,772,115.64"
"1,430,108,172.95"
"1,123,252,281.96"
"1,019,322,221.00"
"1,019,113,169.36"
"1,476,280,123.37"
"1446657,77.02"
"1442076,41.18"
"1,199,873,193.81"
"1053654,30.16"
"1,493,948,137.00"
"1,087,207,147.31"
"1,193,820,223.77"
"1,401,050,429.55"
"1,241,369,123.04"
"13,316,351,281.91"
"1,275,462,330.51"
"1,226,852,258.76"
"1321242,26.81"
"1,447,608,100.23"
"1,467,746,258.14"
"1,497,186,292.73"
"1,421,624,394.10"
"1103191,66.24"
"1,232,381,146.23"
"1,351,626,185.68"
"1,336,135,371.14"
"1,126,452,233.25"
"1,370,737,328.07"
"1020027,35.61"
"1312294,26.86"
"1113562,27.36"
"1267715,68.16"
"1157131,63.27"
"1127567,24.81"
"1393273,24.78"
"1301677,35.73"
"1,429,577,212.64"
"1,413,066,327.59"
"1,273,196,184.35"
"1065500,25.61"
"1442450,28.6"
"1179865,21.66"
"1229492,78.09"
"1,283,364,170.40"
"1,480,985,294.37"
"1164611,50.19"
"1286172,50.05"
"1395783,62.92"
"1177550,77.13"
"1412772,79.24"
"1,325,211,151.64"
"1,331,898,166.26"
"1,027,577,117.16"
"1,211,409,108.96"
"1,119,268,208.87"
"1409353,66.17"
"1239768,52.46"
"1016320,33.96"
"1,350,029,147.86"
"1,165,320,404.49"
"1,114,413,235.35"
"1,374,639,123.95"
"1,263,967,155.24"
"1,431,639,752.62"
"1,439,212,360.78"
"1,243,982,343.72"
"1425722,36.37"
"1,357,621,127.51"
"1,080,059,113.15"
"1,342,822,314.01"
"1,100,321,462.98"
"1,237,813,523.30"
"1,300,518,105.93"
"1,114,521,186.80"
"1,385,419,182.83"
"1,250,718,385.63"
"1,499,934,337.94"
"1,466,058,533.63"
"1149575,55.9"
"1003527,24.05"
"1436210,73.18"
"1495418,27.59"
"1018177,31.56"
"1222779,58.84"
"1,278,720,604.81"
"1,425,342,615.94"
"1,247,856,260.38"
"1296233,31.37"
"1299299,24.02"
"1,040,011,135.55"
"1,047,541,151.34"
"1416939,99.43"
"1307589,92.63"
"1154900,78.06"
"1,447,474,150.39"
"1,498,148,251.35"
"1,032,041,243.66"
"1,441,254,205.10"
"1,270,780,207.50"
"1,283,042,162.78"
"1,284,049,126.36"
"1451216,86.07"
"1159551,39.51"
"1,226,506,115.87"
"1065345,93.09"
"1,421,154,214.51"
"1,254,784,180.17"
"1,067,670,219.02"
"12,493,101,793.87"
"1,109,152,507.31"
"1,059,263,428.15"
"1127296,79.05"
"1,177,149,174.65"
"1,193,901,112.59"
"1,305,434,557.35"
"1,169,253,649.78"
"1,439,432,989.31"
"1,369,386,164.13"
"1187366,97.6"
"1,383,898,237.41"
"1,040,191,868.18"
"1,026,483,536.43"
"14,186,411,090.31"
"1,446,160,129.34"
"1,300,731,105.80"
"1359618,45.71"
"1,248,156,361.97"
"1,294,670,239.19"
"1,478,985,170.57"
"1368481,38.34"
"1333433,75.2"
"1434239,71.27"
"1,257,619,744.69"
"1,094,504,691.80"
"1,300,383,612.42"
"1384829,83.54"
"1005407,56.58"
"1315724,31.62"
"1,177,648,177.53"
"1,039,799,335.76"
"1,050,610,563.32"
"1,215,378,121.55"
"1,420,586,110.43"
"1,355,314,107.19"
"1,200,145,143.60"
"1,352,856,195.65"
"1,490,730,521.14"
"1,140,936,238.51"
"1,100,311,327.78"
"1,280,962,205.04"
"1,188,460,278.30"
"1,241,716,304.61"
"1,495,394,334.85"
"1052736,47.72"
"1,491,102,121.42"
"1439147,80.75"
"1,253,028,212.23"
"1,217,271,158.04"
"1,153,904,252.69"
"11,039,902,029.31"
"1,315,380,933.03"
"1,012,578,476.57"
"1356121,93.68"
"1,387,352,221.16"
"1,177,494,172.44"
"1,441,552,706.46"
"1,065,795,696.78"
"1,245,852,986.91"
"1,485,920,109.80"
"1,282,419,111.29"
"1,474,269,217.81"
"11,221,061,019.33"
"1,419,497,460.63"
"14,913,821,096.03"
"1334251,86.32"
"1107205,76.69"
"1342908,68.8"
"1,389,672,102.75"
"1115199,45.68"
"1,466,642,138.21"
"1075060,38.38"
"1286035,78.32"
"1216014,39.89"
"1,202,009,530.21"
"1,447,158,310.74"
"1,116,835,237.28"
"1216346,48.33"
"1295510,50.39"
"1286831,45.84"
"1,495,796,279.25"
"1,477,046,248.24"
"1,423,534,370.52"
"1,070,216,158.86"
"1,260,241,172.66"
"1376750,91.46"
"1,331,408,159.43"
"1,239,901,237.68"
"1,195,401,374.08"
"1,083,931,299.78"
"1,445,603,300.07"
"1,331,096,152.01"
"1,085,873,414.80"
"1,106,683,312.45"
"1,334,187,264.04"
"1103377,73.31"
"1,015,635,148.75"
"1,254,780,131.07"
"1,379,556,356.44"
"1,461,975,244.91"
"1,104,316,334.04"
"1,395,991,158.39"
"1,395,799,187.33"
"1204391,92.7"
"1080873,97.63"
"1,111,719,112.25"
"1210576,65.91"
"1,172,770,250.67"
"1,265,692,308.02"
"1,042,603,362.77"
"1,182,168,175.35"
"1,277,776,155.40"
"1,131,821,266.95"
"1,174,173,410.24"
"1,337,771,208.75"
"1,202,376,270.28"
"1444033,38.88"
"1163334,35.55"
"1279214,51.12"
"1296501,33.12"
"1033599,49.42"
"1,174,360,182.87"
"1,291,501,746.55"
"1,298,916,538.21"
"1423496,68.21"
"1,293,002,129.69"
"1,076,795,116.68"
"1,021,481,192.98"
"1,330,908,168.48"
"1,162,720,102.31"
"1078467,54.61"
"1345403,37.26"
"1036433,26.91"
"1391656,53.16"
"1,328,210,116.01"
"1177028,83.23"
"1,434,055,497.98"
"1,424,721,439.65"
"1,191,920,204.31"
"1,052,756,286.90"
"1,391,034,244.38"
"1,408,065,153.89"
"1091688,44.49"
"1,166,031,127.73"
"1177255,79.33"
"1,045,371,157.03"
"1,060,513,199.90"
"1,436,754,226.20"
"1233478,61.96"
"1,192,154,133.39"
"1,037,962,261.51"
"1,373,312,171.79"
"1,185,011,168.58"
"1007240,32.73"
"1277562,31.48"
"1072334,44.34"
"1128376,24.57"
"1297522,50.47"
"1,452,541,220.85"
"1,359,919,567.14"
"1,067,207,274.83"
"1233545,27.42"
"1,214,743,112.20"
"1228910,95.95"
"1,423,994,218.91"
"1,313,304,185.00"
"1,099,679,183.13"
"1,426,844,110.51"
"1,378,564,130.58"
"1076816,24.39"
"1001350,67.09"
"1463100,28.78"
"1,239,878,131.66"
"1,415,566,147.52"
"1,168,331,301.60"
"1,184,252,264.20"
"1,037,012,130.72"
"1,458,256,793.82"
"1,280,912,296.88"
"1082299,91.22"
"1,300,140,143.79"
"1,397,931,136.97"
"1428482,81.18"
"1,229,001,123.67"
"1,067,710,111.99"
"1,181,286,195.09"
"1,412,408,286.78"
"1,407,485,248.01"
"1,071,259,195.33"
"1131716,15.22"
"1214421,39.0"
"1114189,21.66"
"1323156,62.33"
"1,000,698,342.65"
"1,031,474,234.85"
"1247248,33.32"
"1023342,17.7"
"1188121,37.81"
"1,286,899,105.09"
"1,349,711,182.47"
"1,091,327,230.30"
"1,176,395,119.19"
"1248828,72.38"
"1,040,307,191.84"
"1,329,740,170.75"
"1,265,965,124.68"
"1,375,031,905.45"
"1,336,230,353.14"
"1,109,216,355.00"
"1223819,56.98"
"1,184,220,124.22"
"1351227,86.74"
"1,291,104,362.79"
"1,499,951,516.62"
"1,389,163,557.94"
"1,457,331,174.88"
"1,018,331,130.86"
"1,222,327,209.35"
"1,380,095,397.36"
"1,186,135,351.20"
"1,091,750,679.00"
"1474529,40.19"
"1336163,29.1"
"1463362,79.93"
"1,280,003,114.87"
"1,119,159,147.88"
"1067474,42.05"
"1317791,30.4"
"1126189,53.73"
"1,374,875,381.47"
"1,498,800,338.37"
"1,377,853,161.03"
"1418509,39.12"
"1384132,54.43"
"1,152,757,148.59"
"1,290,442,205.46"
"1,010,856,330.34"
"1054292,73.23"
"1014398,81.14"
"1262731,99.73"
"1,036,243,126.07"
"1,004,828,198.25"
"1,388,536,288.11"
"1,350,424,286.48"
"1,137,631,324.98"
"1,381,527,169.03"
"1161738,74.87"
"1,308,325,184.87"
"1,202,718,115.98"
"1478119,34.97"
"1,328,690,151.15"
"1,346,361,165.56"
"1,332,266,220.41"
"1,356,772,208.52"
"1,084,390,202.73"
"1,419,232,844.36"
"1,387,470,199.01"
"1,478,089,177.82"
"1,331,292,117.59"
"1,430,739,361.02"
"1,105,500,378.10"
"1,249,587,588.31"
"1207278,68.58"
"1,067,443,135.25"
"1016566,81.17"
"1,378,160,337.83"
"1,497,309,166.53"
"1,370,933,498.90"
"1481206,37.93"
"1369995,42.52"
"1350874,34.22"
"1112513,35.04"
"1147478,55.24"
"1293493,64.23"
"1,387,939,296.92"
"1,191,281,553.70"
"1,092,227,252.38"
"1178247,23.98"
"1169864,29.61"
"1174124,87.18"
"1,278,123,102.71"
"1,075,935,320.53"
"1,220,930,130.92"
"1,219,540,138.45"
"1055380,65.27"
"1,036,746,111.39"
"1,022,232,126.74"
"1,010,495,153.37"
"1,023,709,148.54"
"1,462,450,127.02"
"1,120,855,138.22"
"1,418,431,186.08"
"1,219,029,133.91"
"1482768,73.36"
"1229842,29.64"
"1,206,840,126.97"
"1,235,689,145.05"
"1,410,054,316.02"
"1,119,297,307.61"
"1,283,213,116.20"
"13,920,311,527.41"
"11,932,491,019.34"
"1,199,568,284.78"
"1407293,72.48"
"1,278,568,158.20"
"1408531,86.06"
"1,138,267,476.49"
"1,139,258,487.16"
"1,365,049,552.70"
"1,359,954,167.27"
"1,343,500,120.25"
"1,033,638,186.32"
"1,053,043,874.91"
"1,106,036,376.77"
"1,050,509,819.58"
"1163652,62.46"
"1344265,46.04"
"1,296,395,160.74"
"1,419,087,143.62"
"1,341,606,129.11"
"1067990,51.93"
"1327243,35.7"
"1019442,49.89"
"1,320,284,436.13"
"1,070,518,514.43"
"1,380,607,232.80"
"1092204,50.07"
"1397944,25.13"
"1308439,28.03"
"1,386,250,175.35"
"1,482,059,296.14"
"1,228,987,375.19"
"1084363,56.37"
"1289081,56.99"
"1046120,92.28"
"1,359,932,141.98"
"1,476,808,147.51"
"1,375,526,277.20"
"1,403,567,266.50"
"1,411,725,130.72"
"1,027,074,360.62"
"1,319,750,189.78"
"1,488,452,100.98"
"1183310,52.92"
"1,060,365,119.32"
"1203758,96.83"
"1,359,579,236.15"
"1,250,165,207.18"
"1,118,053,152.81"
"1,425,692,169.15"
"1,163,765,161.17"
"1024239,55.48"
"1427043,36.96"
"1,394,487,142.67"
"1,366,235,107.53"
"1,230,705,264.30"
"1,385,760,241.25"
"1,155,221,178.87"
"1,357,947,132.57"
"1155845,92.48"
"1284871,97.11"
"1,285,681,307.38"
"1,313,628,167.39"
"1,003,559,268.79"
"1085143,27.81"
"1279269,19.77"
"1491362,61.39"
"1296050,15.41"
"1027560,25.76"
"1109062,42.1"
"1468070,34.64"
"1301912,24.23"
"1,372,452,101.42"
"1,216,295,187.38"
"1,080,428,464.97"
"1,275,455,298.42"
"1,200,217,130.83"
"1,162,284,161.81"
"1,409,553,178.43"
"1,392,715,200.68"
"1,315,760,290.07"
"1,097,710,113.22"
"1,285,179,120.90"
"1273296,40.8"
"1050702,67.12"
"1094193,34.88"
"1,072,878,167.97"
"1252201,53.1"
"1,016,160,225.87"
"1,345,970,362.72"
"1,183,200,159.44"
"1,243,332,595.93"
"1,440,017,556.45"
"1,155,554,373.06"
"1120774,55.71"
"1395698,99.35"
"1441706,60.55"
"1,288,355,157.50"
"1,451,370,147.64"
"1,010,337,333.66"
"1030428,92.22"
"1343272,63.77"
"1,294,240,203.71"
"1,244,960,428.73"
"1,050,471,190.50"
"1,271,361,440.05"
"1,131,135,122.44"
"1330314,88.9"
"1236942,69.24"
"1484447,84.34"
"1317781,66.77"
"1,471,097,141.78"
"1064015,59.74"
"1435998,69.73"
"1222345,68.78"
"1,495,290,346.36"
"1,261,324,342.33"
"1,149,711,168.42"
"1396438,24.32"
"1379374,33.19"
"1289334,25.09"
"1332404,77.49"
"1,182,176,145.96"
"1,405,603,281.88"
"1,248,698,147.97"
"1,011,799,160.54"
"1,123,469,102.94"
"1,023,318,102.30"
"1,483,716,176.56"
"1,162,607,139.42"
"1157714,29.53"
"1406254,70.01"
"1468021,69.53"
"1,357,828,308.17"
"1,248,120,498.66"
"1,480,346,180.12"
"1,007,010,524.67"
"1,329,627,199.69"
"1,401,957,100.92"
"1296576,78.32"
"1,335,313,125.49"
"1416727,36.03"
"1,272,292,212.46"
"1,441,262,384.39"
"1,151,463,327.05"
"1337790,76.9"
"1,476,136,109.35"
"1443795,83.44"
"1,272,200,288.55"
"1,442,250,266.66"
"1,401,517,231.02"
"1006041,31.76"
"1329309,26.01"
"1406291,47.27"
"1267181,42.63"
"1319608,32.22"
"1425375,44.85"
"1288009,39.68"
"1,226,314,114.24"
"1,189,123,760.96"
"1,394,268,202.53"
"1466259,20.91"
"1090500,65.95"
"1,478,055,116.03"
"1,129,935,132.32"
"1,070,032,267.16"
"1,136,100,152.13"
"1378063,92.23"
"1,399,751,175.90"
"1423195,21.56"
"1121665,19.07"
"1225337,37.22"
"1,407,149,120.51"
"1442808,70.11"
"1,074,323,360.76"
"1,148,769,573.45"
"1,313,849,159.75"
"12,095,851,578.22"
"1,278,748,342.53"
"1,093,376,399.56"
"1,007,123,162.78"
"1,473,365,449.65"
"1,416,330,313.98"
"1,115,570,959.48"
"1,301,735,983.78"
"14,063,841,248.73"
"1,117,969,169.24"
"1,259,030,206.06"
"1,167,748,209.79"
"13,539,531,794.61"
"1,340,614,923.61"
"14,300,931,634.58"
"1,226,033,249.26"
"1,186,038,199.83"
"1,324,350,166.12"
"1,341,057,169.34"
"1,218,304,194.48"
"1007165,63.04"
"1,023,051,274.54"
"1,408,479,165.99"
"1,363,746,152.41"
"1,051,229,713.52"
"1,246,221,920.96"
"1,249,794,233.97"
"1415662,79.81"
"1047566,16.96"
"1175187,97.65"
"1,261,268,437.24"
"1,211,204,577.86"
"1,196,393,610.72"
"1,324,708,105.66"
"1,249,911,144.47"
"1444677,58.16"
"1,438,339,156.87"
"1,006,845,323.25"
"1,461,548,605.79"
"1,057,669,325.49"
"1,066,575,402.08"
"1,359,065,327.66"
"1,076,099,363.47"
"1,008,635,455.96"
"1,110,869,360.10"
"1,311,681,175.20"
"1,472,243,222.03"
"1,079,476,204.64"
"1,026,935,551.90"
"1,367,247,369.61"
"1,474,729,352.04"
"1,406,711,663.75"
"1,352,093,162.03"
"1,464,644,213.55"
"1056398,26.29"
"1,058,284,171.73"
"1310702,87.4"
"1,275,186,445.62"
"1,115,062,381.94"
"1,369,730,446.22"
"1,441,255,293.90"
"1,009,158,223.03"
"1,439,087,334.92"
"1,101,076,375.45"
"1,385,485,373.32"
"1,381,756,497.99"
"1163817,46.79"
"1034901,49.64"
"1365266,43.61"
"1491765,16.07"
"1331278,33.66"
"1387243,42.69"
"1,059,770,398.46"
"1,411,775,318.62"
"1,237,309,238.51"
"1279987,71.05"
"1230317,49.78"
"1,471,457,218.07"
"1,421,988,112.15"
"1,242,095,128.16"
"1,123,773,128.20"
"1,486,238,127.26"
"1,106,874,247.54"
"1,043,439,258.84"
"1,135,306,164.97"
"1,213,221,141.24"
"1,293,359,164.56"
"1488237,86.43"
"1215569,60.04"
"1364047,28.75"
"1222795,29.53"
"1,064,545,138.26"
"1446086,65.32"
"1,093,571,340.06"
"1,418,371,385.29"
"1,182,114,173.06"
"1,054,723,723.60"
"1,182,446,401.67"
"1,253,839,229.32"
"1,139,142,145.74"
"1,320,721,352.27"
"1,134,128,527.46"
"1,424,653,525.06"
"1,254,550,120.97"
"1,163,284,143.60"
"1,314,335,202.09"
"1,338,319,325.29"
"1,116,418,520.78"
"1,035,513,510.27"
"1461518,28.13"
"1441342,24.36"
"1480348,21.53"
"1306511,29.67"
"1465566,33.2"
"1375422,64.0"
"1011397,43.37"
"1206239,24.74"
"1086612,22.96"
"1,097,994,756.80"
"1,147,117,511.45"
"1,334,266,220.28"
"1365715,24.7"
"1,162,136,109.12"
"1,428,806,176.42"
"1,175,819,146.82"
"1,254,869,109.23"
"1311140,87.47"
"1,324,215,118.53"
"1007982,90.65"
"1,230,711,161.79"
"1,314,655,192.13"
"1,435,749,175.46"
"1,430,121,221.76"
"1,455,053,144.55"
"1,406,102,183.81"
"1290556,37.35"
"1201315,54.7"
"1,130,404,194.98"
"1,379,722,151.65"
"1,146,684,337.46"
"1,131,405,191.43"
"1,216,649,432.28"
"13,916,891,546.67"
"1,055,011,381.72"
"1,183,543,522.14"
"1451107,44.47"
"1,456,388,312.15"
"1,178,756,259.23"
"1,159,595,941.53"
"14,441,431,050.61"
"13,714,291,404.25"
"1,466,318,135.50"
"1,330,248,135.82"
"1,215,795,237.55"
"13,356,311,654.62"
"1,242,295,710.93"
"12,429,911,693.23"
"1,209,194,110.42"
"1148243,85.68"
"1181156,37.75"
"1316171,90.35"
"1,145,620,168.54"
"1385807,62.41"
"1025160,51.8"
"1,448,322,117.09"
"1,299,696,109.37"
"1,431,695,836.36"
"1,093,507,306.19"
"1,068,143,198.17"
"1262949,46.66"
"1111725,35.49"
"1,461,971,744.21"
"13,646,201,005.49"
"1,415,079,929.92"
"1,341,426,157.44"
"1,080,375,165.98"
"1,158,488,106.37"
"1,212,302,184.33"
"1,087,492,219.88"
"1,472,309,414.33"
"1,238,649,322.64"
"1,202,195,214.54"
"1,482,606,152.74"
"1,028,580,321.67"
"1,051,268,366.46"
"1,379,128,263.76"
"1013539,65.47"
"1,129,761,262.41"
"1,411,004,224.83"
"1,435,247,229.19"
"1,380,455,167.06"
"1,265,343,417.07"
"1,135,738,703.70"
"1,011,038,555.05"
"1,137,846,354.16"
"1399251,47.5"
"1,440,074,112.37"
"1,000,734,105.96"
"1,414,810,226.38"
"1,381,179,351.76"
"1,350,790,537.77"
"1190444,67.95"
"1486912,78.95"
"1,236,391,148.88"
"1,178,617,527.30"
"1,285,948,263.78"
"1,262,305,588.14"
"1,321,124,155.87"
"1,477,230,101.23"
"1474968,86.08"
"1358159,70.14"
"1,493,346,382.65"
"1,316,177,274.68"
"1,098,457,105.41"
"1325326,56.03"
"1252764,51.5"
"1,130,890,556.46"
"1,445,592,979.52"
"1,267,495,655.02"
"1382259,38.06"
"1156755,61.49"
"1491082,26.51"
"1,103,558,158.92"
"1,338,037,185.84"
"1,094,930,358.71"
"1,386,365,258.20"
"1,304,381,185.51"
"1,351,937,174.48"
"1,328,548,185.72"
"1,371,269,130.87"
"1,002,309,181.07"
"1471282,42.94"
"1,392,767,133.87"
"1,019,682,144.15"
"1,457,769,355.46"
"1,300,407,304.36"
"1,068,011,299.06"
"1,127,745,197.23"
"1,275,300,223.30"
"1031756,88.4"
"1276549,51.57"
"1056144,99.47"
"1345960,71.91"
"1,026,590,191.49"
"1,230,216,299.68"
"1,493,066,235.71"
"1,240,971,128.90"
"1076123,86.4"
"1,116,856,387.06"
"1,106,834,383.09"
"1,430,745,295.98"
"1142733,22.36"
"1332561,23.95"
"1065027,46.02"
"1288625,36.8"
"1100005,50.04"
"1316879,37.37"
"1,448,339,361.15"
"1,448,283,983.55"
"12,301,001,285.85"
"1150331,17.92"
"1,233,710,221.99"
"1244549,97.52"
"1,011,274,318.52"
"1,366,995,145.97"
"1,155,338,103.33"
"1431889,37.08"
"1411042,29.59"
"1373635,55.43"
"1,365,958,212.97"
"1,263,468,322.64"
"11,478,361,046.00"
"13,122,601,011.54"
"1,108,274,202.63"
"1,152,196,427.69"
"1,174,520,765.39"
"1,311,644,141.20"
"1,282,792,104.00"
"1313863,33.55"
"1,116,853,316.16"
"1,117,345,294.55"
"1,142,841,221.39"
"1346851,80.92"
"1202683,86.03"
"1,286,305,223.38"
"1,207,997,246.39"
"1,075,761,221.45"
"1,442,400,202.88"
"1313185,20.46"
"1313557,47.17"
"1461090,45.51"
"1262107,35.99"
"1043719,18.7"
"1172039,28.77"
"1,382,652,130.55"
"1,020,208,315.38"
"1,253,644,214.43"
"1,339,071,104.89"
"1,320,094,187.57"
"1,117,970,230.62"
"1,068,151,187.56"
"1,458,189,173.05"
"1,154,829,132.69"
"1441375,79.66"
"1027883,25.98"
"1358903,20.7"
"1,297,394,110.40"
"1065989,34.46"
"1,364,660,526.68"
"1,277,097,424.48"
"1,157,917,110.94"
"1,482,136,371.38"
"1,491,979,357.69"
"1,491,117,114.24"
"1206646,24.99"
"1208274,86.58"
"1210738,52.06"
"1,328,739,383.63"
"1,151,568,314.89"
"1,179,600,266.32"
"1350474,75.0"
"1249578,83.4"
"1,141,830,211.04"
"1,066,784,422.79"
"1,135,133,273.81"
"1,045,471,340.13"
"1239437,74.03"
"1412957,64.55"
"1256148,52.22"
"1150723,24.48"
"1,458,025,165.90"
"1208584,95.77"
"1052913,30.96"
"1342834,29.75"
"1427122,31.63"
"1,307,634,291.80"
"1,483,134,514.48"
"1,008,294,275.86"
"1127039,25.3"
"1205295,26.07"
"1,216,979,128.24"
"1,213,601,179.94"
"1,124,300,271.38"
"1,400,990,152.08"
"1,206,721,307.84"
"1,154,185,119.68"
"1051019,87.23"
"1035942,27.03"
"1120418,75.86"
"1000557,26.94"
"1,159,957,328.00"
"1,281,230,322.62"
"1,492,825,412.15"
"1,364,359,306.08"
"1,144,162,229.48"
"11,348,521,589.41"
"1,179,517,857.76"
"1,000,505,237.79"
"1301184,27.42"
"1,206,831,111.53"
"1,008,616,509.86"
"1,429,552,601.49"
"1,139,647,772.85"
"1,300,817,132.67"
"1,119,648,132.13"
"1,255,638,212.16"
"1,096,780,427.22"
"1,148,826,272.36"
"1,290,989,644.86"
"1442329,92.41"
"1421415,72.04"
"1394355,69.8"
"1,375,025,126.53"
"1103636,74.29"
"1435514,37.9"
"1344879,48.12"
"1026319,66.12"
"1,432,633,572.55"
"1,092,417,321.51"
"1,040,695,223.85"
"1142017,28.17"
"1123939,49.13"
"1496055,25.33"
"1,361,083,207.50"
"1,292,002,139.78"
"1,476,709,253.22"
"1318219,87.08"
"1,121,990,129.76"
"1409644,88.5"
"1,442,958,106.92"
"1,210,181,195.22"
"1,246,412,345.24"
"1,113,679,216.36"
"1,178,941,234.00"
"1,407,215,123.79"
"1137755,79.81"
"1,101,359,319.28"
"1,389,483,231.45"
"1446950,34.45"
"1,331,883,102.27"
"1,220,066,142.00"
"1,430,629,218.67"
"1,412,405,113.19"
"1,445,691,332.03"
"1,233,603,799.93"
"1,081,183,198.92"
"1,390,416,128.24"
"1161610,23.63"
"1,029,722,526.09"
"1,408,190,443.55"
"1,358,481,703.30"
"1362659,89.86"
"1,374,651,108.99"
"1,473,048,197.09"
"1,159,448,484.16"
"1,095,885,290.19"
"1,152,927,911.05"
"1263486,66.24"
"1361892,31.01"
"1180295,34.62"
"1461189,56.74"
"1352516,39.87"
"1203135,35.15"
"1412137,25.99"
"1348312,45.03"
"1,117,178,553.46"
"1,487,661,621.17"
"1,052,291,248.51"
"1346673,40.31"
"1,482,270,175.90"
"1195731,93.06"
"1,170,403,207.82"
"1,260,429,223.67"
"1,380,448,186.18"
"1,288,681,172.44"
"1121882,99.08"
"1,297,507,193.54"
"1,249,247,235.89"
"1,368,716,344.79"
"1,093,831,205.96"
"1,190,515,126.48"
"1412193,73.13"
"1,266,638,116.73"
"1281895,64.21"
"1263331,39.18"
"1,496,385,134.36"
"1,472,881,166.42"
"1,174,789,334.80"
"1,449,484,200.36"
"1,434,557,165.15"
"1,241,213,595.40"
"1,099,698,172.40"
"1,288,833,160.04"
"1,279,473,111.33"
"1,374,095,348.06"
"1,195,279,662.79"
"1,285,467,287.92"
"1,200,473,193.65"
"1,288,556,140.84"
"1,135,583,155.42"
"1,352,318,402.17"
"1,141,415,574.14"
"1,416,778,595.15"
"1251736,31.33"
"1256829,29.33"
"1497598,51.77"
"1200754,45.1"
"1,155,627,100.04"
"1257467,55.05"
"1010451,27.83"
"1,304,851,311.37"
"1,144,211,799.68"
"1,275,541,247.41"
"1333903,22.17"
"1273355,24.7"
"1077142,82.71"
"1213834,67.14"
"1,394,157,118.63"
"1246247,63.27"
"1,262,361,131.23"
"1,288,241,147.91"
"1,008,853,245.80"
"1,386,984,250.48"
"1,039,343,165.34"
"1,457,066,140.41"
"1,417,619,128.00"
"1,221,942,178.43"
"1492708,37.28"
"1260284,52.54"
"1005493,35.3"
"1,097,238,205.59"
"1,389,098,151.35"
"1,239,205,320.85"
"1,142,402,178.42"
"1,187,987,428.51"
"1,277,790,312.72"
"1,129,722,366.38"
"1,292,372,188.50"
"1083272,67.5"
"1,210,694,105.09"
"1,175,781,164.01"
"1,370,401,327.22"
"1,048,369,333.50"
"1,199,378,114.09"
"1443132,64.58"
"1,437,968,184.53"
"1,435,862,355.37"
"1,301,525,194.41"
"1,300,490,496.26"
"1155251,57.94"
"1066976,85.6"
"1493943,53.4"
"1376854,69.85"
"1,331,984,406.53"
"1,325,754,110.86"
"1317080,29.31"
"1083560,21.57"
"1231111,39.66"
"1,011,124,211.73"
"1,321,197,459.46"
"1,370,181,260.67"
"1449954,27.39"
"1,435,671,114.73"
"1,081,672,139.02"
"1,341,179,295.54"
"1,037,357,216.90"
"1,453,346,286.16"
"1,129,402,150.98"
"1,356,694,114.64"
"1,095,297,156.76"
"1,005,508,174.73"
"1040476,54.43"
"1,274,638,135.96"
"1,130,738,190.48"
"1,234,863,233.94"
"1,004,425,287.07"
"1,248,791,174.06"
"14,166,241,067.73"
"1,168,965,464.98"
"1,080,688,326.78"
"1,237,764,218.47"
"1,085,489,270.67"
"1,310,818,721.40"
"1,469,088,657.18"
"1,330,889,957.77"
"1,451,006,145.81"
"1,199,888,207.67"
"1,456,099,221.14"
"1,238,994,907.46"
"1,233,434,456.11"
"1,418,277,991.65"
"1,437,367,151.31"
"1266827,93.86"
"1059366,48.67"
"1005997,74.39"
"1072243,74.37"
"1,487,987,108.91"
"1179844,72.68"
"1478638,65.42"
"1,126,519,641.88"
"1,097,376,344.03"
"1,322,240,241.02"
"1353828,39.61"
"1095697,23.1"
"1195929,35.1"
"1075296,72.89"
"1,126,645,127.17"
"1,387,808,255.57"
"1299335,93.4"
"1,190,579,125.44"
"1238279,52.62"
"1281060,90.26"
"1,255,725,233.70"
"1,086,034,333.08"
"1,222,068,322.02"
"1,445,345,349.65"
"1,346,505,212.39"
"1,321,003,157.40"
"1,484,787,353.57"
"1,120,747,190.74"
"1107889,38.58"
"1,063,781,140.52"
"1,069,635,161.48"
"1,362,909,200.25"
"1,160,528,129.30"
"1,071,583,259.15"
"1,081,273,961.56"
"1,301,120,557.36"
"1,252,819,179.24"
"1450030,44.17"
"1,357,284,121.63"
"1046795,68.36"
"1,135,179,213.64"
"1,292,184,417.67"
"1,236,684,371.46"
"1,312,208,135.05"
"1,221,279,119.52"
"1,215,254,100.58"
"1,160,460,510.72"
"1,433,007,254.81"
"1,473,093,436.60"
"1136868,47.48"
"1353423,45.0"
"1,231,192,195.39"
"1,025,759,109.27"
"1331967,27.02"
"1152714,55.24"
"1347861,50.05"
"1,434,386,274.93"
"1,496,234,406.76"
"1,192,419,215.71"
"1489440,51.72"
"1432777,39.6"
"1444293,28.65"
"1238059,97.94"
"1,037,656,162.11"
"1,225,810,173.39"
"1,181,074,171.97"
"1,137,669,235.91"
"1,020,431,177.90"
"1423125,80.12"
"1,297,694,114.13"
"1276959,83.31"
"1374169,53.01"
"1,202,772,275.04"
"1,036,821,145.22"
"1,249,229,254.71"
"1,468,668,322.16"
"1,080,511,172.67"
"1,453,211,755.82"
"1,216,199,162.89"
"1298007,32.2"
"1,286,555,108.76"
"1,405,233,302.10"
"1,156,240,278.18"
"1,247,979,290.01"
"1323764,57.86"
"1,323,389,169.15"
"1,337,295,188.80"
"1,078,113,215.63"
"1,354,222,428.96"
"1,005,910,355.62"
"1204525,20.24"
"1136587,27.4"
"1183839,20.91"
"1097913,48.51"
"1289506,25.09"
"1,467,938,255.66"
"1,102,366,543.01"
"1,104,329,235.41"
"1,253,823,181.85"
"1,335,558,211.61"
"1,309,171,315.93"
"1299132,87.53"
"1476668,96.5"
"1,018,667,130.76"
"1030392,94.43"
"1200823,87.32"
"1,369,039,162.25"
"1086847,21.24"
"1109486,36.55"
"1325405,32.27"
"1,331,264,373.58"
"1,427,058,307.30"
"1,336,172,376.88"
"1,255,751,343.65"
"1,320,682,155.48"
"11,411,031,253.84"
"1,183,358,368.64"
"1,384,513,373.29"
"1143313,83.36"
"1,253,248,800.72"
"1,142,409,879.29"
"1,267,250,355.35"
"1,479,265,112.90"
"1,203,571,141.88"
"1,478,474,207.73"
"10,287,461,154.91"
"1,178,203,549.34"
"13,853,501,006.04"
"1,074,938,118.33"
"1,267,774,129.66"
"1,022,228,154.70"
"1211769,77.35"
"1,119,491,111.71"
"1033015,69.11"
"1,029,041,101.08"
"1146955,71.25"
"1,299,017,732.64"
"1,260,005,634.27"
"1,203,568,238.62"
"1120980,50.39"
"1165612,53.44"
"1,075,641,129.72"
"1,236,863,209.88"
"1,393,900,230.36"
"1,119,480,166.22"
"1,294,669,242.11"
"1334537,75.88"
"1,035,256,129.79"
"1,363,056,234.10"
"1,329,993,430.07"
"1,050,349,328.94"
"1,311,264,345.00"
"1,339,810,326.60"
"1,264,183,208.21"
"1,200,866,249.37"
"1,161,315,303.97"
"1,476,020,316.69"
"1,123,496,277.55"
"1,099,298,354.64"
"1,313,206,575.68"
"1,468,053,156.75"
"10,932,271,570.57"
"1,183,936,407.02"
"1,263,387,410.76"
"1065834,77.6"
"1,443,402,204.11"
"1,040,533,242.86"
"1,057,544,886.16"
"1,461,408,725.80"
"13,596,301,429.48"
"1,057,310,183.65"
"1,227,990,119.37"
"1,453,454,225.29"
"13,486,781,371.55"
"1,171,835,539.69"
"1,329,067,989.43"
"1214967,67.31"
"1,360,876,118.23"
"1487084,62.76"
"1,476,159,142.83"
"1185623,84.58"
"1401622,92.9"
"1150515,22.6"
"1,353,711,533.05"
"1,300,105,805.21"
"1,050,801,227.90"
"1205716,33.51"
"1084245,18.3"
"1323798,45.08"
"1,495,866,271.10"
"1,126,990,559.77"
"1,382,069,548.18"
"1,206,071,126.53"
"1,156,187,139.08"
"1,446,803,136.83"
"1,049,695,140.10"
"1,323,061,181.76"
"1,339,909,374.89"
"1,135,487,360.98"
"1,000,100,402.00"
"1,388,671,329.28"
"1,047,271,240.26"
"1,430,895,236.24"
"1,191,523,182.41"
"1,157,697,321.37"
"1,158,465,306.38"
"1,347,027,438.15"
"1,241,427,491.80"
"1,188,841,277.82"
"1,181,575,952.32"
"1,316,314,495.44"
"1,082,441,220.98"
"1335660,58.93"
"1168297,98.54"
"1213229,84.07"
"1,437,313,247.12"
"1,011,793,457.99"
"1,376,105,345.35"
"1056546,98.69"
"1,086,686,172.79"
"1,483,804,155.73"
"1,484,346,414.78"
"1,065,215,230.98"
"1,191,886,475.31"
"1018412,62.41"
"1130199,59.89"
"1388783,42.59"
"1114069,58.1"
"1,097,480,135.27"
"1,254,831,124.65"
"1356261,31.36"
"1169758,41.66"
"1047398,31.92"
"1,108,942,308.30"
"1,395,990,634.14"
"1,447,928,298.62"
"1162538,27.16"
"1298962,46.15"
"1,451,782,141.43"
"1,258,001,178.15"
"1,301,416,227.61"
"1,160,983,154.71"
"1,103,189,139.03"
"1,432,687,132.31"
"1,454,944,187.74"
"1251515,30.2"
"1,407,082,246.07"
"1375055,38.18"
"1,140,780,252.37"
"1,390,190,252.52"
"1,483,577,418.23"
"1,310,234,336.73"
"1,324,612,280.73"
"1,318,087,353.04"
"1,173,141,338.85"
"1,269,934,110.86"
"1442947,37.18"
"1233406,90.24"
"1,490,422,256.18"
"1,228,255,248.27"
"1,324,289,409.78"
"1044544,80.94"
"1,415,178,136.69"
"1,083,391,185.94"
"1,390,665,417.67"
"1,343,682,216.75"
"1,420,269,354.92"
"1067445,96.17"
"1331472,61.22"
"1174767,82.29"
"1066841,45.57"
"1,196,664,137.38"
"1470329,96.87"
"1257230,45.0"
"1395065,31.47"
"1013425,50.15"
"1,494,636,289.83"
"1,085,476,663.07"
"1,326,219,339.02"
"1363457,36.9"
"1003155,93.73"
"1,104,556,213.56"
"1,379,985,276.71"
"1,342,457,156.14"
"1,008,710,128.46"
"1,418,705,114.61"
"1333430,56.95"
"1186546,49.43"
"1,239,269,130.15"
"1388725,35.44"
"1,462,832,332.40"
"1,072,966,361.51"
"1,197,083,492.24"
"1,107,959,419.52"
"1,481,223,208.82"
"13,055,182,846.56"
"10,919,481,286.66"
"1,423,856,516.27"
"1,135,243,131.05"
"1,175,893,381.62"
"1,180,816,305.59"
"1,256,510,838.68"
"1,306,222,982.64"
"10,896,153,019.31"
"1,059,966,123.95"
"1,106,408,127.96"
"1,337,824,219.94"
"10,963,721,791.95"
"1,493,967,974.46"
"14,640,471,777.91"
"1,232,736,260.60"
"1,310,626,269.42"
"1,152,557,133.14"
"1,470,108,310.63"
"1,083,732,420.25"
"1,340,571,211.40"
"1,001,888,118.92"
"1,190,892,150.75"
"1412578,59.86"
"12,217,741,065.92"
"10,726,281,158.97"
"1,418,345,265.12"
"1163110,91.01"
"1482208,82.71"
"1,126,214,105.94"
"1,140,966,371.23"
"1,124,593,608.51"
"1,326,921,645.30"
"1,199,659,210.32"
"1,115,764,217.04"
"1,338,613,193.29"
"1,262,678,213.84"
"1,135,607,232.91"
"1,239,466,696.42"
"1,185,120,468.55"
"1,116,326,502.71"
"1,084,274,473.93"
"10,016,051,031.39"
"1,061,234,550.32"
"1,327,015,436.18"
"1,081,244,100.58"
"1,056,311,305.16"
"1,231,953,315.39"
"1,315,567,443.02"
"1,023,338,419.30"
"1,368,801,322.50"
"1,365,321,803.53"
"1,434,395,416.37"
"1,060,668,240.70"
"1412851,31.51"
"1,389,584,149.00"
"1,047,653,108.98"
"1,368,824,455.54"
"1,062,138,572.93"
"1,080,771,790.87"
"1,265,021,135.40"
"1,162,076,179.46"
"1,033,851,212.81"
"1,164,529,317.42"
"1,164,851,261.85"
"1,407,686,460.47"
"1239126,34.21"
"1004611,41.52"
"1,271,171,134.52"
"1029230,55.23"
"1152216,39.08"
"1245895,41.89"
"1,006,231,387.69"
"1,174,973,424.29"
"1,399,815,244.26"
"1374612,26.58"
"1,480,121,273.57"
"1,002,209,403.56"
"1,278,108,311.29"
"1462180,30.5"
"1184629,40.59"
"1046603,89.9"
"1,250,767,143.29"
"1,309,641,255.20"
"1,244,370,329.07"
"1,122,567,271.67"
"1,196,992,135.59"
"1,313,003,190.15"
"1,128,343,105.65"
"1288977,89.88"
"1,129,132,263.86"
"1,095,953,243.18"
"1,052,493,234.27"
"1,218,935,184.47"
"1,015,407,265.16"
"14,313,611,289.88"
"1,485,965,469.40"
"1,336,922,485.98"
"1132112,73.65"
"1,005,220,280.67"
"1,004,022,257.63"
"1,279,884,917.26"
"10,087,501,051.35"
"1,105,224,415.42"
"1,466,321,134.77"
"1,280,185,116.29"
"1,457,965,253.75"
"1,244,417,857.21"
"1,131,919,739.85"
"14,513,171,256.38"
"1,104,883,142.15"
"1,175,655,136.83"
"1189952,70.81"
"1,000,304,156.95"
"1,461,295,369.80"
"1,120,717,105.15"
"1493281,47.25"
"1,170,498,111.54"
"1383931,70.39"
"1,327,670,680.93"
"1,343,332,316.97"
"1,236,270,243.48"
"1400678,54.51"
"1197290,25.32"
"1401748,53.25"
"1,248,165,583.37"
"1,230,061,590.26"
"1,181,642,581.73"
"1,329,876,125.84"
"1,405,583,128.44"
"1276334,95.12"
"1,292,794,156.63"
"1,106,071,265.90"
"1,335,860,405.34"
"1,443,203,371.53"
"1,266,589,366.49"
"1,188,906,193.06"
"1,096,891,286.99"
"1,205,809,419.56"
"1,439,307,260.96"
"1,179,169,104.71"
"1,045,963,343.82"
"1,429,094,255.27"
"1,311,865,321.81"
"1,080,373,351.64"
"1,399,350,268.72"
"1,311,554,323.58"
"1,110,818,265.93"
"1,303,018,131.28"
"1174742,34.3"
"1,349,833,105.96"
"1332264,49.56"
"1,172,547,204.36"
"1,202,092,232.69"
"1,409,437,199.53"
"1038905,87.79"
"1157152,44.53"
"1,185,911,124.33"
"1,109,479,329.52"
"1,155,822,165.64"
"1,406,614,398.63"
"1286531,79.87"
"1027999,38.23"
"1193741,36.7"
"1241441,46.46"
"1315121,66.31"
"1497710,76.93"
"1349802,28.28"
"1333857,32.03"
"1365192,31.9"
"1,284,213,282.61"
"1,172,386,555.95"
"1,268,959,301.00"
"1,314,764,124.13"
"1,076,504,167.14"
"1,180,513,238.40"
"1,441,078,129.50"
"1,309,464,129.85"
"1176713,92.03"
"1,375,565,100.77"
"1304798,30.65"
"1215467,49.51"
"1180354,39.22"
"1,411,569,308.13"
"1,173,022,233.26"
"1,067,126,218.88"
"1,284,763,322.53"
"1,467,408,174.62"
"1,010,693,287.44"
"1,492,072,256.06"
"1261641,73.91"
"1154519,21.69"
"1,284,522,105.65"
"1128146,77.66"
"1,361,785,149.21"
"1,097,103,197.64"
"1,184,517,341.72"
"1166644,86.28"
"1322713,79.41"
"1,333,349,215.44"
"1,122,674,241.35"
"1,085,876,138.72"
"1,167,618,221.96"
"1099209,26.21"
"1445899,95.08"
"1419759,37.07"
"1194935,40.67"
"1443388,34.09"
"1,133,418,177.40"
"1,451,491,406.86"
"1,391,487,190.72"
"1346923,15.44"
"1091512,47.66"
"1236380,97.83"
"1,365,007,117.32"
"1,234,609,130.79"
"1,255,211,145.05"
"1,196,064,177.40"
"1049627,60.58"
"1171254,45.36"
"1440868,44.75"
"1158633,60.71"
"1432911,42.27"
"1,359,292,280.98"
"1,420,948,254.13"
"1,444,309,238.19"
"1,205,357,323.83"
"1,313,355,168.53"
"1,452,010,331.18"
"1,299,770,206.67"
"1255054,72.45"
"1,229,099,160.63"
"1,176,972,129.67"
"1,328,253,233.15"
"1,312,682,367.39"
"1,328,174,484.96"
"1,227,077,103.23"
"1437393,92.85"
"1471676,99.25"
"1,036,444,739.54"
"1,136,324,305.94"
"1,036,028,850.26"
"1,086,341,120.86"
"1013266,95.88"
"1452051,73.49"
"1,102,454,144.92"
"1,328,928,292.46"
"1,363,133,279.46"
"1238113,56.6"
"1244122,82.1"
"1302369,38.87"
"1,141,719,631.69"
"1,418,192,560.54"
"1,025,362,294.47"
"1010063,63.81"
"1271876,36.2"
"1243764,65.57"
"1154773,93.57"
"1,217,617,192.39"
"1,457,179,195.48"
"1,149,983,158.10"
"1,442,399,129.39"
"1,023,820,115.74"
"1,261,421,154.69"
"1,152,408,165.91"
"1,322,672,243.48"
"1219542,91.83"
"1,258,790,392.50"
"1,184,081,255.53"
"1,033,033,253.58"
"1,009,025,366.27"
"1,187,131,158.22"
"1,490,092,115.16"
"1,044,947,148.35"
"1,401,482,139.86"
"1401300,26.33"
"1040108,96.78"
"1,072,145,178.60"
"1,167,505,270.57"
"1,432,844,569.18"
"1,360,840,144.39"
"1281317,88.92"
"1,394,720,244.45"
"1,123,472,276.64"
"1,335,875,193.23"
"1,191,021,151.65"
"1062946,27.26"
"1379038,39.12"
"1,086,068,137.70"
"1,209,675,415.10"
"1,273,528,168.00"
"1052283,19.62"
"1488713,92.6"
"1,317,965,117.90"
"1,334,338,131.83"
"1,495,749,117.13"
"1,155,113,247.97"
"1324217,99.98"
"1014713,28.2"
"1,068,923,370.50"
"1,199,511,311.01"
"1,226,738,333.73"
"1,057,805,472.95"
"1,337,331,148.55"
"1,031,825,451.63"
"1,091,303,227.14"
"1,299,647,241.66"
"1339600,39.48"
"1,270,524,118.89"
"1069032,93.15"
"1,029,112,182.16"
"1,185,619,199.23"
"1,208,062,284.19"
"1218491,62.19"
"1411585,74.97"
"1,280,994,108.02"
"1,477,029,263.02"
"1,150,426,150.17"
"1,291,788,192.22"
"1123687,48.18"
"1385315,26.15"
"1273428,38.7"
"1,091,779,108.63"
"1,433,165,170.44"
"1233695,14.73"
"1226109,32.99"
"1289617,92.83"
"1,086,173,147.09"
"1,136,649,205.15"
"1,222,683,152.30"
"1,165,390,120.00"
"1,494,991,143.05"
"1303527,21.77"
"1332894,49.44"
"1375519,19.87"
"1,389,119,415.29"
"1,337,508,257.90"
"1,413,955,515.45"
"1,311,154,162.05"
"1150198,60.24"
"1,217,709,851.41"
"1,323,085,195.05"
"1,320,784,287.23"
"1,272,917,178.23"
"1377468,96.12"
"1,307,337,337.68"
"1,001,035,629.54"
"1,289,384,617.68"
"1,432,923,181.31"
"1,374,160,208.93"
"1,014,486,229.23"
"1,297,521,331.33"
"1,150,968,462.11"
"1,105,889,575.38"
"1374518,85.58"
"1372056,44.24"
"1115289,59.4"
"1218455,33.64"
"1428660,44.26"
"1111529,43.59"
"1080313,43.8"
"1045201,27.25"
"1,125,057,367.40"
"1,004,679,617.29"
"1,008,058,217.64"
"1402186,23.64"
"1159072,31.41"
"1,158,436,230.33"
"1,335,272,248.15"
"1,069,529,112.12"
"1,123,940,129.61"
"1216221,99.98"
"1,261,401,107.56"
"1075510,86.4"
"1,312,582,239.66"
"1,325,177,227.41"
"1,190,687,244.97"
"1,041,996,218.84"
"1,494,281,298.94"
"1,396,001,149.79"
"1,233,931,150.26"
"1209078,60.74"
"1433984,39.22"
"1,307,281,261.43"
"1,411,927,328.91"
"1,092,679,292.10"
"1,024,773,379.84"
"1,098,852,201.47"
"1,141,881,735.90"
"1,209,119,298.96"
"1,240,215,268.72"
"1,426,530,144.67"
"1,095,528,462.13"
"1,320,803,397.77"
"1,352,358,740.34"
"1,151,293,172.27"
"1,184,545,177.14"
"1,334,503,183.06"
"1,115,185,331.75"
"1,285,953,336.20"
"1,149,701,403.62"
"1393708,37.13"
"1383287,43.19"
"1360039,35.61"
"1006359,16.9"
"1403211,86.91"
"1031284,47.5"
"1119679,18.51"
"1284106,30.87"
"1,034,605,422.27"
"1,181,140,814.65"
"1,395,629,260.95"
"1379420,23.38"
"1251743,21.01"
"1288029,43.19"
"1473188,62.23"
"1367645,26.84"
"1,413,911,260.87"
"1159801,58.36"
"1210701,31.77"
"1119698,53.85"
"1,332,210,104.80"
"1,411,131,170.34"
"1,069,729,317.17"
"1,314,022,143.68"
"1,397,183,234.89"
"1,202,918,150.56"
"1218200,98.1"
"1105075,78.12"
"1036017,43.95"
"1369119,45.13"
"1,387,667,266.44"
"1,403,654,268.24"
"1,165,494,255.37"
"1,420,906,370.93"
"1,420,945,415.38"
"1,231,951,335.41"
"1,452,283,221.54"
"1,361,853,179.95"
"1463031,34.88"
"1,388,951,102.34"
"1,280,859,168.24"
"1,346,717,176.42"
"1,061,824,238.61"
"1006298,99.16"
"1427842,65.26"
"1,128,401,162.85"
"1,265,739,555.21"
"1,494,433,242.01"
"1,321,396,587.79"
"1122277,70.83"
"1152696,91.66"
"1340194,60.93"
"1357744,54.4"
"1,300,078,113.30"
"1,421,593,205.22"
"1016202,40.91"
"1113687,74.76"
"1073000,63.72"
"1,194,071,258.19"
"1,092,325,474.36"
"1,070,305,175.47"
"1258363,43.15"
"1316698,17.21"
"1151283,35.55"
"1483303,92.31"
"1,384,836,134.21"
"1,226,194,206.08"
"1,153,428,129.61"
"1,198,100,133.53"
"1416107,96.68"
"1441608,80.62"
"1448657,55.4"
"1,030,152,148.03"
"1179248,42.64"
"1,045,075,265.53"
"1,041,492,357.40"
"1,355,682,353.59"
"1,479,870,340.24"
"1,326,830,109.12"
"1,238,168,999.86"
"1,171,800,613.48"
"1,124,674,169.41"
"1164972,40.86"
"1143333,94.47"
"1011658,74.6"
"1,064,374,253.41"
"1,279,043,353.00"
"1,396,311,434.37"
"1394547,76.12"
"1077761,61.15"
"1,479,383,207.39"
"1,496,500,537.82"
"1,281,991,258.75"
"1,297,893,642.28"
"1,386,801,104.80"
"1365952,86.71"
"1152086,95.34"
"1,271,829,153.58"
"1,137,861,189.51"
"1216539,29.41"
"1438909,70.01"
"1368104,31.73"
"1,396,732,378.93"
"1,132,676,441.84"
"1,147,729,354.99"
"1242371,18.79"
"1033446,28.11"
"1,087,011,163.87"
"1,428,580,213.32"
"1,301,833,264.10"
"1,326,094,275.26"
"1,264,988,367.70"
"1,077,154,137.19"
"1,475,592,129.57"
"1222986,67.26"
"1,304,997,135.68"
"1277631,26.72"
"1,052,107,387.43"
"1,448,417,368.44"
"1,400,085,323.15"
"1,190,020,435.18"
"1,247,231,213.25"
"1,177,870,186.91"
"1,342,526,147.17"
"1394193,61.56"
"1224126,96.59"
"1,006,444,131.66"
"1,347,953,202.72"
"1,264,026,247.26"
"1488317,80.39"
"1,426,059,141.08"
"1,361,559,127.11"
"1,227,980,200.96"
"1,194,921,106.98"
"1,033,540,233.48"
"1057352,46.84"
"1190878,27.66"
"1304436,88.32"
"1015274,83.83"
"1303079,39.0"
"1369451,25.15"
"1256367,21.1"
"1,411,939,173.94"
"1,099,178,388.79"
"1,047,440,152.95"
"1156344,27.57"
"1349813,20.06"
"1,184,487,131.31"
"1,016,228,127.02"
"1,336,471,228.36"
"1,105,467,246.10"
"1,211,232,169.17"
"1,437,773,114.91"
"1018666,22.27"
"1174577,31.08"
"1400533,47.04"
"1,485,489,265.68"
"1,421,265,122.54"
"1,257,824,245.27"
"1,270,197,243.11"
"1453725,96.13"
"14,017,051,512.05"
"1,266,103,974.61"
"1,197,433,675.07"
"1,301,497,195.03"
"1116479,77.29"
"1,445,437,488.10"
"1,272,750,492.33"
"12,396,841,202.58"
"1,472,327,112.93"
"1237389,77.67"
"1,414,652,211.72"
"1,482,167,576.27"
"1,409,591,435.87"
"1,473,384,787.04"
"1,198,902,151.95"
"1,269,940,129.25"
"1,478,820,188.63"
"1,488,358,194.17"
"1,143,995,155.54"
"1066832,39.76"
"1391032,60.89"
"1367690,47.89"
"1,130,577,483.24"
"1,473,197,577.12"
"1,076,706,259.94"
"1276290,53.85"
"1443284,36.17"
"1,458,481,222.01"
"1,018,827,234.76"
"1,203,063,198.65"
"1,125,357,112.40"
"1271798,56.73"
"1206576,41.06"
"1,297,029,101.40"
"1,214,610,154.15"
"1,049,598,262.27"
"1,154,039,329.83"
"1,249,298,239.48"
"1,104,104,225.68"
"1,180,088,210.70"
"1,456,519,331.63"
"1,336,457,318.24"
"1342696,52.27"
"1,049,974,403.04"
"1,420,298,361.30"
"1,007,605,492.05"
"1,333,331,403.96"
"1,174,028,201.63"
"1,396,043,626.27"
"1,147,970,311.25"
"1,049,835,339.53"
"1,287,808,184.63"
"1,458,704,101.78"
"1,058,279,671.66"
"1,445,467,709.37"
"11,617,311,035.03"
"1,435,821,274.89"
"1,444,705,211.35"
"1,322,369,243.75"
"1,482,011,442.59"
"1,446,692,452.38"
"1,272,693,760.13"
"1062944,44.28"
"1152740,61.4"
"1094183,33.48"
"1044940,51.93"
"1006018,33.18"
"1152665,53.05"
"1037684,30.68"
"1,459,823,500.26"
"1,431,673,482.10"
"1,484,069,221.75"
"1067964,23.73"
"1237099,31.0"
"1,021,695,178.81"
"1,083,295,201.05"
"1448564,49.08"
"1,341,586,147.08"
"1177231,81.26"
"1142162,66.84"
"1,015,148,147.61"
"1,011,186,188.64"
"1,100,074,235.43"
"1,298,238,184.62"
"1,252,968,250.95"
"1,295,495,181.21"
"1,341,593,138.44"
"1,417,088,259.07"
"1,244,089,153.48"
"1209426,27.84"
"1,178,881,279.76"
"1,256,019,357.10"
"1,367,101,294.21"
"1,294,031,370.00"
"1,393,207,262.80"
"1,143,583,728.87"
"1,328,240,590.97"
"1,479,916,386.23"
"1401938,55.97"
"1,019,082,103.78"
"1161031,61.68"
"1,214,070,234.51"
"1,361,416,338.52"
"1,284,323,536.07"
"1107001,97.21"
"1157690,80.86"
"1,490,685,148.93"
"1,012,910,454.38"
"1,197,742,249.30"
"1,320,541,612.07"
"1,336,958,148.93"
"1350802,53.68"
"1,453,905,159.80"
"1,158,635,213.72"
"1,439,173,152.21"
"1124945,46.75"
"1181477,66.06"
"1328556,42.85"
"1,100,862,522.13"
"1,182,017,745.84"
"1,428,840,302.60"
"1024935,37.92"
"1415096,50.25"
"1421083,33.35"
"1,303,020,125.33"
"1,359,835,145.82"
"1,149,958,311.12"
"1,199,338,265.30"
"1,412,396,263.65"
"1,298,675,187.22"
"1,101,215,128.39"
"1336774,55.27"
"1,470,035,148.51"
"1131530,50.54"
"1,161,695,289.57"
"1,000,462,405.30"
"1,295,778,498.40"
"1,343,610,331.25"
"1,454,774,131.97"
"1,278,323,190.30"
"1,042,687,244.87"
"1,137,381,114.49"
"1067376,99.54"
"1482068,76.07"
"1,317,967,171.40"
"1,204,072,246.37"
"1,235,005,277.95"
"1,286,949,247.59"
"1133501,75.44"
"1,278,768,172.55"
"1,480,834,363.59"
"1,426,286,195.40"
"1,094,093,248.96"
"1396181,36.41"
"1223823,52.76"
"1492454,25.79"
"1201819,26.15"
"1,181,215,288.10"
"1,032,261,521.99"
"1,301,578,209.72"
"1157687,20.44"
"1093883,20.65"
"1,079,579,122.82"
"1,004,214,192.36"
"1,197,207,224.55"
"1,135,404,240.10"
"1,363,648,133.81"
"1,289,049,121.17"
"1358588,89.78"
"1025147,31.43"
"1143497,45.37"
"1,196,216,392.23"
"1,141,805,230.89"
"1,028,420,252.70"
"1,008,082,364.09"
"1,203,463,191.66"
"1,392,466,430.90"
"1,177,980,243.16"
"1,129,026,191.01"
"1420393,66.58"
"1286612,97.58"
"1,012,745,210.51"
"1,316,195,160.54"
"1,336,270,171.89"
"1,173,009,167.72"
"1,000,985,246.87"
"1,358,438,283.69"
"1098498,97.47"
"1,139,395,131.46"
"1428117,14.66"
"1208172,22.04"
"1192446,24.72"
"1,325,627,103.95"
"1,005,381,380.96"
"1,349,952,219.31"
"1430936,16.02"
"1,225,113,150.37"
"1,423,383,215.14"
"1,034,367,243.54"
"1,437,835,136.66"
"1,219,650,113.25"
"1003233,19.38"
"1,001,959,378.08"
"1,203,085,341.71"
"1,318,753,304.86"
"1,349,633,169.82"
"1,093,789,257.38"
"1,268,958,806.10"
"1,397,788,299.67"
"1,324,815,227.21"
"1043188,43.46"
"1110209,85.88"
"1285563,93.83"
"1,405,565,318.07"
"1,437,796,354.67"
"1,455,635,503.52"
"1,072,876,113.28"
"1281126,65.25"
"1,107,663,233.33"
"1,027,897,441.38"
"1,043,906,189.26"
"1,237,456,440.00"
"1434274,69.67"
"1190560,54.25"
"1103196,61.26"
"1189968,71.0"
"1171370,89.34"
"1464389,46.72"
"1226413,35.49"
"1119344,33.73"
"1,462,747,235.87"
"1,409,516,408.27"
"1,088,922,236.58"
"1094263,41.94"
"1395641,42.59"
"1413100,22.89"
"1,232,307,172.25"
"1,204,926,182.73"
"1,366,727,229.65"
"1,295,967,120.11"
"1131866,59.87"
"1186797,89.11"
"1110029,85.7"
"1,253,091,126.18"
"1,153,680,188.30"
"1,494,564,305.52"
"1,278,200,261.59"
"1,083,108,164.56"
"1,233,302,203.99"
"1,022,893,143.45"
"1228678,83.84"
"1329123,47.57"
"1,199,250,213.44"
"1,357,046,220.51"
"1,310,599,180.26"
"1,474,016,138.32"
"1,247,520,150.44"
"1,380,718,406.90"
"1,395,108,328.66"
"1,024,103,149.93"
"1383628,26.36"
"1142228,83.71"
"1471495,48.67"
"1,076,185,151.07"
"1,290,532,282.31"
"1,438,685,408.20"
"1,142,560,106.21"
"1391099,72.72"
"1310622,98.01"
"1,358,268,312.71"
"1,366,545,230.85"
"1,355,267,378.53"
"1,269,910,129.14"
"1,150,323,147.61"
"1474262,62.7"
"1107925,51.81"
"1,091,430,103.95"
"1,337,831,174.88"
"1414860,57.51"
"1325912,27.63"
"1424822,31.32"
"1,333,190,303.52"
"1,030,998,396.61"
"1,146,677,237.25"
"1143816,27.16"
"1057905,22.04"
"1041924,89.02"
"1,018,699,127.22"
"1,004,607,230.72"
"1,314,329,123.22"
"1,229,282,180.26"
"1,070,986,114.32"
"1,047,318,120.76"
"1,292,906,106.28"
"1,185,079,135.09"
"1214209,33.62"
"1,021,670,261.72"
"1,014,345,276.03"
"1,488,800,358.29"
"1,497,477,232.11"
"1349597,87.01"
"10,892,941,732.68"
"11,252,051,247.65"
"1,340,873,614.74"
"1,407,369,213.33"
"1,226,418,121.21"
"1,319,050,787.54"
"1,199,115,773.03"
"1,027,254,759.72"
"1232746,96.31"
"1,351,003,117.62"
"1,117,290,250.88"
"12,375,851,237.42"
"1,477,386,565.02"
"13,013,861,371.16"
"1391914,94.51"
"1,155,514,117.25"
"1040382,67.74"
"1219612,74.05"
"1,030,360,179.83"
"1,354,327,131.48"
"1298517,52.59"
"1,239,910,141.82"
"1171598,44.38"
"1,391,417,710.71"
"1,046,430,891.33"
"1,217,757,237.50"
"1203469,52.1"
"1357556,46.05"
"1461455,44.83"
"1,184,561,407.31"
"1,209,472,619.25"
"1,192,580,387.92"
"1,474,084,118.57"
"1,487,287,139.74"
"1164193,93.8"
"1109602,86.95"
"1,443,392,145.37"
"1,320,629,340.25"
"1,342,379,312.18"
"1,498,006,209.36"
"1,347,818,178.61"
"1,305,267,156.56"
"1,087,166,453.90"
"1,076,853,179.28"
"1305385,80.65"
"1,079,826,383.97"
"1,104,176,239.13"
"1,175,267,407.61"
"1,378,907,277.85"
"1,012,151,294.50"
"1,270,474,144.46"
"1,131,994,141.56"
"1450872,44.94"
"1471133,32.28"
"1,165,658,111.41"
"1217814,72.05"
"1,443,855,171.61"
"1,407,586,293.97"
"1,088,239,170.15"
"1387039,38.81"
"1,067,822,206.90"
"1,471,014,297.66"
"1,242,372,152.94"
"1,363,784,197.86"
"1179493,39.57"
"1462332,26.39"
"1028630,19.45"
"1,384,173,112.19"
"1010409,27.46"
"1,240,628,195.27"
"1,418,851,548.85"
"1,359,951,318.79"
"1,411,078,143.60"
"1,287,056,191.95"
"1,440,725,229.43"
"1056033,84.53"
"1396116,98.91"
"1425734,18.16"
"1090818,39.29"
"1,191,333,380.35"
"1,414,435,341.38"
"1,146,344,239.78"
"1,460,264,393.64"
"1,266,765,244.20"
"1,082,803,846.47"
"1,431,972,426.03"
"1,230,002,230.68"
"1,402,798,125.54"
"1,356,258,218.18"
"1,212,698,536.97"
"1,486,372,463.14"
"1,443,293,824.02"
"1,324,089,203.35"
"1,171,163,104.29"
"1,056,982,135.91"
"1,279,701,752.65"
"1,397,626,209.11"
"1,326,661,466.38"
"1246808,79.37"
"1006570,46.91"
"1427424,52.59"
"1393546,88.74"
"1,058,293,237.39"
"1001180,18.93"
"1407561,49.47"
"1,344,056,473.46"
"1,198,898,696.47"
"1,114,889,239.74"
"1318169,25.23"
"1,220,031,382.49"
"1,162,048,384.60"
"1,178,436,204.30"
"1313079,78.64"
"1265812,60.8"
"1,039,592,114.61"
"1,218,630,154.01"
"1,079,575,382.17"
"1,000,586,277.36"
"1,429,686,228.00"
"1,230,004,128.98"
"1,452,748,133.61"
"1078476,67.21"
"1234810,87.13"
"1333045,52.52"
"1,234,968,258.54"
"1,219,673,236.38"
"1,352,579,334.81"
"1,185,243,448.32"
"1,100,649,298.78"
"11,390,121,114.27"
"1,487,534,216.34"
"1,040,523,232.72"
"1138941,49.78"
"1,329,060,142.60"
"1,364,719,477.72"
"1,336,659,295.25"
"1,117,505,578.88"
"1,350,098,115.55"
"1392380,76.45"
"1,420,772,184.54"
"1,182,139,468.56"
"1,412,054,215.88"
"1,489,178,761.29"
"1,294,662,128.96"
"1,259,517,182.03"
"1422858,88.69"
"1,148,515,470.09"
"1,465,748,176.45"
"1441382,49.36"
"1383402,56.82"
"1125018,43.8"
"1,245,505,459.18"
"1,009,320,587.92"
"1,232,901,244.41"
"1356004,38.93"
"1302236,23.32"
"1,278,894,267.99"
"1,052,757,245.75"
"1,322,060,364.99"
"1,373,882,179.96"
"1,123,593,178.52"
"1,366,427,171.42"
"1365294,98.57"
"1,464,131,184.54"
"1,198,611,323.60"
"1,339,347,325.44"
"1,142,883,298.56"
"1,109,675,198.80"
"1,162,252,251.48"
"1,420,537,269.43"
"1,271,253,147.65"
"1477134,46.97"
"1,098,625,342.47"
"1,086,137,279.29"
"1,499,690,178.78"
"1,333,035,136.61"
"1,484,962,181.75"
"1061620,75.84"
"1305904,82.52"
"1365197,65.08"
"1178853,75.52"
"1,165,037,124.80"
"1,367,023,238.01"
"1,137,267,105.78"
"1,161,659,139.61"
"1,092,440,260.62"
"1,093,380,350.15"
"1,425,176,191.82"
"1,119,688,159.38"
"1471786,27.0"
"1266863,29.68"
"1122156,41.58"
"1291641,15.57"
"1453686,22.55"
"1351721,92.44"
"1,048,131,865.92"
"1,378,323,330.44"
"1,237,518,123.49"
"1,370,913,128.56"
"1,497,225,171.39"
"1134227,31.72"
"1,243,770,142.89"
"1011398,88.11"
"1362374,31.09"
"1,370,332,324.45"
"1,369,916,265.69"
"1,368,442,311.76"
"1,401,772,342.73"
"1,164,969,163.21"
"1,376,822,559.98"
"1,192,752,235.89"
"1,122,553,159.00"
"1084167,56.29"
"1,435,856,135.17"
"1,416,232,215.79"
"1,356,384,432.30"
"1,145,535,223.42"
"1103003,76.27"
"1,390,893,105.06"
"1,163,752,146.16"
"1,284,180,739.49"
"1,044,711,293.12"
"1,101,385,772.31"
"1,310,135,159.53"
"1107165,87.38"
"1044935,70.98"
"1,358,058,238.32"
"1,270,763,238.91"
"1141498,51.01"
"1,099,098,112.52"
"1368689,96.16"
"1,225,441,442.83"
"1,411,973,433.72"
"1,305,327,213.05"
"1326015,40.4"
"1474663,52.18"
"1461176,62.2"
"1,367,817,118.88"
"1,328,212,242.62"
"1,251,250,210.68"
"1,175,249,163.79"
"1,067,334,192.83"
"1,343,496,140.64"
"1,198,628,178.04"
"1,425,780,149.44"
"1,255,897,392.14"
"1238740,48.16"
"1,442,104,273.10"
"1,200,505,219.33"
"1,096,571,282.95"
"1,453,406,269.06"
"1,498,862,114.96"
"11,094,601,082.39"
"1,095,250,844.28"
"1,009,945,297.61"
"1062744,22.1"
"1104740,78.4"
"1146902,98.2"
"1,109,325,167.09"
"1,426,497,315.92"
"1,277,432,335.59"
"1,464,202,157.65"
"1,123,580,157.02"
"1,123,130,207.56"
"1,438,654,211.30"
"1,378,051,291.22"
"1,283,089,200.46"
"1214375,43.03"
"1223519,54.76"
"1492295,99.08"
"1315808,24.35"
"1245081,17.04"
"1179359,36.16"
"1,069,506,227.13"
"1,084,567,473.82"
"1371893,53.08"
"1,279,696,116.44"
"1,381,048,243.37"
"1,294,243,349.92"
"1,255,299,220.16"
"1,454,713,151.50"
"1,132,414,129.60"
"1168582,55.5"
"1211490,34.52"
"1396054,87.08"
"1075151,22.05"
"1,129,512,314.91"
"1,349,156,265.43"
"1,283,403,426.75"
"1,442,597,572.60"
"1,372,560,170.97"
"14,445,431,519.65"
"1,317,829,518.12"
"1,129,603,237.48"
"1302905,77.34"
"1,478,833,129.69"
"1037634,98.94"
"1,133,327,724.51"
"1,145,867,733.22"
"11,324,161,339.10"
"1,061,066,166.78"
"1,237,095,119.51"
"1,292,548,199.62"
"1,004,539,814.94"
"1,109,532,350.18"
"1,464,786,918.94"
"1,454,798,114.05"
"1258488,75.63"
"1009681,46.68"
"1207682,52.17"
"1272815,58.34"
"1053250,38.42"
"1117835,72.35"
"1142259,82.01"
"1,256,087,588.08"
"1,226,927,533.68"
"1,197,065,237.81"
"1021476,21.66"
"1128443,41.93"
"1063994,80.5"
"1272093,98.07"
"1,184,858,167.29"
"1,130,424,294.72"
"1,253,795,382.81"
"1,007,961,164.97"
"1,090,108,119.75"
"1,088,502,234.67"
"1,125,260,333.75"
"1,093,130,236.88"
"1,389,806,295.45"
"1260387,93.71"
"1,257,181,268.56"
"1,312,562,172.56"
"1099461,77.11"
"1227103,52.46"
"1,371,677,265.25"
"1,040,519,273.32"
"1,419,824,214.14"
"1,039,816,529.10"
"1,180,066,228.83"
"1,093,777,462.77"
"1,015,607,200.82"
"1385551,76.6"
"1,343,850,101.41"
"1,302,699,134.98"
"1,470,456,366.97"
"1,033,891,221.16"
"1,317,953,147.12"
"1240240,73.84"
"1138618,58.3"
"1,251,353,433.38"
"1,169,520,260.17"
"1,222,203,369.77"
"1330506,85.24"
"1095747,60.74"
"1146800,67.84"
"1,340,138,105.66"
"1,060,804,106.78"
"1034507,52.85"
"1285430,44.47"
"1418621,29.68"
"1,389,242,183.24"
"1,205,005,452.03"
"1,458,426,329.71"
"1145845,45.95"
"1,020,336,101.42"
"1,390,749,120.84"
"1,458,502,204.25"
"1,268,836,161.11"
"1,000,380,201.31"
"1316849,96.14"
"1260616,70.52"
"1490597,43.38"
"1365659,51.82"
"1177200,30.71"
"1,324,304,409.53"
"1,423,013,315.65"
"1,340,752,262.03"
"1,330,625,324.00"
"1,165,067,291.82"
"1,485,963,391.85"
"1,107,378,551.61"
"1,475,322,269.30"
"1423096,33.94"
"1,421,652,108.40"
"1,164,085,291.65"
"1,397,932,256.11"
"1,079,065,426.29"
"1234680,85.18"
"1,172,167,267.93"
"1,312,426,199.66"
"1,492,844,341.18"
"1,143,346,160.90"
"1,396,501,261.98"
"1213006,96.25"
"1451834,51.99"
"1235794,47.0"
"1475191,92.7"
"1,498,268,113.03"
"1373847,48.23"
"1429177,22.71"
"1,448,932,301.26"
"1,301,394,400.03"
"1,279,507,244.53"
"1025507,25.56"
"1183926,28.26"
"1,364,798,140.52"
"1,452,295,187.44"
"1,260,568,235.65"
"1,487,099,168.86"
"1,147,881,275.03"
"1,058,707,220.95"
"1,423,621,153.02"
"1207940,49.24"
"1350667,56.2"
"1248758,24.94"
"1,218,300,403.38"
"1,059,605,270.20"
"1,122,083,240.80"
"1,248,754,342.01"
"1,497,978,235.14"
"1,193,020,894.87"
"1,322,847,910.84"
"1,374,913,243.43"
"1178707,30.47"
"1,489,039,117.32"
"1058034,65.29"
"1,256,130,345.89"
"1,040,412,450.14"
"1,251,525,320.53"
"1,302,552,342.89"
"1,000,405,172.42"
"1,272,624,264.21"
"1,418,951,379.60"
"1083553,94.7"
"1,379,614,436.08"
"1204248,71.69"
"1313512,45.63"
"1250654,38.86"
"1497104,51.18"
"1421623,19.31"
"1,207,686,252.56"
"1,464,581,279.19"
"1,022,560,198.36"
"1037597,44.84"
"1168775,26.92"
"1,429,336,107.91"
"1,173,733,103.09"
"1,384,661,288.14"
"1,174,164,151.02"
"1,130,340,141.57"
"1413242,82.3"
"1002128,67.19"
"1,245,306,128.03"
"1056566,57.12"
"1,252,353,389.93"
"1,321,307,281.38"
"1,004,124,459.52"
"1,327,188,318.81"
"1083831,91.22"
"1,430,974,749.38"
"1,204,607,649.19"
"1,375,533,265.46"
"1110541,78.2"
"1,308,693,327.60"
"1,339,671,334.15"
"1,146,493,218.68"
"1,446,291,147.34"
"1,473,600,119.32"
"1,106,524,153.75"
"1,041,891,315.38"
"1,246,866,127.15"
"1,063,833,317.29"
"1010170,73.58"
"1061389,64.08"
"1391427,50.28"
"1124635,18.89"
"1,163,908,109.07"
"1,480,946,119.71"
"1317106,43.32"
"1,289,609,150.91"
"1,130,721,323.34"
"1,085,675,153.44"
"1456089,21.95"
"1487852,42.95"
"1194326,22.37"
"1250822,94.24"
"1,393,237,134.26"
"1,079,005,334.62"
"1,114,401,170.12"
"1,285,141,253.46"
"1,272,957,166.29"
"1215779,74.47"
"1074009,52.19"
"1167678,89.67"
"1,028,514,262.21"
"1,309,758,308.61"
"1,280,261,401.09"
"1,236,341,341.29"
"1,193,107,118.78"
"1,231,421,709.16"
"1,327,609,385.62"
"1,233,349,352.46"
"1462748,50.16"
"1,269,584,107.77"
"1014996,94.22"
"1,443,779,353.52"
"1,430,695,309.29"
"1,075,490,367.73"
"1,465,455,204.94"
"1,484,197,185.04"
"1,121,116,220.02"
"1,329,859,410.80"
"1,305,683,272.97"
"1,276,788,349.43"
"1243216,18.25"
"1468809,38.03"
"1073152,40.9"
"1306776,25.78"
"1,375,783,404.99"
"1,136,080,388.71"
"1,015,385,114.32"
"1066076,38.76"
"1,289,065,158.95"
"1,049,699,234.05"
"1273859,84.48"
"1250917,57.17"
"1134217,91.51"
"1128791,47.67"
"1,076,426,118.04"
"1,240,821,110.28"
"1,162,484,274.09"
"1,287,294,173.60"
"1,285,677,157.06"
"1,102,290,198.98"
"1215930,80.73"
"1457277,33.18"
"1237362,40.8"
"1,243,074,302.86"
"1,161,777,274.66"
"1,450,893,361.85"
"1,235,684,151.10"
"1,166,579,198.36"
"1,275,946,571.54"
"1,226,462,281.72"
"1,189,141,212.99"
"1,001,431,114.99"
"1344123,90.8"
"1,264,101,300.63"
"1,085,278,346.71"
"1,466,159,394.68"
"1,043,464,118.47"
"1,492,522,120.52"
"1,106,674,191.19"
"1,079,406,424.12"
"1,483,182,225.37"
"1,099,585,313.00"
"1305943,48.39"
"1202448,49.05"
"1262049,53.55"
"1108913,25.4"
"1019053,42.49"
"1031572,40.29"
"1,031,727,217.98"
"1,351,498,304.42"
"1,489,607,231.56"
"1248197,45.19"
"1268765,21.58"
"1,170,120,186.89"
"1,371,644,276.34"
"1,441,584,247.96"
"1221116,75.55"
"1011312,67.64"
"1289928,47.3"
"1,240,530,116.16"
"1,467,823,142.89"
"1,167,321,300.89"
"1,326,759,307.11"
"1,106,911,481.35"
"1,127,586,214.75"
"1,117,230,103.65"
"1408980,63.27"
"1466637,42.63"
"1,032,676,303.84"
"1,085,342,273.95"
"1,100,472,383.37"
"1,212,272,221.22"
"1487542,89.6"
"1,180,280,546.33"
"1,072,664,312.56"
"1,387,433,204.41"
"1233924,47.8"
"1,131,911,203.51"
"1,261,584,110.88"
"1,479,677,274.88"
"1,105,905,417.70"
"12,670,001,154.52"
"1,249,099,104.52"
"1,460,320,128.12"
"1,074,993,478.94"
"1,145,990,452.31"
"1,049,132,608.64"
"1063015,91.61"
"1,070,294,101.53"
"1114529,76.61"
"1370194,65.41"
"1270326,87.6"
"1087211,46.68"
"1371275,49.5"
"1,473,338,198.46"
"1,230,945,557.99"
"1,200,793,237.96"
"1054892,42.89"
"1262561,37.25"
"1,007,490,193.10"
"1,308,751,143.16"
"1,073,589,179.91"
"1,305,397,104.77"
"1274216,66.74"
"1296322,64.32"
"1496799,81.16"
"1,390,124,156.34"
"1,246,387,216.07"
"1,087,532,182.50"
"1,038,990,197.59"
"1,002,997,116.29"
"1,441,462,156.07"
"1,212,479,165.73"
"1336379,64.08"
"1231107,70.38"
"1,025,208,322.48"
"1,040,724,361.08"
"1,315,060,196.45"
"1,450,801,419.43"
"1,042,128,203.69"
"1,297,462,124.28"
"1,067,689,178.66"
"1480247,72.87"
"1111610,37.81"
"1,115,458,119.57"
"1,083,245,210.52"
"1,316,588,181.61"
"1,422,402,219.04"
"1103872,71.26"
"1252476,99.36"
"1,241,492,172.98"
"1,279,465,333.67"
"1,346,600,126.27"
"1,045,529,133.88"
"1247475,37.94"
"1033602,24.34"
"1,169,805,162.80"
"1,370,143,584.85"
"1,296,432,189.04"
"1230218,81.66"
"1,006,102,169.32"
"1,365,140,128.44"
"1,358,351,134.04"
"1484593,17.53"
"1,311,634,264.44"
"1,165,626,260.54"
"1,018,556,308.88"
"1,388,114,397.89"
"1,220,103,160.46"
"1,155,339,444.38"
"1,008,164,226.08"
"1,061,591,126.83"
"1403371,29.46"
"1430621,68.77"
"1146539,64.07"
"1,134,494,109.75"
"1,280,679,225.85"
"1,413,584,208.63"
"1250015,33.3"
"1174617,81.73"
"1,172,903,119.30"
"1,338,433,295.85"
"1,439,329,125.64"
"1,453,924,371.98"
"1230360,92.13"
"1474539,50.79"
"1385434,68.53"
"1,420,768,147.60"
"1,242,843,159.67"
"1491297,45.45"
"1029994,27.7"
"1,195,450,210.68"
"1,106,133,397.34"
"1,343,078,194.73"
"1106605,21.41"
"1021972,74.2"
"1054087,93.23"
"1,000,916,118.82"
"1,366,353,215.04"
"1,498,867,102.86"
"1,446,240,119.38"
"1493905,58.66"
"1,192,604,104.96"
"1,157,900,387.05"
"1,060,922,232.15"
"1,401,083,204.11"
"1,063,131,239.08"
"1291236,54.48"
"1,339,975,384.95"
"1,325,692,387.47"
"1,379,965,263.68"
"1445518,32.98"
"1,272,125,120.38"
"1173218,61.17"
"1,462,601,310.23"
"1,430,034,243.36"
"1,132,325,288.79"
"1124041,63.97"
"1028358,57.96"
"1,401,741,127.73"
"1,341,530,303.08"
"1,193,266,162.94"
"1,407,952,392.31"
"1392239,57.58"
"1310990,34.5"
"1406214,33.11"
"1,110,969,103.50"
"1440940,79.82"
"1028809,29.74"
"1104430,31.84"
"1149766,38.56"
"1,161,152,303.51"
"1,291,371,575.15"
"1,469,310,291.87"
"1359583,31.11"
"1247499,29.36"
"1313529,98.48"
"1,098,128,127.27"
"1,465,531,162.24"
"1,353,011,116.53"
"1,073,089,112.83"
"1,295,773,104.09"
"1,158,717,175.55"
"1035147,37.48"
"1342863,90.04"
"1269768,39.26"
"1,112,092,259.99"
"1,121,263,244.03"
"1,220,068,213.72"
"1,189,831,282.28"
"1,107,821,149.13"
"1,290,617,831.71"
"1,125,510,636.88"
"1,268,748,153.56"
"1235898,20.57"
"1,103,804,110.29"
"1020219,55.77"
"1,207,242,260.19"
"1,491,093,339.73"
"1,024,663,248.19"
"1,002,342,266.34"
"1,098,095,236.20"
"1,233,877,267.49"
"1,191,246,288.84"
"1,345,716,196.80"
"1,379,599,254.96"
"1254624,39.19"
"1323555,63.8"
"1301996,39.19"
"1327864,29.13"
"1,317,099,145.21"
"1,062,675,516.88"
"1,167,392,100.33"
"1224019,30.86"
"1162956,28.19"
"1,393,617,124.62"
"1,410,139,227.52"
"1,161,585,266.79"
"1,228,744,220.01"
"1,486,498,323.42"
"1,237,006,132.93"
"1368477,52.99"
"1268989,24.98"
"1331468,35.28"
"1,193,998,311.18"
"1,212,172,276.64"
"1,020,427,293.12"
"1,464,987,267.60"
"1,397,410,150.85"
"1,305,831,298.28"
"1,478,418,261.79"
"1,461,833,182.08"
"1,240,501,181.65"
"1306099,87.58"
"1,073,500,112.58"
"1,127,933,201.20"
"1,467,236,277.07"
"1117229,98.08"
"1,472,745,118.78"
"1,198,136,111.28"
"1,237,283,493.49"
"1,167,140,192.02"
"1,408,325,309.80"
"1032374,56.96"
"1294006,30.26"
"1007549,18.72"
"1391878,48.77"
"1178675,62.92"
"1093994,44.46"
"1100173,31.69"
"1035285,52.08"
"1,209,006,175.53"
"1,246,267,510.83"
"1,415,208,265.29"
"1421985,24.52"
"1356088,55.9"
"1,215,618,136.07"
"1,474,247,181.74"
"1,495,102,220.87"
"1,277,463,212.28"
"1,075,062,178.96"
"1,408,601,128.74"
"1191405,31.29"
"1064291,52.43"
"1207427,54.64"
"1,346,348,351.80"
"1,006,361,227.84"
"1,178,992,212.55"
"1,022,032,349.36"
"1356978,97.48"
"13,391,941,328.75"
"1,140,639,666.47"
"1,358,305,437.49"
"1497364,79.24"
"1,079,291,102.76"
"1032155,63.81"
"1,332,928,194.37"
"1,016,607,344.36"
"1,018,139,370.77"
"1,498,588,127.82"
"1,447,715,148.04"
"1,064,474,133.75"
"1,497,299,396.11"
"1,028,758,209.87"
"1,232,226,458.03"
"1,295,932,131.88"
"1242979,47.06"
"1,131,973,101.17"
"1,264,900,123.41"
"1,372,544,163.40"
"1069977,44.42"
"1051497,29.58"
"1439868,28.88"
"1,071,157,213.44"
"1,229,991,997.15"
"1,045,423,202.29"
"1424192,41.23"
"1,162,793,108.46"
"1,378,401,184.25"
"1,236,537,260.25"
"1,279,865,207.07"
"1,438,196,106.01"
"1,128,118,156.25"
"1,084,912,211.65"
"1,257,133,172.24"
"1,326,260,296.64"
"1342245,41.25"
"1,382,993,351.19"
"1,023,106,262.71"
"1,422,156,256.48"
"1,378,172,315.17"
"1,428,499,126.96"
"1,361,549,836.54"
"1,447,369,519.50"
"1,499,731,363.56"
"1477208,41.58"
"1,224,012,191.75"
"1476979,78.01"
"1,388,306,698.67"
"1,320,899,646.57"
"11,824,921,284.68"
"1,070,528,215.89"
"1,378,815,146.59"
"1,133,192,278.60"
"1,358,297,461.52"
"1,168,617,481.21"
"1,198,452,667.43"
"1054815,86.59"
"1429989,49.62"
"1452920,67.02"
"1,364,546,116.04"
"1047450,35.19"
"1495323,45.31"
"1059102,51.62"
"1199788,22.85"
"1,379,979,451.17"
"1,223,618,585.31"
"1,016,936,226.37"
"1144801,15.22"
"1,075,666,483.16"
"1,423,546,273.69"
"1,335,791,438.24"
"1449596,61.15"
"1223170,56.16"
"1047470,55.71"
"1,335,462,151.59"
"1,077,952,190.90"
"1,246,739,325.78"
"1,314,848,293.58"
"1,274,066,159.50"
"1,017,736,333.31"
"1,331,336,143.56"
"1069717,98.37"
"1427960,77.79"
"1285901,21.33"
"1,183,120,266.72"
"1,035,322,248.97"
"1,412,987,494.75"
"1,465,065,314.46"
"1,209,109,185.87"
"1,138,520,284.14"
"1,425,904,150.37"
"1,050,233,107.31"
"1438123,21.72"
"1,306,697,114.68"
"1466488,66.03"
"1,061,294,323.30"
"1,165,400,286.35"
"1,270,455,339.47"
"1,173,994,149.67"
"1234906,71.91"
"1,217,608,137.59"
"1,399,546,297.05"
"1,425,432,159.84"
"1,375,742,370.69"
"1386971,91.68"
"1,313,903,111.03"
"1468046,32.45"
"1143434,95.69"
"1,458,467,197.92"
"1,315,614,285.34"
"1060379,36.59"
"1242551,60.24"
"1095364,34.68"
"1,355,864,195.48"
"1,433,846,556.89"
"1,490,375,180.23"
"1128032,34.95"
"1274803,41.42"
"1,141,401,102.13"
"1,036,619,161.53"
"1,182,033,239.36"
"1,394,734,116.21"
"1,266,882,138.02"
"1,350,266,146.78"
"1,032,110,104.24"
"1346305,78.27"
"1,352,022,160.77"
"1444572,31.74"
"1,337,198,257.12"
"1,232,183,230.00"
"1,193,500,363.50"
"1,332,522,162.53"
"1,181,307,279.72"
"1,318,970,388.63"
"1,230,110,718.25"
"1,282,678,238.49"
"1454906,33.53"
"1,087,230,116.81"
"1245072,39.29"
"1,333,259,380.24"
"1,246,760,545.74"
"1,144,722,445.95"
"1228809,75.12"
"1177855,93.36"
"1,459,200,178.24"
"1,419,376,527.04"
"1,473,748,247.80"
"1,315,244,286.52"
"1117852,28.54"
"1378735,45.51"
"1123101,61.98"
"1216042,27.29"
"1363824,62.11"
"1,109,184,146.01"
"1,453,938,588.81"
"1,415,863,300.69"
"1410274,27.7"
"1,287,636,153.36"
"1,132,630,151.11"
"1,406,271,264.69"
"1,090,704,183.74"
"1,122,982,195.76"
"1349996,89.75"
"1,131,800,132.72"
"1385171,30.97"
"1359439,30.21"
"1,306,678,274.77"
"1,114,122,258.70"
"1,192,330,503.90"
"1,080,130,475.12"
"1,210,263,334.85"
"1,324,577,551.97"
"1,171,672,475.03"
"1,083,317,480.11"
"1230585,69.38"
"1,000,085,114.06"
"1425828,81.66"
"1,396,429,296.66"
"1,269,710,380.40"
"1,050,978,463.14"
"1,435,716,205.63"
"1,042,953,202.75"
"1189914,85.46"
"1,092,362,462.12"
"1,096,295,307.67"
"1,300,682,449.39"
"1288816,76.35"
"1128198,95.59"
"1,346,627,105.54"
"1088156,57.88"
"1478834,54.19"
"1331594,59.75"
"1,217,675,282.68"
"1,112,700,604.21"
"1,277,335,149.82"
"1080700,28.87"
"1137982,27.94"
"1028104,58.14"
"1,140,032,115.64"
"1,241,891,177.53"
"1,014,522,268.13"
"1,469,891,141.06"
"1,331,921,146.49"
"1,259,451,125.42"
"1139069,95.28"
"1074410,50.61"
"1,452,537,163.75"
"1197171,34.81"
"1,120,175,257.67"
"1,221,083,242.50"
"1,419,813,311.18"
"1,062,617,485.04"
"1,217,149,125.12"
"10,890,501,042.78"
"1,461,365,299.55"
"1,080,756,247.93"
"1,070,930,119.90"
"1,453,915,129.33"
"1,122,163,329.08"
"1,281,556,282.60"
"1,451,474,492.89"
"1184979,97.68"
"1448200,92.62"
"1,361,626,165.36"
"1,127,302,349.82"
"1,342,786,233.25"
"1,148,097,292.15"
"1206446,45.34"
"1037296,29.08"
"1306781,31.63"
"1096759,69.99"
"1493504,49.51"
"1294035,24.78"
"1408322,41.6"
"1311230,39.74"
"1431143,21.74"
"1,057,122,210.37"
"1,052,429,390.49"
"1,402,786,249.29"
"1395805,25.61"
"1070689,28.6"
"1298419,23.48"
"1,017,228,155.25"
"1,366,050,128.83"
"1,309,302,240.45"
"1071986,38.61"
"1348808,50.05"
"1105017,65.05"
"1,131,156,102.20"
"1191506,79.24"
"1,196,940,130.67"
"1,339,825,164.31"
"1,215,288,181.84"
"1,108,597,166.10"
"1,493,433,156.18"
"1010862,78.8"
"1289902,55.34"
"1350450,29.97"
"1,467,669,275.52"
"1,057,838,252.62"
"1,388,713,232.11"
"1,248,955,271.12"
"1,498,604,136.67"
"1,121,810,752.62"
"1,145,363,327.73"
"1,408,791,345.34"
"1,398,059,164.47"
"1000890,76.5"
"1,120,392,387.81"
"1,159,673,455.90"
"12,649,861,196.77"
"1,129,548,172.00"
"1,225,380,126.60"
"1,078,271,212.75"
"1,304,517,505.98"
"1,377,140,340.86"
"1,056,871,385.20"
"1173936,72.01"
"1416956,27.76"
"1171152,26.57"
"1,177,426,100.67"
"1260705,44.02"
"1138702,31.56"
"1163092,20.63"
"1,134,672,604.81"
"1,411,709,615.94"
"1,053,624,260.05"
"1205375,23.76"
"1,287,103,134.89"
"1,169,085,143.37"
"1452470,78.5"
"1346931,92.31"
"1128636,80.9"
"1,011,007,119.18"
"1,441,671,240.67"
"1,326,038,212.79"
"1,467,889,220.85"
"1,254,304,216.92"
"1,449,143,163.44"
"1,180,721,126.52"
"1085409,95.46"
"1255557,28.35"
"1,016,231,261.29"
"1,179,779,259.19"
"1,404,777,213.34"
"1,482,667,360.23"
"1,018,043,338.19"
"13,371,161,577.02"
"1,366,322,623.44"
"1,394,190,435.08"
"1408881,68.9"
"1,269,966,171.57"
"1,027,247,545.44"
"1,431,942,695.34"
"1,053,389,556.69"
"1059676,94.52"
"1,092,508,105.97"
"1,178,026,273.44"
"12,412,591,147.84"
"1,068,862,534.96"
"1,366,988,939.51"
"1,229,730,216.80"
"1,057,777,182.64"
"1,417,079,104.94"
"1,485,601,339.75"
"1,111,304,227.34"
"1,252,493,212.59"
"1348179,36.62"
"1267474,84.02"
"1,325,342,700.29"
"1,260,311,619.73"
"1,113,155,273.23"
"1140269,76.61"
"1315629,63.86"
"1471838,30.91"
"1,260,235,262.35"
"1,463,547,335.76"
"1,453,965,569.47"
"1,271,516,114.97"
"1418510,96.06"
"1,209,386,114.58"
"1,495,791,149.67"
"1,303,705,185.52"
"1,126,270,535.17"
"1,233,169,202.80"
"1,018,405,364.86"
"1,145,871,225.25"
"1,013,566,311.38"
"1,311,102,315.19"
"1,274,734,294.26"
"1318399,50.31"
"1,208,881,388.85"
"1,057,936,247.37"
"1,330,281,212.23"
"1,341,683,158.04"
"1,137,845,218.15"
"10,930,381,994.27"
"1,413,823,934.24"
"1,198,302,473.09"
"1050288,43.68"
"1,457,410,225.87"
"1,087,017,160.03"
"1,184,251,626.29"
"1,046,290,712.61"
"1,365,636,980.50"
"1,020,051,124.02"
"1,314,155,162.94"
"1054140,85.12"
"1,128,795,918.58"
"1,343,368,460.63"
"1,027,914,812.37"
"1,042,062,129.54"
"1,390,807,109.14"
"1028601,65.59"
"1,082,933,130.81"
"1384407,42.74"
"1,196,961,128.07"
"1122942,57.38"
"1189314,46.85"
"1368555,20.03"
"1,439,062,530.21"
"1,373,666,658.63"
"1,281,436,224.47"
"1075875,55.62"
"1079425,42.34"
"1375719,45.62"
"1,438,076,268.67"
"1,323,027,268.06"
"1,280,440,368.13"
"1,136,807,153.63"
"1,413,776,187.28"
"1372751,94.64"
"1,366,942,161.73"
"1,252,904,231.70"
"1,484,640,406.48"
"1,141,481,191.59"
"1,484,744,267.53"
"1,368,030,214.55"
"1,115,883,170.29"
"1,178,326,312.79"
"1,144,637,289.58"
"1083185,83.82"
"1,265,850,271.42"
"1,064,535,251.05"
"1,151,642,277.51"
"1,051,521,233.39"
"1,112,568,334.04"
"1,060,374,195.06"
"1,145,737,134.56"
"1153172,97.91"
"1,182,641,104.31"
"1416916,60.38"
"1,432,452,207.26"
"1,454,467,308.87"
"1,090,725,225.65"
"1,278,151,120.39"
"1,182,721,114.28"
"1,490,426,147.89"
"1,261,967,408.54"
"1,272,173,226.70"
"1,475,127,236.45"
"1402147,49.5"
"1405911,44.62"
"1270123,33.18"
"1129747,45.0"
"1,479,343,176.59"
"1,224,135,816.68"
"1,026,022,275.12"
"1133017,31.04"
"1374299,21.27"
"1492201,33.37"
"1194920,90.16"
"1,198,272,129.69"
"1,403,006,191.65"
"1,388,663,126.15"
"1,351,797,102.32"
"1,012,076,146.03"
"1199141,46.32"
"1248453,38.07"
"1,479,518,240.72"
"1,216,396,245.63"
"1,019,051,491.69"
"1,452,145,516.43"
"1,125,314,221.51"
"1,199,363,392.52"
"1,402,736,358.36"
"1,328,158,153.95"
"1316599,30.42"
"1,046,186,112.78"
"1,005,596,228.49"
"1,353,037,219.09"
"1,390,757,215.95"
"1085036,64.3"
"1,399,946,106.94"
"1,291,405,128.44"
"1,047,146,383.08"
"1,198,624,170.44"
"1,105,675,168.52"
"1113170,32.46"
"1377155,40.94"
"1412520,25.56"
"1138417,33.95"
"1,207,513,231.67"
"1,241,983,534.19"
"1,093,937,247.78"
"1409401,24.67"
"1323538,21.03"
"1,355,453,106.25"
"1,273,259,130.26"
"1,036,223,170.59"
"1,128,930,160.76"
"1,401,233,115.33"
"1,135,475,108.90"
"1,368,027,126.81"
"1054611,25.44"
"1079923,44.97"
"1465046,37.18"
"1,113,947,258.73"
"1,206,608,230.88"
"1,141,138,251.14"
"1,398,745,304.20"
"1,232,389,367.58"
"1,469,568,744.68"
"1,101,451,175.16"
"1067520,90.68"
"1,335,882,196.16"
"1,493,778,160.73"
"1433304,39.74"
"1,416,184,154.94"
"1,242,834,117.67"
"1,349,144,315.45"
"1,295,630,252.90"
"1,002,687,130.73"
"1221251,36.38"
"1128689,22.07"
"1307832,83.88"
"1,092,126,316.52"
"1,205,829,234.85"
"1057847,55.91"
"1480723,92.88"
"1,224,002,184.04"
"1,191,903,293.81"
"1,252,385,226.27"
"1211903,17.35"
"1,452,747,336.49"
"1,085,236,287.09"
"1,081,076,192.93"
"1,167,347,128.92"
"1,468,194,117.23"
"11,803,631,205.26"
"1,425,283,421.38"
"1,491,934,345.44"
"1165334,37.05"
"1,451,779,123.21"
"1,109,039,100.40"
"1,164,263,421.83"
"1,053,599,492.36"
"1,002,689,331.48"
"1,202,120,131.44"
"1,290,273,142.94"
"1,217,414,233.38"
"1,140,243,358.34"
"1,035,444,290.27"
"1,147,110,618.83"
"1143054,37.48"
"1359435,50.02"
"1322487,79.93"
"1,285,815,155.92"
"1,365,522,147.26"
"1401322,55.29"
"1104534,29.42"
"1418559,27.38"
"1,333,723,397.51"
"1,062,934,609.99"
"1,203,979,226.44"
"1493410,43.51"
"1119538,20.39"
"1,103,421,192.55"
"1,461,010,177.58"
"1,099,608,377.34"
"1411885,93.45"
"1491825,71.09"
"1,249,918,125.14"
"1,380,531,129.35"
"1,266,015,191.53"
"1,112,176,307.24"
"1,027,208,355.51"
"1,040,830,222.92"
"1,490,168,179.99"
"1,270,394,237.96"
"1,210,380,169.36"
"1488002,89.35"
"1019734,34.97"
"1,236,944,278.26"
"1,292,333,271.81"
"1,229,811,219.32"
"1,449,864,199.80"
"1,072,219,191.94"
"1,093,243,603.04"
"1,184,143,233.41"
"1,113,423,199.45"
"1422384,43.06"
"1,283,598,136.41"
"1,358,409,115.72"
"1,042,357,318.99"
"1,161,104,353.85"
"1,130,025,512.65"
"1051663,84.25"
"1,061,638,130.49"
"1195041,85.3"
"1,052,245,323.71"
"1,452,792,165.88"
"1,370,147,444.97"
"1009569,39.61"
"1075387,36.98"
"1053460,53.52"
"1451559,60.81"
"1139973,29.11"
"1,049,891,296.92"
"1,180,756,410.17"
"1,318,993,243.93"
"1472200,31.65"
"1440104,29.48"
"1140152,62.59"
"1062709,98.81"
"1,092,103,174.87"
"1,443,773,113.29"
"1,321,207,147.95"
"1182933,65.27"
"1285741,93.68"
"1,275,544,126.62"
"1,482,368,191.29"
"1,401,955,185.43"
"1,127,074,235.15"
"1,133,824,141.02"
"1,048,428,111.34"
"1,305,096,109.77"
"1002536,67.79"
"1,369,644,283.16"
"1,256,556,259.90"
"1,364,916,317.70"
"1,138,638,314.04"
"1,378,795,105.27"
"11,407,631,527.41"
"10,252,161,020.45"
"1,248,799,299.95"
"1,413,620,148.02"
"1,466,423,100.44"
"1,335,166,366.55"
"1,493,273,517.48"
"13,866,761,354.20"
"1,019,313,103.25"
"1132022,54.71"
"1,101,622,176.74"
"1,423,915,895.31"
"1,312,310,371.31"
"1,225,960,621.19"
"1417376,65.27"
"1229723,79.6"
"1,419,507,154.05"
"1,497,642,147.78"
"1,037,322,102.26"
"1293324,38.24"
"1077904,37.96"
"1,178,821,490.81"
"1,392,636,587.94"
"1,247,012,255.17"
"1388240,50.07"
"1198786,35.17"
"1295096,29.27"
"1,008,427,213.23"
"1,493,098,320.00"
"1,117,910,256.65"
"1283429,67.55"
"1230572,64.33"
"1250107,62.08"
"1,001,638,115.59"
"1,070,174,127.54"
"1,074,527,177.42"
"1,475,219,157.76"
"1,487,459,251.60"
"1,168,060,146.62"
"1,105,101,312.96"
"1,130,635,182.17"
"1,274,486,123.87"
"1364257,45.69"
"1,055,160,397.46"
"1,172,892,257.55"
"1,008,422,296.11"
"1,290,283,227.06"
"1,017,722,215.18"
"1,352,787,266.52"
"1,406,367,172.33"
"1495288,73.87"
"1310388,43.27"
"1,386,178,125.78"
"1068779,77.98"
"1,319,258,261.28"
"1,467,681,250.13"
"1,052,491,262.07"
"1034851,88.19"
"1128430,80.44"
"1,412,582,218.50"
"1,314,990,333.19"
"1,361,296,189.23"
"1,147,045,268.89"
"1230402,27.92"
"1250840,35.9"
"1475205,46.72"
"1316392,43.74"
"1198993,24.79"
"1400145,25.72"
"1,105,445,111.82"
"1,150,345,187.38"
"1,364,032,539.87"
"1,098,208,274.50"
"1412865,54.47"
"1,044,787,142.41"
"1,153,095,174.08"
"1,155,898,178.43"
"1,411,551,189.81"
"1,399,760,124.30"
"1257810,97.98"
"1,180,700,117.58"
"1175998,43.4"
"1155579,52.79"
"1238414,39.56"
"1,124,042,308.01"
"1,008,278,334.15"
"1,116,053,223.59"
"1,002,734,360.40"
"1,031,478,325.35"
"1,017,985,595.93"
"1,021,112,524.54"
"1,492,370,324.04"
"1396398,64.53"
"1056127,99.35"
"1496140,48.18"
"1,030,091,152.41"
"1,247,939,193.09"
"1,056,526,444.54"
"1312113,74.97"
"1008406,85.72"
"1,370,016,185.33"
"1,303,233,540.61"
"1,319,582,198.19"
"1,318,816,439.33"
"1,342,618,113.62"
"1383693,92.52"
"1188311,59.59"
"1169645,84.34"
"1135395,54.17"
"1,051,052,152.92"
"1284449,73.29"
"1271673,49.52"
"1378449,61.77"
"1,038,896,346.36"
"1,472,510,372.81"
"1,381,929,230.16"
"1335466,23.4"
"1210748,32.8"
"1472665,77.76"
"1,401,690,145.96"
"1,457,882,259.49"
"1,138,253,139.82"
"1,375,108,160.49"
"1367061,90.18"
"1,378,475,176.56"
"1,135,134,182.27"
"1375702,26.51"
"1,208,820,391.71"
"1,087,191,354.14"
"1,286,946,218.12"
"1,135,939,426.18"
"1,298,778,136.32"
"1,426,974,540.25"
"1,053,569,199.69"
"1,404,213,101.46"
"1400039,39.35"
"1,474,073,138.37"
"1274743,43.6"
"1,480,386,199.89"
"1,055,391,389.68"
"1,002,763,413.62"
"1,005,714,118.61"
"1,183,601,136.05"
"1,269,616,158.19"
"1,387,344,282.33"
"1,075,519,300.56"
"1,451,717,232.01"
"1249283,19.3"
"1161877,19.68"
"1420629,20.97"
"1467067,45.63"
"1332082,38.77"
"1414354,32.97"
"1028038,43.66"
"1,071,038,102.05"
"1,003,545,485.02"
"1,356,848,184.47"
"1253695,21.12"
"1,304,163,108.56"
"1,275,336,126.96"
"1,441,314,142.72"
"1,307,443,118.28"
"1,395,576,152.13"
"1166004,62.47"
"1,108,673,144.20"
"1168528,36.49"
"1,282,673,273.82"
"1,323,796,322.60"
"1,425,596,383.82"
"1,070,034,462.16"
"1,120,599,148.38"
"11,150,161,566.06"
"1,033,118,401.82"
"1,041,123,396.36"
"1,412,939,129.66"
"1,413,843,565.50"
"1,302,476,327.85"
"1,200,857,953.40"
"12,730,971,047.59"
"13,605,661,440.59"
"1,054,117,200.68"
"1,326,687,156.10"
"1,075,832,262.09"
"14,087,381,821.76"
"1,428,262,923.67"
"11,572,511,578.83"
"1,383,481,335.83"
"1,228,924,304.49"
"1,315,410,199.85"
"1,198,596,214.44"
"1,403,013,205.13"
"1094157,63.04"
"1,158,061,125.29"
"1,375,495,189.45"
"1128710,79.55"
"1,012,762,710.32"
"1,000,164,850.83"
"1,235,645,232.25"
"1423314,76.97"
"1209129,20.47"
"1317753,86.11"
"1,316,488,315.31"
"1,345,688,696.14"
"1,480,687,702.76"
"1184103,64.68"
"1,429,083,144.47"
"1417557,63.0"
"1,374,498,155.81"
"1,244,972,321.60"
"1,155,304,604.98"
"1,331,479,326.13"
"1,428,927,380.32"
"1,083,748,327.66"
"1,135,164,464.71"
"1,481,250,503.32"
"1,146,477,360.10"
"1,433,355,173.82"
"1,342,553,358.52"
"1,165,310,283.94"
"1,117,406,699.36"
"1,482,433,516.92"
"1,350,239,383.24"
"1,070,287,506.55"
"1,422,053,168.99"
"1,415,679,211.61"
"1458594,40.5"
"1,027,595,173.75"
"1193664,68.92"
"1,193,030,472.59"
"1,080,694,323.07"
"1,115,309,750.43"
"1,214,742,317.26"
"1,310,983,275.78"
"1,049,933,289.25"
"1,187,916,202.17"
"1,405,350,377.68"
"1,208,306,489.14"
"1407890,22.25"
"1251220,36.65"
"1154973,25.26"
"1308134,19.84"
"1340776,33.61"
"1,014,749,444.86"
"1,360,888,660.61"
"1,096,812,223.59"
"1178015,18.0"
"1161127,93.82"
"1,426,825,173.91"
"1,073,637,202.43"
"1,069,629,112.15"
"1,265,774,147.24"
"1,315,565,135.72"
"1,299,905,114.76"
"1,066,372,259.64"
"1,174,150,238.31"
"1,191,685,160.85"
"1,479,763,331.91"
"1,015,816,136.50"
"1,042,330,117.84"
"1011286,79.8"
"1076157,29.68"
"1,261,566,312.08"
"1,014,434,266.21"
"1,241,585,343.37"
"1,135,509,399.90"
"1,317,797,239.27"
"1,240,913,714.37"
"1,393,856,383.98"
"1,180,477,234.78"
"1416755,44.41"
"1,438,751,258.29"
"1,210,716,137.49"
"1,207,481,366.60"
"1,470,083,505.42"
"1,293,173,873.30"
"1173254,77.89"
"1,258,768,109.24"
"1,380,138,160.22"
"1,382,544,351.08"
"1,273,111,516.73"
"1,320,280,502.62"
"1105352,85.1"
"1366410,37.29"
"1121472,43.28"
"1074564,33.53"
"1020767,31.61"
"1383381,21.44"
"1,230,031,680.73"
"1,499,092,583.51"
"1,332,401,247.85"
"1153063,33.09"
"1028416,39.64"
"1214310,26.98"
"1,001,218,102.82"
"1,333,703,132.64"
"1405199,82.4"
"1,301,393,111.07"
"1446095,87.47"
"1480680,93.47"
"1322216,79.83"
"1,236,120,168.60"
"1,214,604,181.80"
"1,206,662,154.92"
"1,106,796,295.95"
"1,294,863,117.39"
"1,146,795,101.26"
"1027327,37.79"
"1342955,54.7"
"1,082,755,343.39"
"1,492,813,244.88"
"1,055,690,337.46"
"1,026,786,348.76"
"1,308,574,241.24"
"13,500,081,339.16"
"1,080,864,551.09"
"1,478,269,515.80"
"1416531,37.78"
"1,115,977,321.07"
"1,335,690,252.08"
"1,001,266,950.78"
"11,768,361,055.10"
"1,258,322,629.83"
"1,114,726,118.01"
"1102993,84.97"
"1,471,342,270.26"
"11,344,591,833.22"
"1,010,465,630.15"
"12,296,141,206.74"
"1,020,515,138.02"
"1271065,84.14"
"1038064,42.56"
"1229599,90.35"
"1,048,752,177.23"
"1197420,62.41"
"1,453,906,129.92"
"1280568,70.62"
"1,112,281,832.67"
"11,448,661,000.18"
"1,190,711,241.78"
"1403427,63.74"
"1325526,38.13"
"1220749,33.11"
"1,069,314,706.71"
"12,614,421,087.15"
"1,432,411,893.11"
"1,389,218,162.49"
"1,428,386,146.50"
"1,087,275,114.87"
"1,336,986,184.33"
"1,362,637,219.88"
"1,217,589,466.50"
"1,209,840,277.08"
"1,495,580,196.49"
"1,149,079,176.24"
"1,163,127,244.56"
"1,061,096,377.16"
"1,163,871,266.12"
"1198405,66.72"
"1,305,470,319.61"
"1,291,762,264.72"
"1,336,877,325.26"
"1,073,789,179.37"
"1,067,951,616.30"
"1,222,614,631.59"
"1,403,857,571.57"
"1,138,651,309.04"
"1211270,53.65"
"1,381,202,111.85"
"1005335,78.87"
"1,036,855,381.31"
"1,461,982,378.98"
"1,391,141,495.03"
"1,254,939,119.36"
"1,112,470,250.48"
"1,487,226,170.42"
"1,384,129,512.39"
"1,435,237,283.39"
"1,247,788,601.40"
"1,310,618,139.26"
"1041606,91.69"
"1286832,49.39"
"1341131,70.14"
"1,253,423,383.07"
"1,278,699,265.62"
"1347629,48.12"
"1383158,56.03"
"1397241,36.54"
"1,379,400,511.34"
"1,051,753,593.60"
"1,057,705,642.52"
"1349385,46.29"
"1482906,60.16"
"1,211,285,183.45"
"1,362,739,176.86"
"1,372,645,443.77"
"1,024,030,153.42"
"1,364,534,251.62"
"1,004,040,148.71"
"1,253,135,213.82"
"1,295,314,125.46"
"1,472,784,181.07"
"1446802,51.33"
"1,089,465,395.21"
"1,142,103,261.24"
"1,398,069,374.25"
"1,204,844,327.23"
"1,332,593,350.37"
"1,356,109,189.56"
"1,168,517,214.42"
"1064667,85.88"
"1,207,447,221.01"
"1,014,733,146.13"
"1,225,294,202.72"
"1,209,533,311.30"
"1,484,452,190.38"
"1022654,56.48"
"1051967,85.75"
"1,240,063,403.73"
"1,155,281,279.82"
"1,284,527,308.89"
"1466754,15.73"
"1194391,38.32"
"1398744,92.2"
"1181108,50.04"
"1,137,782,200.13"
"1,295,058,977.21"
"1,258,282,489.26"
"1406300,34.13"
"1211169,17.92"
"1194629,17.79"
"1,005,691,221.99"
"1046988,97.91"
"1,096,972,318.52"
"1,301,880,154.95"
"1,260,314,114.49"
"1,232,444,110.36"
"1447544,21.34"
"1406706,30.42"
"1223580,67.97"
"1,348,953,347.52"
"1,011,094,361.49"
"1,483,095,938.45"
"1,300,527,856.31"
"1,005,857,202.63"
"1,003,610,397.54"
"1,408,456,808.07"
"1,403,849,746.65"
"1136386,25.38"
"1432249,87.67"
"1316934,40.54"
"1,166,592,365.33"
"1,088,047,304.16"
"1,291,558,384.28"
"1,046,242,124.60"
"1,228,604,166.81"
"1,006,243,209.98"
"1,148,911,184.97"
"1,327,287,211.80"
"1,148,661,207.46"
"1027599,44.82"
"1481882,65.76"
"1165440,25.47"
"1302279,21.17"
"1211613,19.24"
"1,170,520,130.55"
"1,092,468,337.26"
"1,183,386,272.31"
"1,169,545,136.90"
"1,443,667,171.31"
"1,334,075,190.71"
"1,145,192,171.43"
"1,038,003,149.78"
"1,384,196,109.27"
"1412656,77.57"
"1055295,17.64"
"1040402,22.76"
"1,305,104,384.99"
"1,156,779,349.48"
"1,461,293,366.82"
"1,071,792,354.55"
"1,193,704,390.17"
"1,147,855,431.61"
"1,407,308,369.92"
"1,021,817,114.08"
"1365027,45.37"
"1084190,86.97"
"1472270,63.98"
"1,245,033,366.77"
"1,038,126,533.25"
"1,308,774,426.76"
"1,096,561,169.70"
"1,392,101,654.78"
"1,032,755,205.12"
"1,167,841,506.29"
"1,421,534,252.12"
"1,026,941,348.27"
"1218181,73.4"
"1252535,80.11"
"1458926,58.03"
"1181288,23.7"
"1,453,177,138.04"
"1290817,73.26"
"1191933,30.27"
"1072907,46.34"
"1,149,758,197.20"
"1,363,331,480.78"
"1,232,116,256.02"
"1111671,22.8"
"1431212,26.15"
"1260318,28.16"
"1,007,979,137.42"
"1,300,132,197.27"
"1,468,244,286.71"
"1,259,749,218.26"
"1,213,726,307.84"
"1,015,552,117.71"
"1321503,86.8"
"1299417,37.94"
"1,403,037,219.19"
"1141868,30.79"
"1,131,022,324.90"
"1,053,785,310.91"
"1,415,612,431.95"
"1,015,692,309.82"
"1,191,552,203.02"
"14,034,611,506.14"
"1,332,254,847.90"
"1,155,391,239.40"
"1,010,155,115.23"
"1,035,382,118.14"
"1,359,199,484.30"
"1,126,332,599.47"
"1,194,544,688.61"
"1,193,216,165.04"
"1,321,873,113.06"
"1,176,118,216.70"
"1,352,350,413.70"
"1,317,428,269.78"
"1,324,687,636.76"
"1199138,91.53"
"1499661,86.2"
"1285022,74.27"
"1095276,94.4"
"1309363,86.25"
"1118148,50.55"
"1017490,49.64"
"1032990,49.45"
"1,135,634,578.35"
"1,198,010,555.68"
"1,063,801,237.96"
"1232162,33.14"
"1338164,44.19"
"1399699,32.72"
"1,159,200,188.99"
"1,285,083,245.46"
"1,469,794,276.90"
"1260006,83.61"
"1,432,624,120.28"
"1069560,99.48"
"1,314,621,101.12"
"1,032,488,145.52"
"1,305,157,354.83"
"1,357,660,289.52"
"1,146,905,205.60"
"1,250,390,192.12"
"1,313,978,141.43"
"1,224,536,317.58"
"1,028,926,258.44"
"1210886,32.15"
"1,425,911,382.62"
"1,395,996,350.76"
"1,258,284,363.38"
"1,407,411,355.56"
"1,086,007,242.44"
"1,240,827,497.68"
"1,485,036,265.34"
"1,412,215,118.50"
"1,134,426,547.27"
"1,409,562,540.11"
"1,252,129,637.69"
"1,466,995,135.24"
"1279324,74.09"
"1,339,668,209.64"
"1,295,887,280.03"
"1,188,104,290.19"
"1,085,039,576.76"
"1050056,93.94"
"1141506,43.57"
"1468730,34.7"
"1305167,56.74"
"1356988,40.36"
"1048644,46.42"
"1169338,43.41"
"1090148,35.74"
"1,023,369,581.39"
"1,219,708,308.93"
"1,212,523,248.51"
"1403827,24.33"
"1452741,39.84"
"1037225,88.1"
"1,003,089,212.75"
"1,430,497,236.28"
"1,384,588,192.37"
"1,493,343,175.41"
"1108739,90.94"
"1,205,048,213.97"
"1,379,067,239.58"
"1,010,055,291.65"
"1,320,813,204.67"
"1,221,392,131.37"
"1,487,103,225.99"
"1,276,585,120.19"
"1115907,68.87"
"1059297,38.97"
"1,304,461,251.50"
"1,289,905,207.82"
"1,003,698,338.58"
"1,333,400,199.12"
"1,239,454,160.14"
"1,055,152,636.72"
"1,225,205,230.40"
"1,435,274,143.98"
"1361159,35.78"
"1,325,155,123.65"
"1042206,91.49"
"1,465,788,337.26"
"1,010,758,657.14"
"1,239,556,240.82"
"1,130,835,191.39"
"1,126,299,169.72"
"1,317,214,164.07"
"1,229,307,419.36"
"1,008,850,526.16"
"1,371,311,592.05"
"1496308,25.04"
"1122414,47.01"
"1395159,20.72"
"1002230,57.58"
"1143224,50.6"
"1236638,28.55"
"1050839,54.21"
"1163875,30.48"
"1,031,011,328.25"
"1,489,736,812.37"
"1,341,427,249.49"
"1240489,26.18"
"1456593,44.14"
"1,052,585,141.66"
"1394883,60.33"
"1045296,80.57"
"1445153,68.64"
"1,451,679,127.10"
"1,225,058,143.54"
"1,498,918,246.19"
"1,485,511,257.69"
"1,452,266,142.25"
"1,136,292,127.50"
"1310817,90.29"
"1163223,36.68"
"1267340,32.27"
"1,227,931,291.15"
"1,205,560,327.81"
"1,365,667,327.29"
"1,023,335,178.97"
"1,048,292,291.72"
"1,014,247,350.28"
"1,023,285,378.88"
"1,439,264,233.72"
"1256710,36.43"
"1,209,335,104.24"
"1,001,246,170.28"
"1,452,526,314.04"
"1,125,626,326.98"
"1,397,692,140.25"
"1097219,97.14"
"1,001,749,186.19"
"1,174,009,470.55"
"1,273,784,224.60"
"1,496,218,457.11"
"1413745,76.29"
"1389077,77.44"
"1221196,50.16"
"1444587,76.86"
"1,373,602,136.86"
"1,329,527,114.29"
"1193964,45.45"
"1468201,33.44"
"1289132,39.66"
"1,461,927,183.07"
"1,206,526,523.13"
"1,069,368,254.18"
"1484014,27.14"
"1122166,32.75"
"1306210,28.17"
"1,484,168,114.79"
"1,139,063,222.19"
"1,093,872,267.01"
"1,388,566,162.87"
"1,040,282,124.31"
"1,319,244,157.57"
"1,170,280,142.64"
"1,128,364,158.73"
"1,421,850,173.09"
"1186084,58.65"
"1,425,827,249.66"
"1,459,114,238.03"
"1,466,692,227.35"
"1,203,269,344.62"
"1,352,296,116.21"
"11,626,701,067.73"
"1,300,191,464.98"
"1,009,989,320.61"
"1465666,70.21"
"1,461,783,190.27"
"1,442,787,274.46"
"1,031,907,659.53"
"1,188,853,651.09"
"14,567,831,385.71"
"1,322,215,113.89"
"1,010,784,127.42"
"1,167,640,233.41"
"11,959,481,028.59"
"1,204,311,420.39"
"1,297,826,908.95"
"1,148,491,121.17"
"1356906,80.39"
"1039066,36.84"
"1462622,81.89"
"1,138,775,223.38"
"1122589,83.21"
"1307805,39.39"
"1304407,72.68"
"1470811,43.98"
"1,243,938,648.01"
"1,425,470,872.02"
"1,007,261,241.34"
"1109541,32.64"
"1318923,24.42"
"1249534,35.51"
"1329857,78.64"
"1,439,027,114.99"
"1,182,612,238.94"
"1155033,80.54"
"1,300,537,112.20"
"1352454,48.18"
"1,106,118,125.20"
"1,038,138,225.69"
"1,053,303,402.76"
"1,381,996,210.64"
"1,173,304,260.16"
"1,399,035,215.58"
"1,421,408,370.94"
"1,307,650,359.26"
"1,119,858,212.51"
"1161557,49.27"
"1,255,540,278.70"
"1,358,312,260.57"
"1,025,813,200.25"
"1,293,845,264.36"
"1,469,131,220.35"
"1,452,584,880.46"
"1,377,778,549.91"
"1,026,971,179.24"
"1311807,38.34"
"1,397,297,148.92"
"1157453,64.84"
"1,178,848,226.64"
"1,409,156,333.12"
"11,592,561,047.41"
"1054258,76.02"
"1,322,887,112.34"
"1,163,471,151.01"
"1,285,982,428.12"
"1,348,099,243.65"
"1,015,778,443.62"
"1135794,73.91"
"1396176,46.4"
"1154956,41.42"
"1,430,845,195.37"
"1,014,641,144.12"
"1247169,32.08"
"1243749,60.3"
"1,381,322,351.31"
"1,080,295,535.47"
"1,423,648,237.15"
"1278953,42.56"
"1441916,36.29"
"1130663,32.02"
"1313063,92.93"
"1,014,037,174.05"
"1,182,550,158.66"
"1,216,318,175.48"
"1,276,624,164.28"
"1,226,209,138.91"
"1304852,98.31"
"1,482,935,115.73"
"1079134,92.62"
"1210839,42.95"
"1,436,244,367.99"
"1,281,479,315.53"
"1,034,893,310.03"
"1,351,362,366.66"
"1,005,706,261.59"
"1,262,599,500.36"
"1,338,024,153.39"
"1431853,21.22"
"1375120,72.08"
"1,275,037,230.91"
"1,359,242,292.69"
"1,035,595,825.16"
"1020465,62.02"
"1360373,95.21"
"1,331,277,187.20"
"14,903,422,105.10"
"1,135,520,428.96"
"12,684,202,552.72"
"1216882,20.79"
"1412036,21.15"
"1080240,22.83"
"1218649,74.92"
"1421492,25.09"
"1,466,987,212.35"
"1,411,928,354.41"
"1,176,781,247.47"
"1124678,26.38"
"1,494,779,181.85"
"1,221,537,183.00"
"1,126,294,281.73"
"1,137,246,177.77"
"1,413,395,196.84"
"1,360,589,214.60"
"1155915,49.73"
"1275837,29.04"
"1337552,24.69"
"1108013,97.92"
"1348070,29.36"
"1253988,88.14"
"1,204,089,103.46"
"1399010,46.81"
"1,271,870,343.19"
"1,354,177,328.48"
"1,085,106,212.50"
"12,749,331,331.37"
"1,059,732,387.14"
"1,093,599,368.24"
"1,083,501,152.70"
"1,245,868,751.37"
"1,488,944,749.92"
"1,432,764,302.61"
"1,126,587,121.25"
"1,209,590,120.80"
"1,111,452,150.30"
"10,316,142,429.50"
"1,061,470,533.99"
"11,577,411,538.01"
"1,223,395,123.78"
"1,347,236,120.20"
"1,097,803,158.01"
"1,437,385,119.71"
"1043097,97.61"
"1090571,78.36"
"1,175,602,171.27"
"1056018,72.93"
"1,252,039,740.92"
"1,010,852,558.15"
"1,106,084,235.32"
"1288632,48.0"
"1480839,64.03"
"1,246,631,129.32"
"1,315,101,193.71"
"1,451,902,282.58"
"1,297,275,151.19"
"1,425,440,242.11"
"1131845,74.66"
"1,479,691,250.81"
"1,471,341,209.78"
"1,015,668,285.31"
"1023950,33.59"
"1392791,32.44"
"1,052,529,179.91"
"1,290,309,610.12"
"1,046,297,183.83"
"1,018,738,210.26"
"1,322,525,173.79"
"1,479,230,363.78"
"1,494,204,515.39"
"1,150,560,149.00"
"11,778,611,597.45"
"1,311,911,414.72"
"1,316,202,409.86"
"1272505,77.9"
"1,226,069,235.12"
"1,182,305,248.87"
"1,185,226,710.73"
"1,324,628,748.70"
"10,599,061,413.02"
"1,450,163,123.15"
"1,102,401,136.36"
"1,341,931,225.14"
"10,691,143,343.93"
"1,175,458,589.40"
"13,107,202,065.79"
"1415050,74.6"
"1383471,97.17"
"1194216,90.44"
"1,481,437,145.13"
"1495661,90.28"
"1019399,63.65"
"1,056,837,277.62"
"1,053,353,505.37"
"1,254,975,767.94"
"1,209,593,223.40"
"1471019,35.86"
"1176875,49.73"
"1,251,443,345.88"
"1,135,737,564.34"
"1,262,029,523.76"
"1,148,030,252.53"
"1,164,364,149.30"
"1,460,737,148.59"
"1,152,112,360.10"
"1,205,077,312.37"
"1,161,885,207.71"
"1018722,76.18"
"1134437,34.97"
"1,364,823,739.80"
"1,029,036,579.89"
"1,373,558,315.01"
"1,359,546,128.45"
"1120697,89.5"
"1,006,493,423.35"
"1,072,422,438.23"
"1,344,109,301.79"
"1,143,023,677.72"
"1,050,661,464.74"
"1,482,938,206.37"
"1113039,69.79"
"1,353,136,131.00"
"1439048,52.55"
"1,095,693,233.35"
"1,154,581,438.98"
"1,030,585,230.19"
"1,204,210,294.12"
"1,061,143,183.25"
"1,354,048,218.74"
"14,427,042,805.14"
"1,079,999,257.19"
"12,630,521,348.73"
"1237270,62.41"
"1137849,52.88"
"1124343,42.59"
"1427908,53.94"
"1,239,094,116.68"
"1,033,383,143.37"
"1468996,24.36"
"1,054,997,253.28"
"1436104,37.71"
"1,270,430,328.03"
"1,490,371,623.14"
"1,425,338,275.91"
"1156343,27.16"
"1053397,35.62"
"1023786,24.67"
"1,134,905,320.37"
"1,079,563,291.86"
"1,197,228,276.33"
"1204951,43.54"
"1106730,51.83"
"1369820,43.15"
"1,159,279,187.74"
"1177457,95.39"
"1,385,752,229.49"
"1430795,38.18"
"1,099,951,107.60"
"1,072,198,142.40"
"1,187,970,271.08"
"1,065,673,276.69"
"1,473,661,189.85"
"1,223,698,357.21"
"1,471,497,350.37"
"1,339,581,106.06"
"1105018,32.34"
"1150316,99.36"
"1,338,949,262.47"
"1,312,287,329.76"
"1,268,704,318.42"
"1,203,407,103.81"
"1053667,83.81"
"1,187,634,236.49"
"14,452,022,761.94"
"1,313,499,227.76"
"13,044,773,249.78"
"1341870,88.43"
"1470509,60.48"
"1237037,98.76"
"1320649,47.66"
"1,135,015,143.58"
"1043208,95.37"
"1211873,14.85"
"1,399,254,116.18"
"1207452,28.7"
"1,257,870,296.80"
"1,385,886,658.06"
"1,068,568,237.31"
"1078002,30.23"
"1,490,242,314.38"
"1,099,037,303.95"
"1,424,254,327.21"
"1399342,37.17"
"1014602,67.57"
"1253867,56.95"
"1243712,78.98"
"1,401,108,177.68"
"1053371,64.61"
"1319647,82.47"
"1186069,52.49"
"1,224,626,493.34"
"1,144,512,371.28"
"1,448,207,194.27"
"13,271,432,735.19"
"10,289,781,359.30"
"1,435,666,505.67"
"1240466,84.06"
"1,120,441,457.96"
"1,315,750,213.98"
"1,353,789,895.55"
"13,834,671,085.66"
"11,129,623,138.44"
"1,242,487,139.07"
"1,029,543,152.18"
"1,053,213,220.14"
"12,184,963,469.63"
"1,342,800,927.56"
"14,726,994,742.88"
"1,378,869,271.50"
"1,027,118,256.79"
"1,262,290,133.83"
"1,267,485,310.63"
"1,124,304,405.41"
"1,191,782,117.35"
"1210850,84.25"
"1,466,336,259.95"
"1327394,92.98"
"11,526,471,011.53"
"10,781,951,158.97"
"1,410,772,261.21"
"1229974,95.59"
"1379112,84.44"
"1264973,83.77"
"1,243,209,486.09"
"1,083,372,640.66"
"1,136,997,495.92"
"1,499,049,206.71"
"1,473,840,212.63"
"1,279,640,192.80"
"1,390,007,294.68"
"1,094,534,358.70"
"1,223,222,613.85"
"1371702,50.59"
"1,404,622,184.08"
"1,082,354,171.37"
"14,959,761,028.84"
"14,538,411,034.99"
"1,396,741,897.29"
"1,077,806,108.28"
"1,305,530,292.66"
"1,168,898,190.65"
"1,429,778,439.65"
"1,011,542,473.03"
"1,455,031,457.50"
"1,377,892,793.49"
"1,204,957,416.37"
"1,364,029,225.18"
"1276134,75.11"
"1109929,89.92"
"1,189,012,111.60"
"1,267,281,476.94"
"1,168,666,474.84"
"1,290,984,427.29"
"1,134,259,121.19"
"1,079,663,142.50"
"1,405,700,227.18"
"12,426,493,474.93"
"1,093,705,261.85"
"13,861,171,235.46"
"1396561,35.93"
"1274230,77.7"
"1287009,69.44"
"1,302,724,136.04"
"1481691,33.97"
"1,217,979,416.07"
"1,336,295,543.82"
"1,479,063,230.15"
"1050596,24.16"
"1130206,20.06"
"1,102,860,171.33"
"1,240,302,404.70"
"1,328,969,332.19"
"1210051,35.06"
"1071294,41.29"
"1,129,769,237.26"
"1,183,162,275.88"
"1,499,969,263.30"
"1437863,38.2"
"1019725,22.77"
"1,111,253,168.76"
"1,101,634,180.40"
"1,414,035,123.36"
"1462031,56.41"
"1,301,112,135.88"
"1192192,82.17"
"1,116,984,237.61"
"1,456,740,452.76"
"1,343,753,171.69"
"12,766,811,561.44"
"1,045,179,487.51"
"1,184,984,480.55"
"1,034,182,111.08"
"1,368,923,234.07"
"1,298,135,338.99"
"1,067,326,977.74"
"12,759,451,124.36"
"11,606,601,611.07"
"1,138,171,149.52"
"1165417,98.42"
"1,047,619,232.35"
"14,602,773,456.11"
"1,347,100,740.83"
"14,249,922,273.85"
"1,070,616,116.56"
"1,232,270,161.93"
"1030558,71.64"
"1,413,854,125.24"
"1,304,951,163.24"
"1,499,239,131.74"
"1164689,27.9"
"1,334,067,233.14"
"1285934,78.02"
"1,136,102,669.10"
"1,158,805,919.82"
"1,448,872,243.48"
"1494631,68.36"
"1261533,35.98"
"1127622,57.15"
"1,113,702,486.72"
"1,402,669,579.14"
"1,235,863,654.08"
"1,471,648,118.16"
"1,128,016,128.44"
"1176666,95.12"
"1,308,071,168.83"
"1,424,549,251.76"
"1,287,145,259.69"
"1394524,50.75"
"1289418,32.3"
"1175099,47.11"
"1,050,753,334.17"
"1,497,444,646.83"
"1,276,761,148.87"
"1,271,167,109.98"
"1,404,679,114.64"
"1,433,405,130.79"
"1,130,736,323.70"
"1,453,390,144.59"
"1,090,499,425.99"
"1,111,904,325.14"
"1,368,837,238.85"
"1,484,881,141.95"
"1011859,69.03"
"1,318,144,129.13"
"1135584,75.04"
"1,444,883,195.11"
"1,050,649,246.78"
"1,357,379,340.29"
"1373055,62.64"
"1311164,62.2"
"1,091,958,178.38"
"11,968,562,798.31"
"1,399,625,166.89"
"13,707,851,267.26"
"1404655,84.66"
"1401074,41.81"
"1111497,44.91"
"1,244,194,129.32"
"1070647,73.93"
"1177881,24.74"
"1403116,80.54"
"1247734,30.55"
"1,320,512,250.69"
"1,117,249,548.88"
"1,080,975,258.33"
"1320039,22.6"
"1,315,854,352.27"
"1,253,353,352.81"
"1,153,574,347.00"
"1324485,31.21"
"1300373,27.06"
"1,171,033,100.77"
"1066172,38.73"
"1404880,52.27"
"1325435,39.33"
"1347488,99.1"
"1302221,43.97"
"1,067,371,221.30"
"1,434,903,322.53"
"1,210,552,218.75"
"1,004,925,245.30"
"1,369,989,292.01"
"1242929,60.77"
"1335469,26.42"
"1342647,89.13"
"1,107,192,102.26"
"1,299,678,149.98"
"1,285,304,259.19"
"1,481,481,230.18"
"1,437,121,142.78"
"1,217,125,134.24"
"1,363,871,183.18"
"12,186,072,427.85"
"1,232,949,138.72"
"12,775,411,591.63"
"1085531,48.41"
"1004210,26.21"
"1,056,607,101.39"
"1395664,43.38"
"1,188,770,106.28"
"1232007,34.09"
"1,483,507,172.96"
"1,176,188,391.39"
"1,386,397,135.33"
"1,063,163,288.19"
"1,331,624,284.38"
"1,039,028,319.34"
"1128793,28.18"
"1006124,28.78"
"1120570,45.36"
"1073521,49.58"
"1137733,77.94"
"1243734,43.46"
"1488400,98.98"
"1085578,47.3"
"1,430,049,241.52"
"1,391,126,345.00"
"1,452,462,177.23"
"1,164,883,392.17"
"1,472,997,164.14"
"1181530,56.12"
"1,141,119,131.47"
"1,258,259,121.52"
"1,370,622,205.38"
"1,264,722,652.34"
"1,353,691,400.10"
"1348980,56.84"
"1095013,96.09"
"1476130,94.06"
"11,586,131,893.71"
"1,396,390,294.62"
"12,500,011,340.61"
"1,321,524,155.32"
"1172129,89.31"
"1227420,73.75"
"1,014,336,140.98"
"1,331,644,286.03"
"1,024,818,284.95"
"1252052,33.8"
"1469746,93.0"
"1134484,38.87"
"1,385,522,575.08"
"1,303,765,605.71"
"1,230,047,220.91"
"1167197,78.64"
"1223179,29.9"
"1061269,70.09"
"1,206,027,359.37"
"1,286,578,365.46"
"1,173,309,420.05"
"1001057,67.88"
"1489786,31.98"
"1277956,44.01"
"1,294,183,154.69"
"1,453,476,272.11"
"1,126,772,520.67"
"1316408,75.62"
"1,373,316,159.14"
"1,410,147,225.09"
"1,056,742,212.09"
"1,219,314,363.38"
"1,016,479,166.78"
"1,278,462,117.11"
"1,402,049,141.02"
"1,318,810,107.09"
"1232520,83.83"
"1090412,28.56"
"1,449,639,182.00"
"1,361,792,302.30"
"1,041,119,403.85"
"1,181,465,169.92"
"1,477,767,164.66"
"1,074,634,220.30"
"14,932,001,688.48"
"1,160,156,199.66"
"10,924,721,167.60"
"1322503,99.45"
"1430351,23.7"
"1,128,378,154.69"
"1,275,754,586.55"
"1,010,262,180.80"
"1,169,855,178.17"
"1,102,462,197.02"
"1,270,230,213.40"
"1312759,38.26"
"1473072,31.4"
"1345243,43.68"
"1004841,45.45"
"1083409,58.19"
"1,329,412,331.86"
"1,076,888,447.96"
"1,255,536,234.18"
"1,437,782,451.85"
"1,367,373,211.79"
"1,272,919,224.78"
"1120015,43.41"
"1,470,352,168.26"
"1,229,488,100.07"
"1,252,841,236.54"
"1,387,699,218.63"
"1,105,498,391.93"
"1484322,89.81"
"1497767,83.95"
"1,169,970,143.40"
"10,130,063,375.84"
"1,079,960,154.06"
"11,027,821,657.42"
"1304243,48.18"
"1234172,25.52"
"1037765,93.07"
"1242533,36.87"
"1,457,944,158.29"
"1,359,495,645.57"
"1258707,64.12"
"1,405,882,143.24"
"1,413,277,182.15"
"1,456,699,185.89"
"1241053,22.22"
"1185989,18.1"
"1330838,30.23"
"1389418,49.54"
"1,115,820,110.13"
"1090722,19.31"
"1431115,81.06"
"1287186,80.01"
"1,259,051,283.94"
"1,364,772,274.01"
"1,287,438,189.48"
"1,430,418,735.50"
"1,212,285,195.05"
"1,489,187,323.78"
"1462314,53.66"
"1,035,511,101.46"
"1,299,070,371.99"
"1,311,694,575.47"
"1,440,943,640.21"
"1,327,449,163.08"
"1,231,678,153.74"
"1,076,076,205.36"
"11,481,061,930.46"
"1,325,663,400.55"
"11,791,541,800.39"
"1382830,92.19"
"1301451,58.03"
"1175889,50.67"
"1231167,32.99"
"1272559,53.9"
"1,096,602,144.80"
"1070414,30.61"
"1,359,188,373.34"
"1,436,738,559.94"
"1,307,575,217.17"
"1412839,26.52"
"1296434,38.58"
"1,364,866,170.14"
"1,013,130,129.02"
"1,144,116,158.53"
"1,037,301,110.71"
"1462430,98.01"
"1,469,920,108.18"
"1,350,471,308.54"
"1,354,697,319.67"
"1,371,419,314.55"
"1032024,46.19"
"1281845,56.19"
"1268702,56.39"
"1,128,557,147.75"
"1,123,396,222.78"
"1,029,273,200.47"
"1,269,672,197.59"
"1295307,67.63"
"1,441,471,293.16"
"1,237,216,167.14"
"1,164,983,201.47"
"1,219,590,741.20"
"1,397,954,299.77"
"1,140,940,264.00"
"1196971,34.36"
"1,437,824,124.42"
"1295439,99.46"
"1,306,049,521.23"
"1,011,233,389.37"
"1,074,658,452.97"
"1,048,430,131.33"
"1,338,050,100.65"
"1,383,625,269.20"
"13,003,263,301.45"
"1,222,463,345.93"
"10,306,281,266.14"
"1098120,37.13"
"1249173,49.28"
"1434793,18.61"
"1478327,20.03"
"1011989,21.61"
"1,098,728,128.73"
"1,101,780,407.94"
"1,192,825,358.60"
"1,395,320,246.43"
"1453677,55.74"
"1001659,72.98"
"1,007,465,178.27"
"1099699,59.37"
"1084100,18.16"
"1325998,44.15"
"1,045,586,277.14"
"1,001,411,215.07"
"1,028,848,232.50"
"1149053,23.63"
"1194155,78.43"
"1307999,80.23"
"1,114,325,118.96"
"1391955,39.43"
"1,346,873,135.31"
"1458515,65.27"
"1,133,975,269.36"
"1,125,326,164.71"
"1,375,200,382.69"
"1,004,647,239.04"
"1,478,258,234.65"
"1,037,616,230.62"
"1483255,33.48"
"1386008,81.07"
"1457583,74.48"
"1,375,368,169.02"
"1,299,881,305.99"
"1,151,262,332.21"
"1064762,35.32"
"1356650,80.58"
"1,353,148,137.49"
"10,745,671,469.08"
"1,314,973,243.87"
"10,689,921,372.83"
"1,239,782,123.96"
"1389891,88.76"
"1129388,61.95"
"1317350,68.13"
"1,284,526,125.52"
"1,288,418,207.73"
"1,041,821,140.99"
"1401183,63.72"
"1,292,957,246.91"
"1,271,702,488.75"
"1,183,331,198.45"
"1058379,49.98"
"1417011,34.46"
"1,017,142,371.14"
"1,216,650,359.49"
"1,239,666,432.01"
"1153751,32.42"
"1270388,18.68"
"1109049,35.16"
"1108947,84.48"
"1,210,194,137.86"
"1,022,652,138.76"
"1376126,50.93"
"1,484,827,118.98"
"1027189,80.07"
"1,441,240,286.07"
"1,220,382,313.13"
"1,251,729,152.28"
"14,011,911,063.92"
"1,026,264,677.94"
"1,031,580,171.11"
"1419007,33.73"
"1391582,82.73"
"1429750,72.42"
"1,317,412,283.58"
"1,027,337,386.06"
"1,349,762,435.94"
"1,031,100,297.93"
"1198249,57.88"
"1,409,834,208.67"
"13,634,593,695.09"
"1,179,481,269.06"
"14,235,971,393.09"
"1,129,631,104.10"
"1252222,96.45"
"1232423,84.35"
"1,414,372,128.34"
"1,321,337,209.92"
"1219585,24.59"
"1,246,961,113.96"
"1,333,058,424.72"
"1,151,245,521.57"
"1,263,599,287.18"
"1416825,22.65"
"1434236,35.21"
"1,227,664,368.89"
"1,266,752,282.50"
"1,457,613,303.65"
"1111913,80.83"
"1369393,56.23"
"1491416,49.8"
"1,038,031,130.77"
"1,287,849,159.86"
"1,368,918,154.41"
"1481378,32.47"
"1071420,78.75"
"1073006,86.3"
"1,080,022,438.91"
"1,491,603,288.91"
"1,230,288,225.82"
"1,217,412,180.75"
"1,449,114,136.02"
"1142889,69.78"
"1428256,64.04"
"1,198,629,119.77"
"1050828,31.25"
"1,132,047,147.04"
"1,444,841,214.81"
"1,339,727,245.58"
"1,380,337,100.40"
"1,497,986,122.97"
"1,285,104,148.92"
"10,257,702,227.51"
"1459130,82.49"
"14,756,494,740.31"
"1089842,39.07"
"1455637,27.4"
"1238935,72.99"
"1300202,78.42"
"1462333,19.91"
"1,413,606,117.23"
"1494072,21.1"
"1,031,959,166.17"
"1,040,232,364.73"
"1,005,311,242.22"
"1485835,23.42"
"1157241,20.06"
"1,162,155,320.99"
"1,071,564,282.20"
"1,371,096,316.67"
"1395033,21.12"
"1424836,26.13"
"1203934,33.67"
"1362060,34.24"
"1,231,316,101.40"
"1283484,47.04"
"1071651,59.58"
"1,497,563,219.55"
"1,186,395,243.11"
"1,362,405,144.05"
"14,221,851,458.39"
"1,003,947,554.36"
"1,157,667,624.83"
"1311380,36.17"
"1,221,429,157.06"
"1,408,590,485.03"
"1,320,907,546.98"
"1,244,622,832.36"
"1,206,366,117.46"
"1466483,96.17"
"1,357,536,142.04"
"14,141,472,068.84"
"1,225,625,423.19"
"12,470,411,598.67"
"1,272,992,128.05"
"1,249,208,128.96"
"1,281,981,217.36"
"1,146,421,152.36"
"1,134,896,146.55"
"1175537,25.92"
"1,260,481,128.54"
"1200641,51.22"
"1,218,895,472.06"
"1,274,263,715.70"
"1,053,052,245.90"
"1034995,55.63"
"1184775,65.2"
"1244740,23.11"
"1,458,802,222.96"
"1,429,932,307.78"
"1,112,304,258.68"
"1,389,049,121.60"
"1296135,71.64"
"1400158,41.73"
"1,227,586,239.64"
"1,092,849,267.38"
"1,240,507,260.46"
"1270940,59.95"
"1419601,24.47"
"1424002,38.25"
"1,086,621,246.23"
"1,238,858,510.89"
"1,454,072,641.47"
"1389072,55.53"
"1,307,058,142.66"
"1412351,70.77"
"1,292,992,510.41"
"1,345,321,425.03"
"1,484,299,246.38"
"1,269,970,591.18"
"1,378,850,287.74"
"1,208,125,300.86"
"1018065,71.21"
"1,135,792,135.34"
"1,153,704,108.98"
"1,030,092,540.88"
"1,109,996,687.56"
"14,130,591,301.55"
"1,307,291,212.34"
"1,470,695,215.62"
"1,201,860,349.21"
"12,555,193,588.19"
"1,093,602,421.32"
"13,954,441,301.09"
"1495479,85.87"
"1242833,47.79"
"1488573,90.15"
"1245680,35.95"
"1381660,42.89"
"1,149,622,104.75"
"1,179,762,478.26"
"1,272,569,407.33"
"1,227,336,209.11"
"1300660,19.74"
"1126164,38.48"
"1,261,027,114.83"
"1,361,680,220.15"
"1194817,67.63"
"1031378,92.52"
"1456961,65.05"
"1376318,64.66"
"1,355,744,362.28"
"1,167,614,282.61"
"1,394,039,323.86"
"1398643,23.64"
"1281877,27.62"
"1,216,771,139.25"
"1,153,076,279.11"
"1,265,246,485.28"
"1373086,40.03"
"1,496,602,117.54"
"1209053,45.28"
"1,003,446,293.53"
"1,340,407,370.00"
"1,361,224,217.76"
"1,020,166,680.57"
"1,148,498,625.36"
"1,115,572,429.11"
"1015892,63.04"
"1,370,963,103.78"
"1,492,892,103.56"
"1,142,508,220.87"
"1,028,341,350.44"
"1,088,414,544.14"
"1,260,188,197.69"
"1,067,421,131.45"
"1,233,592,144.82"
"12,738,163,763.27"
"1,098,491,252.80"
"14,777,471,885.03"
"1,374,798,141.40"
"1289382,89.88"
"1096746,53.02"
"1,443,736,159.80"
"1,431,499,203.82"
"1,247,601,182.12"
"1163384,20.57"
"1,096,384,140.54"
"1349869,42.04"
"1,313,064,522.13"
"1,450,646,737.58"
"1,336,198,282.56"
"1289109,40.2"
"1477460,48.81"
"1430111,34.59"
"1,390,581,366.71"
"1,148,989,319.18"
"1,036,356,382.91"
"1402927,79.18"
"1155177,40.75"
"1,384,496,121.25"
"1300589,81.07"
"1,390,700,165.09"
"1332626,54.08"
"1,427,233,115.91"
"1,113,146,127.67"
"1,130,685,322.98"
"1,154,445,300.73"
"1,040,018,210.26"
"1,173,977,206.22"
"1,435,100,220.42"
"1,118,094,180.51"
"1497854,35.47"
"1,312,395,100.47"
"1373505,43.39"
"1,070,796,177.32"
"1,344,591,254.20"
"1,070,988,303.67"
"1113433,67.48"
"1,467,808,233.35"
"1,440,616,198.93"
"10,665,442,817.57"
"1,013,600,149.12"
"13,327,241,195.82"
"1267612,29.67"
"1426137,45.07"
"1341745,28.23"
"1,121,620,109.38"
"1108446,26.35"
"1,156,744,232.02"
"1,436,558,487.33"
"1,454,563,233.35"
"1,402,483,343.57"
"1,058,135,358.41"
"1,219,833,364.23"
"1134765,23.84"
"1075081,91.4"
"1367594,19.8"
"1346618,52.15"
"1164512,34.73"
"1,269,071,327.17"
"1241572,84.99"
"1,201,168,243.13"
"1,255,856,302.68"
"1,381,766,225.03"
"1,055,474,617.69"
"1,201,164,125.20"
"1,148,456,252.60"
"1,358,056,118.36"
"1349508,97.58"
"1,430,112,157.82"
"1,354,895,161.38"
"1,364,688,236.12"
"1,125,362,128.41"
"1,486,680,228.16"
"10,893,512,775.18"
"1,363,190,105.57"
"1,292,208,338.46"
"1112432,31.56"
"1,446,385,107.99"
"1240091,77.85"
"1,224,590,647.48"
"1,183,866,205.63"
"1,001,235,187.82"
"1,004,659,215.92"
"1,033,617,221.70"
"1,108,380,137.47"
"1020071,25.99"
"1190203,27.01"
"1,355,554,306.24"
"1,150,838,365.87"
"1,403,569,237.01"
"1,288,154,819.99"
"1,227,739,275.61"
"1,437,561,243.02"
"1230082,46.61"
"1,103,290,104.42"
"1252304,74.37"
"1,202,685,328.15"
"1,209,418,316.89"
"1,247,179,455.65"
"1453728,78.69"
"1498748,39.57"
"1,341,061,123.72"
"14,321,741,800.34"
"1,436,089,213.01"
"10,697,382,503.83"
"1337949,69.67"
"1404369,54.25"
"1394008,60.84"
"1369244,58.55"
"1,265,660,132.79"
"1251720,69.95"
"1384055,43.21"
"1,458,904,120.94"
"1214193,26.86"
"1,177,417,235.87"
"1,157,955,383.13"
"1,142,032,228.06"
"1348081,41.94"
"1115606,42.43"
"1211003,18.48"
"1,436,481,193.95"
"1,118,823,201.40"
"1,380,882,178.90"
"1,478,836,119.19"
"1143621,59.87"
"1183418,89.08"
"1,079,214,197.01"
"1,126,539,220.49"
"1,298,252,266.66"
"1227142,37.33"
"1393458,25.04"
"1002205,39.96"
"1,443,559,166.96"
"1,472,361,188.24"
"1369151,85.55"
"1160584,30.68"
"1280019,87.92"
"1230268,50.11"
"1,195,053,311.50"
"1,180,599,142.53"
"1,336,840,145.61"
"1,262,455,482.51"
"1,042,584,338.16"
"1,318,385,170.09"
"1343351,76.26"
"1,143,891,184.07"
"1,428,670,250.95"
"1,013,485,404.96"
"1,034,126,137.02"
"1,166,099,115.91"
"10,162,442,519.25"
"1,345,589,372.61"
"11,144,021,419.19"
"1,471,306,128.47"
"1,230,498,147.61"
"1410391,61.35"
"1432815,75.62"
"1,396,310,122.12"
"1,225,379,161.49"
"1357223,18.45"
"1,424,801,122.80"
"1138058,31.73"
"1,314,140,289.07"
"1,131,331,414.95"
"1,417,511,247.48"
"1354317,29.49"
"1454730,16.78"
"1,459,762,369.03"
"1,448,364,388.42"
"1,285,568,416.25"
"1077953,43.38"
"1349904,33.34"
"1,293,562,120.76"
"1,374,092,156.47"
"1,414,429,198.83"
"1137486,33.96"
"1,321,867,108.81"
"1,157,820,116.15"
"1,244,775,364.99"
"1,153,911,167.74"
"1,174,376,199.93"
"1,480,593,657.53"
"1,282,243,470.04"
"1,412,456,558.02"
"1070312,55.04"
"1,305,864,207.43"
"1,426,747,110.97"
"1,201,688,771.97"
"1,234,045,845.68"
"1,033,201,759.26"
"1,150,178,127.66"
"1,258,210,117.62"
"1,136,497,179.85"
"14,057,192,379.39"
"1,394,203,548.76"
"13,596,402,136.00"
"1284694,97.07"
"1,086,787,124.85"
"1130883,79.52"
"1165887,82.22"
"1,272,696,156.34"
"1,069,327,143.51"
"1255481,22.41"
"1,410,666,305.75"
"1418313,32.97"
"1,352,442,722.61"
"1,258,929,843.11"
"1,323,110,237.28"
"1255321,52.66"
"1173518,43.8"
"1171371,52.92"
"1,388,769,444.16"
"1,074,286,559.03"
"1,315,446,373.60"
"1,018,008,127.77"
"1,426,756,148.37"
"1394245,97.45"
"1,307,498,157.67"
"1,297,279,189.29"
"1,259,587,189.76"
"1008085,26.37"
"1009210,33.18"
"1124731,30.83"
"1,051,084,156.52"
"1,157,826,736.37"
"1,416,374,160.94"
"1392013,74.22"
"1,299,309,110.99"
"1,222,583,104.60"
"1,463,904,538.63"
"1,463,942,385.47"
"1,402,108,246.03"
"1,387,994,122.84"
"1,452,032,148.67"
"1084546,48.23"
"1071254,27.26"
"1,483,489,111.72"
"1169274,59.74"
"1,028,510,189.38"
"1,258,824,243.44"
"1,120,442,246.54"
"1463169,87.78"
"1,258,110,278.13"
"11,022,792,884.58"
"1,242,379,162.87"
"14,183,991,201.57"
"1201509,20.69"
"1104417,27.92"
"1,394,810,103.78"
"1298051,24.39"
"1,499,610,195.27"
"1,217,236,719.56"
"1,345,367,287.66"
"1,369,846,343.89"
"1,048,549,338.00"
"1,043,632,350.31"
"1198423,33.39"
"1096290,25.88"
"1173685,51.65"
"1319634,40.78"
"1,235,816,168.83"
"1102838,69.66"
"1,302,275,237.36"
"1,426,141,379.98"
"1,439,805,217.97"
"1,023,822,663.99"
"1,475,506,411.64"
"1,441,669,229.50"
"1048054,36.38"
"1,291,085,115.88"
"1,302,259,146.19"
"1,432,412,538.72"
"1,411,581,454.28"
"1,071,762,732.93"
"1,160,616,134.00"
"1473307,92.6"
"1,107,898,233.73"
"14,535,083,401.27"
"1,215,207,242.50"
"12,423,281,617.26"
"1099146,88.65"
"1102106,46.45"
"1202501,50.41"
"1452330,91.16"
"1328879,51.82"
"1255258,43.03"
"1,317,946,124.54"
"1191571,40.81"
"1,439,488,498.69"
"1,096,814,422.49"
"1,096,101,253.80"
"1167507,22.62"
"1424223,18.86"
"1,249,562,329.78"
"1,360,889,369.96"
"1,118,377,197.46"
"1489391,78.24"
"1143936,82.72"
"1,014,849,211.52"
"1,072,974,245.17"
"1,158,030,238.10"
"1286790,30.36"
"1283749,24.56"
"1,454,882,143.25"
"1,273,798,220.79"
"1092030,95.68"
"1318193,44.15"
"1249681,67.78"
"1152131,26.71"
"1,165,448,334.75"
"1,340,832,366.07"
"1,305,444,486.31"
"10,098,011,108.88"
"1,043,614,259.43"
"1,488,427,234.74"
"1027348,34.85"
"1,343,251,136.03"
"1,238,317,108.35"
"1,393,217,297.15"
"1,211,198,524.97"
"1,395,759,588.00"
"1405296,32.41"
"1120250,63.74"
"1,284,435,205.91"
"12,953,042,975.18"
"1,469,601,217.81"
"12,986,163,016.41"
"1,416,111,135.88"
"1,292,623,160.93"
"1112045,81.0"
"1,127,606,296.56"
"1,416,451,157.30"
"1118212,25.1"
"1,292,308,102.42"
"1092303,43.8"
"1,316,510,426.05"
"1,059,149,606.32"
"1,041,132,175.32"
"1024747,27.68"
"1,165,880,232.08"
"1,215,424,229.96"
"1,407,685,362.41"
"1,368,795,133.09"
"1,319,830,153.72"
"1,140,603,111.90"
"1,050,495,240.95"
"1,442,610,245.35"
"1,079,668,263.96"
"1348246,54.68"
"1011640,68.55"
"1,174,967,323.91"
"1,304,263,521.32"
"1,318,179,118.14"
"1330995,46.97"
"1,249,422,171.84"
"1,374,063,106.84"
"1,164,966,289.96"
"1,117,868,224.52"
"1,207,808,175.90"
"1356623,75.19"
"1292177,82.52"
"1362232,51.4"
"1318369,70.28"
"1122331,62.52"
"1,474,320,129.76"
"1,220,533,221.26"
"1,432,625,124.53"
"1,234,799,173.53"
"1,145,502,192.11"
"12,616,142,690.43"
"1,137,715,160.29"
"13,600,281,330.69"
"1181152,21.99"
"1471184,18.1"
"1238288,80.19"
"1167008,27.7"
"1336045,85.29"
"1,364,347,858.21"
"1,256,770,204.27"
"1127368,22.69"
"1495208,17.56"
"1,354,195,282.66"
"1,150,110,288.70"
"1,081,286,315.62"
"1322698,30.33"
"1180979,15.55"
"1319966,48.88"
"1,482,514,102.87"
"1102096,42.71"
"1,061,735,315.41"
"1,055,430,357.85"
"1,140,859,236.64"
"1,473,650,540.62"
"1,154,621,234.67"
"1,437,856,152.18"
"1335565,98.0"
"1,164,020,118.05"
"1242972,65.03"
"1,376,813,270.68"
"1,150,281,423.53"
"1,467,638,223.42"
"1430610,91.88"
"1421101,77.33"
"1,469,436,176.12"
"14,549,692,397.18"
"1,246,779,259.56"
"14,269,871,431.95"
"1,498,194,161.04"
"1065013,79.84"
"1138879,66.12"
"1,494,749,256.14"
"1,414,842,238.91"
"1185774,24.97"
"1,009,486,127.29"
"1115922,98.05"
"1,009,382,444.29"
"1,272,886,522.77"
"1,443,163,178.42"
"1216054,38.49"
"1085309,50.66"
"1059013,37.41"
"1,222,696,231.30"
"1,009,729,315.07"
"1,124,996,261.25"
"1229061,99.85"
"1128244,34.02"
"1126475,27.09"
"1,309,951,207.34"
"1,150,996,264.67"
"1,164,600,373.25"
"1182987,47.6"
"1,069,214,172.64"
"1142397,83.13"
"1,184,430,306.81"
"1,430,928,396.35"
"1,468,073,195.28"
"13,976,862,032.09"
"1,314,012,892.82"
"1,299,667,288.75"
"1243058,23.94"
"1,290,913,100.94"
"1261255,98.29"
"1,089,155,191.99"
"1,235,375,317.38"
"1,099,897,299.49"
"1,068,354,170.49"
"1,417,666,163.63"
"1,245,806,229.58"
"11,156,052,932.57"
"1,009,948,314.49"
"11,705,061,260.89"
"1177759,40.62"
"1054214,48.9"
"1368624,61.69"
"1103978,26.28"
"1484308,74.04"
"1475609,29.28"
"1,325,531,223.87"
"1,498,562,630.94"
"1367438,63.63"
"1072330,17.04"
"1422509,14.11"
"1,138,980,125.81"
"1,457,123,174.36"
"1,352,466,174.65"
"1375968,15.15"
"1200756,37.89"
"1399529,71.08"
"1,292,602,111.16"
"1276712,19.97"
"1067118,70.68"
"1058093,47.33"
"1,121,260,290.46"
"1,123,801,560.20"
"1,128,131,206.91"
"14,030,901,520.48"
"1,494,403,518.12"
"1,300,912,303.28"
"1164224,69.23"
"1,478,982,136.03"
"1143415,90.09"
"1,144,895,709.01"
"1,293,848,774.18"
"1,486,024,528.77"
"1,075,569,114.85"
"1,166,445,132.71"
"1,091,700,237.47"
"12,978,412,687.72"
"1,494,638,355.11"
"13,763,943,183.49"
"1075821,78.54"
"1013599,83.65"
"1125124,52.95"
"1178918,53.34"
"1082719,61.69"
"1093368,14.39"
"1,037,894,145.65"
"1449907,90.5"
"1,149,138,589.24"
"1,148,821,560.83"
"1,014,215,234.51"
"1470124,38.43"
"1455251,24.56"
"1007092,20.56"
"1,238,329,138.26"
"1,223,262,125.81"
"1,241,780,248.80"
"1,198,811,283.45"
"1,312,242,354.45"
"1,048,476,162.57"
"1,394,990,241.18"
"1,154,308,222.20"
"1,044,825,255.29"
"1104439,24.01"
"1404040,27.18"
"1,329,389,282.03"
"1,104,551,241.25"
"1200980,99.39"
"1083081,43.02"
"1,217,301,121.34"
"1233817,67.47"
"1,458,527,212.27"
"1,022,447,437.03"
"1,125,019,146.62"
"1,284,038,447.65"
"1,039,868,207.17"
"1189895,82.9"
"1104338,57.73"
"1,387,572,107.65"
"1427998,92.23"
"1,364,586,152.83"
"1,447,078,356.86"
"1,424,493,223.50"
"1153701,79.35"
"1,259,542,122.85"
"1149289,59.73"
"11,495,892,626.30"
"1,497,732,231.11"
"13,183,491,775.22"
"1137539,84.23"
"1179084,74.8"
"1178839,65.93"
"1,321,675,103.83"
"1,074,276,131.51"
"1036452,29.21"
"1,163,892,133.35"
"1464167,30.04"
"1,238,107,209.16"
"1,121,434,533.25"
"1,329,563,207.77"
"1426628,15.98"
"1076297,22.64"
"1,316,569,371.25"
"1,181,666,376.64"
"1,023,747,446.62"
"1286111,61.47"
"1138868,22.04"
"1142328,61.7"
"1000213,48.76"
"1222239,81.56"
"1455577,35.9"
"1422884,86.25"
"1116729,50.04"
"1,401,840,263.62"
"1,322,160,288.64"
"1,065,299,155.57"
"1,410,494,391.85"
"1,120,819,452.94"
"1,172,141,152.08"
"1152289,37.04"
"1494678,98.07"
"1313410,49.71"
"1,469,544,251.21"
"1,020,398,407.76"
"1,180,290,392.20"
"1047888,90.91"
"1056647,73.67"
"1,271,890,233.32"
"12,799,143,006.23"
"1,107,324,142.22"
"10,790,833,114.53"
"1040424,99.09"
"1375324,55.39"
"1063638,69.85"
"1226151,42.61"
"1,188,752,135.21"
"1,243,089,104.41"
"1091380,15.99"
"1457124,99.69"
"1160540,17.53"
"1,229,078,397.40"
"1,292,157,598.46"
"1,283,752,262.90"
"1337756,21.89"
"1,019,894,351.78"
"1,149,279,317.06"
"1,366,712,330.28"
"1423099,63.71"
"1296614,16.28"
"1395362,28.53"
"1,018,563,172.21"
"1460712,76.84"
"1,333,592,349.19"
"1266463,36.61"
"1,021,754,108.45"
"1471499,62.04"
"1,211,601,227.57"
"1,230,538,319.20"
"1,173,007,200.25"
"12,082,691,820.12"
"1,419,205,651.69"
"1,443,718,242.50"
"1413986,40.36"
"1348732,64.22"
"1437001,84.84"
"1,288,076,214.84"
"1,107,366,439.49"
"1,446,516,469.34"
"1,026,832,340.88"
"1,377,293,242.93"
"1,327,619,258.15"
"10,298,102,994.80"
"1,486,382,114.33"
"13,333,332,045.07"
"1217680,73.78"
"1187666,44.08"
"1,013,820,139.14"
"1251384,19.31"
"1,237,150,252.56"
"1,449,113,327.42"
"1,019,323,167.38"
"1303077,37.34"
"1355384,16.56"
"1,077,780,209.24"
"1,195,787,215.36"
"1,209,720,226.27"
"1026794,63.08"
"1397636,82.3"
"1083476,95.94"
"1,471,389,158.27"
"1304142,64.6"
"1291714,79.04"
"1209154,59.75"
"1,028,308,342.61"
"1,058,238,293.07"
"1,114,637,494.75"
"1,461,605,754.64"
"1,179,263,451.55"
"1,107,947,263.05"
"1173875,28.69"
"1166222,84.3"
"1331960,68.84"
"1,209,311,318.09"
"1,314,578,284.40"
"1,023,501,328.22"
"1,001,106,102.75"
"1,265,560,107.50"
"1,290,036,125.54"
"11,892,653,151.76"
"1,302,283,163.67"
"13,931,941,491.71"
"1425445,60.32"
"1272403,68.98"
"1230052,40.46"
"1154252,24.13"
"1,085,465,122.31"
"1,498,109,104.81"
"1,218,778,112.46"
"1200557,41.1"
"1,355,546,168.36"
"1,138,486,327.29"
"1,091,432,153.44"
"1446786,21.95"
"1445743,44.22"
"1498415,30.29"
"1,078,406,180.10"
"1,014,560,208.71"
"1,388,676,211.99"
"1228683,22.82"
"1075442,27.87"
"1122296,25.14"
"1370085,87.36"
"1145515,55.79"
"1,299,855,193.47"
"1472252,22.57"
"1,467,820,104.23"
"1363781,54.83"
"1,275,016,383.12"
"1,062,111,399.44"
"1,180,048,251.55"
"1,155,226,702.82"
"1,382,591,261.78"
"1,412,941,349.22"
"1098172,96.23"
"1163030,98.17"
"1,370,125,353.26"
"1,145,013,368.16"
"1,276,034,735.05"
"1036398,95.7"
"1,200,304,227.49"
"1,144,786,203.76"
"13,775,702,081.34"
"1,438,635,263.81"
"14,698,013,154.49"
"1439692,43.37"
"1409284,27.28"
"1041718,29.15"
"1079423,23.61"
"1,481,762,104.31"
"1146091,23.38"
"1,057,460,398.21"
"1,250,344,398.51"
"1,477,694,249.65"
"1210203,29.66"
"1,471,242,167.72"
"1,333,824,233.51"
"1012400,71.54"
"1157950,54.28"
"1031549,72.01"
"1,036,302,156.63"
"1,038,594,197.03"
"1,398,217,213.95"
"1422692,42.47"
"1,010,584,229.97"
"1,408,973,103.36"
"1160131,85.49"
"1486738,38.22"
"1256588,81.46"
"1069257,28.16"
"1,149,920,196.25"
"1,483,944,154.20"
"1,485,217,181.50"
"1,400,875,722.64"
"1,022,245,303.58"
"1,294,514,225.48"
"1270168,52.05"
"1,279,549,269.83"
"1,413,452,333.27"
"1,333,540,370.90"
"1,095,610,121.87"
"1483263,27.96"
"1,484,037,226.80"
"14,022,541,950.11"
"1,067,620,256.97"
"10,338,451,728.32"
"1457199,48.97"
"1461934,41.08"
"1374006,53.08"
"1149610,32.37"
"1,069,568,119.70"
"1168055,28.18"
"1,356,784,248.03"
"1,094,406,274.79"
"1,057,854,240.00"
"1241439,44.42"
"1290397,17.7"
"1,134,558,186.89"
"1,308,196,118.92"
"1,086,294,235.13"
"1216692,62.65"
"1176696,58.55"
"1,064,150,199.23"
"1,182,284,207.65"
"1,347,467,260.29"
"1011416,25.69"
"1398536,33.11"
"1,076,352,173.90"
"1,316,073,188.24"
"1488053,97.37"
"1412357,48.11"
"1092650,77.37"
"1354071,72.43"
"1,423,581,363.45"
"1,139,167,147.00"
"1108221,99.81"
"1,171,237,619.31"
"1,271,325,335.12"
"1,038,005,193.89"
"1477973,79.17"
"1,143,573,158.24"
"1017120,67.26"
"1,004,495,284.99"
"1,359,815,410.19"
"11,636,201,217.85"
"1,169,404,118.88"
"1,153,742,108.72"
"1,482,596,110.64"
"14,304,412,718.64"
"1,058,431,444.34"
"12,301,521,733.49"
"1195031,84.77"
"1171212,68.65"
"1432643,89.37"
"1357541,32.22"
"1489539,79.23"
"1,172,247,108.80"
"1459796,46.21"
"1,349,036,206.22"
"1,132,296,678.43"
"1,020,858,223.85"
"1458950,42.06"
"1228009,30.59"
"1,244,788,173.30"
"1,092,608,170.40"
"1,127,608,181.66"
"1147034,74.25"
"1252812,66.74"
"1363297,64.32"
"1,368,119,178.59"
"1,013,355,182.73"
"1,050,369,212.83"
"1232497,40.52"
"1,053,752,135.26"
"1,258,609,241.79"
"1,024,127,145.86"
"1293246,72.16"
"1,420,334,122.47"
"1249171,90.71"
"1,493,552,196.45"
"1,493,470,392.29"
"1,440,519,237.67"
"1,408,420,134.83"
"1,320,892,140.35"
"1395898,75.27"
"1,266,940,133.19"
"1,195,405,101.52"
"1,321,283,148.81"
"1,026,142,176.05"
"1,398,699,269.90"
"1,397,755,136.82"
"1249332,84.5"
"1,049,602,207.74"
"10,898,733,123.50"
"1,339,163,126.27"
"12,111,621,319.58"
"1060487,25.93"
"1017376,30.33"
"1455813,25.86"
"1,474,172,162.87"
"1,032,075,162.18"
"1,312,652,534.06"
"1,442,048,219.55"
"1145540,22.92"
"1,277,563,359.37"
"1,053,334,369.76"
"1,095,442,417.63"
"1335552,33.42"
"1329839,97.93"
"1470260,35.89"
"1121456,16.19"
"1,475,918,174.13"
"1400690,81.62"
"1,153,013,295.70"
"1,175,925,354.26"
"1,044,804,198.62"
"1,270,105,446.31"
"1,166,614,216.78"
"1,372,023,122.22"
"1126656,24.61"
"1096892,64.03"
"1,162,121,119.97"
"1,299,109,163.58"
"1,072,859,232.39"
"1337063,76.05"
"1311410,66.44"
"1,040,248,102.40"
"10,207,192,483.64"
"1,371,825,125.64"
"12,421,121,085.68"
"1,426,771,113.99"
"1150521,54.65"
"1155714,78.66"
"1,206,978,157.06"
"1,258,554,159.67"
"1487429,32.8"
"1132590,82.26"
"1412346,27.0"
"1,044,873,184.95"
"1,435,076,403.29"
"1,376,033,198.16"
"1473729,24.45"
"1081462,17.12"
"1,187,246,282.36"
"1,288,016,286.40"
"1,163,834,313.81"
"1391562,16.44"
"1,092,746,120.89"
"1217220,91.27"
"1,453,727,172.33"
"1419763,49.68"
"1133698,74.75"
"1292555,45.84"
"1,173,065,230.74"
"1,320,694,236.82"
"1,406,117,134.37"
"1,493,137,397.17"
"1,200,019,359.46"
"1,441,304,189.49"
"1486977,48.11"
"1,173,592,152.96"
"1196727,66.32"
"1,341,646,199.06"
"1,142,440,297.03"
"1,273,416,217.69"
"1369678,81.01"
"1237914,85.5"
"1,489,392,108.71"
"14,489,982,366.87"
"1,109,229,202.26"
"11,356,881,394.98"
"1290122,55.02"
"1195644,44.53"
"1455960,40.55"
"1065108,82.7"
"1160251,73.32"
"1052765,24.91"
"1006876,88.87"
"1375995,35.45"
"1,177,267,286.88"
"1,123,762,569.48"
"1,135,977,248.15"
"1380921,34.95"
"1152704,27.27"
"1059572,26.38"
"1,147,431,309.54"
"1,166,118,319.83"
"1,241,642,313.37"
"1239441,32.47"
"1139610,39.46"
"1173347,52.38"
"1,065,220,176.00"
"1,263,020,149.99"
"1,186,787,294.85"
"1100287,48.92"
"1,063,008,127.08"
"1272311,47.09"
"1,323,831,213.72"
"1,350,933,322.19"
"1,188,980,197.13"
"1,321,339,822.71"
"1,468,793,612.52"
"1,065,918,150.82"
"1,483,544,106.60"
"1,360,874,247.57"
"1,172,503,311.92"
"1,394,736,340.68"
"1,463,533,196.29"
"1,101,245,283.16"
"1,297,806,190.02"
"11,416,302,401.34"
"1,115,561,198.75"
"13,590,561,284.47"
"1427543,36.23"
"1049897,43.82"
"1364909,17.6"
"1,001,108,105.33"
"1,445,007,129.33"
"1,441,123,554.53"
"1,184,466,110.23"
"1,445,824,234.14"
"1,424,016,222.20"
"1,078,356,263.22"
"1160637,27.69"
"1036844,23.03"
"1311516,48.8"
"1306448,40.46"
"1221703,66.09"
"1079424,32.47"
"1286572,84.06"
"1470862,89.34"
"1,247,296,304.86"
"1,492,100,299.87"
"1,104,993,229.16"
"1,098,936,321.71"
"1,141,172,280.23"
"1,097,071,241.11"
"1218774,65.98"
"1,424,527,192.49"
"1308493,92.34"
"1,280,655,227.51"
"1,393,998,175.07"
"1,263,011,196.51"
"1,442,984,102.95"
"1480196,80.34"
"1,392,278,159.51"
"11,824,972,467.62"
"1,142,809,211.71"
"13,313,914,689.09"
"1491271,58.46"
"1333321,33.23"
"1044434,48.59"
"1458337,70.21"
"1403727,17.17"
"1,355,003,113.26"
"1305696,30.78"
"1,225,892,112.33"
"1,137,454,467.83"
"1,388,897,215.19"
"1252682,22.22"
"1054158,24.17"
"1,119,962,353.26"
"1,353,816,393.16"
"1,182,051,434.23"
"1025615,26.18"
"1,395,390,128.74"
"1100937,74.85"
"1337610,91.59"
"1078383,78.65"
"1253337,61.55"
"1396082,86.89"
"1,241,787,245.27"
"1,467,840,345.21"
"1,320,321,184.65"
"10,271,841,089.27"
"1,083,175,723.26"
"1,495,092,440.26"
"1372971,46.48"
"1,179,921,132.63"
"1192611,49.83"
"1,307,584,221.35"
"1,097,417,317.36"
"1,469,771,267.22"
"1081567,97.04"
"1,224,368,231.33"
"1,124,284,219.99"
"13,699,393,092.33"
"1,470,426,199.22"
"12,123,901,479.76"
"1,201,353,134.31"
"1175963,49.87"
"1143972,96.08"
"1,064,669,146.23"
"1,095,090,163.40"
"1408414,20.3"
"1,181,919,114.26"
"1035955,27.8"
"1,137,622,216.14"
"1,141,624,406.60"
"1,030,906,195.88"
"1351716,30.74"
"1,387,275,168.40"
"1,491,481,194.39"
"1,266,099,208.35"
"1497126,71.33"
"1484353,33.09"
"1066140,36.77"
"1,012,482,241.81"
"1,223,316,503.51"
"1,374,077,273.62"
"1214809,41.25"
"1079574,56.97"
"1437074,53.3"
"1,254,126,324.30"
"1,386,744,266.35"
"1,140,562,255.10"
"1,057,783,794.78"
"1,028,990,499.70"
"1,171,657,369.19"
"1499767,76.28"
"1,034,565,175.23"
"1,100,732,107.63"
"1,124,599,660.09"
"1,036,809,578.93"
"1,181,111,797.31"
"1,339,004,160.37"
"1,442,340,217.45"
"1,076,769,257.82"
"12,732,913,822.63"
"1,268,563,469.08"
"12,671,992,061.14"
"1,432,609,106.27"
"1386785,50.19"
"1001425,88.62"
"1116564,52.9"
"1373247,63.12"
"1,134,168,112.17"
"1022092,32.82"
"1,423,085,444.77"
"1,421,303,460.74"
"1,045,999,225.12"
"1027413,15.22"
"1068236,15.92"
"1,049,332,454.66"
"1,202,896,310.34"
"1,185,320,392.85"
"1061666,61.15"
"1082570,60.2"
"1105399,55.71"
"1,036,403,267.09"
"1,416,031,262.71"
"1,093,307,262.13"
"1274780,28.99"
"1208290,30.04"
"1010615,30.08"
"1,262,992,149.18"
"1,331,934,358.24"
"1,030,226,530.55"
"1255690,32.39"
"1,466,677,127.28"
"1284600,67.81"
"1,415,928,297.06"
"1,135,508,421.82"
"1,292,547,301.16"
"1,317,061,284.14"
"1,125,938,114.06"
"1132252,97.92"
"1098604,20.55"
"1281504,90.27"
"1367222,42.24"
"1,274,168,379.86"
"1,468,823,298.91"
"1,333,274,329.70"
"1441700,53.21"
"1319758,62.44"
"1,464,015,121.25"
"14,848,022,090.32"
"1,029,668,158.92"
"10,726,491,507.60"
"1338138,91.93"
"1,169,066,108.94"
"1004508,42.09"
"1123578,89.89"
"1,312,972,248.15"
"1,278,314,293.19"
"1,330,929,113.43"
"1047991,37.97"
"1,064,517,192.95"
"1,475,443,366.01"
"1,097,563,168.78"
"1095602,43.41"
"1242359,34.26"
"1,225,795,168.94"
"1,158,312,191.77"
"1,029,988,273.30"
"1115336,53.91"
"1404848,53.07"
"1,221,954,103.55"
"1,177,114,104.14"
"1,279,211,150.86"
"1195794,53.05"
"1,179,388,193.64"
"1,225,479,117.45"
"1,200,482,274.86"
"1,102,609,205.71"
"1,306,278,250.12"
"1,230,640,382.21"
"1,166,412,703.91"
"1,182,119,241.99"
"1474457,41.37"
"1,471,543,131.93"
"1,158,440,393.11"
"1,077,996,529.26"
"1,375,730,449.84"
"1,257,624,107.24"
"1418558,82.3"
"1,119,462,268.71"
"12,176,343,114.35"
"1,194,125,274.09"
"12,548,931,218.05"
"1444202,39.34"
"1249741,47.18"
"1397105,62.09"
"1126109,19.81"
"1040672,99.46"
"1225867,59.14"
"1,229,777,205.14"
"1,416,600,636.13"
"1,334,478,300.69"
"1181972,18.78"
"1,439,136,270.56"
"1,101,586,266.26"
"1,081,205,263.80"
"1320112,23.55"
"1362263,55.65"
"1266516,20.93"
"1,115,733,112.10"
"1348065,95.97"
"1,026,480,344.00"
"1,053,710,472.78"
"1,031,578,397.41"
"1,491,314,555.43"
"1,432,899,482.97"
"1,413,058,329.40"
"1158190,48.55"
"1,228,116,119.04"
"1217136,62.24"
"1,318,103,312.67"
"1,094,190,335.67"
"1,476,707,458.23"
"1,116,399,194.71"
"1,463,037,209.03"
"1,327,944,200.03"
"14,773,292,705.63"
"1,274,331,459.74"
"13,667,781,407.19"
"1274958,86.28"
"1,247,376,111.78"
"1,171,357,140.47"
"1470729,32.03"
"1493024,73.37"
"1292643,76.76"
"1,108,498,285.39"
"1,351,941,395.03"
"1,215,978,149.82"
"1303897,23.19"
"1290815,34.26"
"1021162,30.21"
"1,053,049,157.64"
"1,350,034,280.77"
"1,276,354,254.57"
"1299342,45.66"
"1387698,47.91"
"1193717,34.61"
"1080378,95.06"
"1412637,97.76"
"1,378,521,161.38"
"1144802,34.81"
"1137339,94.96"
"1435425,68.99"
"1,395,058,308.67"
"1,307,656,473.71"
"1,032,147,210.05"
"1,209,677,936.82"
"1,159,522,228.58"
"1,357,125,277.27"
"1027253,24.05"
"1,347,324,142.11"
"1,204,065,129.17"
"1,200,111,309.32"
"1,319,241,302.69"
"1,163,083,409.77"
"1261848,91.98"
"1,347,708,101.44"
"1,474,171,183.63"
"10,861,631,834.90"
"1,384,345,227.64"
"12,303,292,252.74"
"1306114,38.11"
"1066036,28.47"
"1437817,32.04"
"1371599,68.93"
"1027269,63.27"
"1005287,22.81"
"1,445,660,147.12"
"1335729,31.34"
"1,132,453,189.91"
"1,080,624,659.37"
"1,313,810,237.82"
"1455874,15.02"
"1,347,864,210.94"
"1,202,304,174.26"
"1,129,620,214.78"
"1062774,37.37"
"1200960,44.73"
"1148887,62.92"
"1,343,038,233.17"
"1,286,282,234.45"
"1,222,681,265.62"
"1078026,52.03"
"1397712,38.55"
"1,264,710,128.43"
"1,183,882,148.68"
"1,113,656,314.23"
"1050645,33.96"
"1,014,675,111.89"
"1,302,966,100.41"
"1,394,714,235.35"
"1,488,819,123.95"
"1,124,137,178.08"
"1,054,385,752.62"
"1,001,921,351.97"
"1,300,733,333.12"
"1291220,48.08"
"1,312,126,126.17"
"1,304,878,128.46"
"1,032,653,271.81"
"1,397,068,451.24"
"11,617,141,195.63"
"1,203,648,157.68"
"1,442,696,112.90"
"1,458,841,209.76"
"10,075,972,256.10"
"1,055,053,340.86"
"11,850,311,432.81"
"1427278,64.11"
"1295117,24.05"
"1,325,329,546.44"
"1050759,16.37"
"1,013,831,132.69"
"1254173,28.03"
"1,287,970,583.15"
"1,113,498,700.98"
"1,355,907,274.01"
"1244886,23.15"
"1373548,37.74"
"1,465,270,135.58"
"1,339,027,146.06"
"1,018,327,107.79"
"1108071,92.31"
"1461973,94.96"
"1,476,273,241.68"
"1,024,004,248.35"
"1,031,312,267.24"
"1,446,241,126.52"
"1,495,023,107.74"
"1348513,98.01"
"1,015,558,139.18"
"1127531,93.09"
"1,314,971,215.61"
"1,189,684,179.49"
"1,105,588,212.20"
"14,262,881,476.29"
"1,101,391,623.44"
"1,236,690,441.61"
"1299062,52.97"
"1,354,229,154.76"
"1,483,090,553.40"
"1,124,620,654.17"
"1,036,237,572.76"
"1,429,101,122.01"
"1,105,494,114.72"
"1,496,047,193.12"
"11,110,872,944.00"
"1,279,450,536.74"
"10,563,502,092.58"
"1,064,133,234.65"
"1,077,697,182.64"
"1292079,91.06"
"1,312,698,355.25"
"1,363,038,395.05"
"1,111,872,170.57"
"1418832,40.65"
"1,128,942,149.83"
"1252662,41.11"
"1,343,161,734.26"
"1,011,813,662.00"
"1,113,616,273.56"
"1334770,76.61"
"1271290,66.67"
"1387664,17.35"
"1,023,852,295.23"
"1,078,142,436.27"
"1,376,725,556.46"
"1,163,658,121.55"
"1098578,94.6"
"1,295,170,108.19"
"1,442,540,225.84"
"1,194,545,246.05"
"1,482,237,302.30"
"1140705,43.85"
"1298088,41.48"
"1,197,612,264.65"
"1,141,241,537.91"
"1,024,355,221.49"
"1,115,005,101.65"
"1,413,477,102.58"
"1,209,338,214.23"
"1,009,555,158.56"
"1,357,976,275.41"
"14,359,092,036.07"
"1,010,266,933.03"
"1,145,147,476.57"
"1162283,56.22"
"1,463,710,252.66"
"1,466,728,130.66"
"1,093,975,714.70"
"1,158,811,703.37"
"1,106,708,785.76"
"1,102,709,136.95"
"1,480,818,131.78"
"1,120,723,245.60"
"11,619,112,149.78"
"1,406,483,456.28"
"11,597,042,205.52"
"1,347,891,137.12"
"1,466,492,108.00"
"1396722,56.8"
"1,255,464,133.32"
"1478571,45.68"
"1,204,608,128.07"
"1101877,26.0"
"1,401,061,107.53"
"1113123,22.12"
"1,265,686,575.37"
"1,053,742,405.17"
"1,392,727,251.59"
"1262452,48.94"
"1127426,60.21"
"1076781,41.16"
"1,128,271,134.56"
"1,411,082,295.39"
"1,053,814,376.86"
"1,244,852,155.78"
"1,096,175,165.59"
"1014613,82.2"
"1,131,169,125.55"
"1,201,095,182.45"
"1,430,136,180.59"
"1475372,33.99"
"1038904,24.39"
"1345512,30.71"
"1,368,173,148.48"
"1,062,658,499.24"
"1,223,108,176.21"
"1311976,73.31"
"1,275,880,161.81"
"1,262,880,197.73"
"1,491,312,278.15"
"1,449,613,346.63"
"1,428,843,285.04"
"1,344,988,149.96"
"1,238,384,187.32"
"1385784,87.28"
"1139207,33.14"
"1,305,667,141.25"
"1238947,45.5"
"1,025,860,283.52"
"1,109,664,312.61"
"1,350,396,271.21"
"1,007,474,125.08"
"1055751,72.29"
"1,049,070,182.06"
"11,078,992,747.75"
"1,250,737,211.57"
"14,259,431,563.03"
"1428610,33.37"
"1189323,24.84"
"1294333,49.5"
"1047099,47.17"
"1,122,246,146.48"
"1057371,47.11"
"1,247,572,167.58"
"1,452,525,736.33"
"1,193,241,212.55"
"1122672,33.53"
"1,354,931,300.68"
"1,263,025,301.14"
"1,076,963,306.95"
"1005817,16.33"
"1229044,29.13"
"1338102,34.52"
"1006405,60.09"
"1214405,38.65"
"1443462,76.69"
"1089414,33.65"
"1,317,775,106.03"
"1248865,82.75"
"1,342,691,492.34"
"1,114,030,478.25"
"1,062,361,197.77"
"1,268,913,364.31"
"1,359,141,226.47"
"1,052,607,169.98"
"1153086,27.15"
"1,228,900,120.40"
"1477268,63.96"
"1,044,413,292.92"
"1,383,969,272.53"
"1,370,531,203.72"
"1,054,001,107.22"
"1032955,78.43"
"12,044,252,428.66"
"1,003,799,172.29"
"11,893,093,183.31"
"1294794,28.11"
"1252109,29.35"
"1494387,27.61"
"1025414,51.92"
"1028398,24.81"
"1161669,78.7"
"1318183,33.5"
"1,453,485,231.67"
"1,179,995,598.16"
"1,111,260,211.19"
"1476335,26.57"
"1,045,081,327.86"
"1,047,684,358.00"
"1,416,797,405.30"
"1099709,17.59"
"1112808,28.41"
"1,082,858,126.81"
"1478275,21.09"
"1,484,969,112.63"
"1017841,31.87"
"1,095,118,109.64"
"1133034,89.47"
"1,335,501,217.49"
"1,240,758,306.59"
"1,392,405,172.20"
"1,042,422,967.20"
"1,102,535,270.06"
"1352924,91.22"
"1330739,21.04"
"1,286,846,201.64"
"1,303,888,122.27"
"1,084,126,166.27"
"1,401,068,112.76"
"1093010,81.33"
"1,320,866,150.93"
"12,242,522,952.67"
"1,053,847,346.20"
"12,892,031,585.15"
"1283793,15.39"
"1405406,26.76"
"1001023,99.74"
"1430672,87.56"
"1,473,499,659.70"
"1,470,414,226.41"
"1267848,46.94"
"1288839,37.81"
"1,406,611,168.94"
"1,138,335,193.63"
"1,473,941,207.52"
"1,086,394,219.13"
"1213401,82.35"
"1,249,598,101.11"
"1,359,075,190.49"
"1,451,883,120.36"
"1,130,150,190.11"
"10,799,951,153.80"
"1,320,850,351.88"
"1,325,802,347.64"
"1298535,41.5"
"1,005,436,124.22"
"1,236,985,445.42"
"1,404,089,392.75"
"1,280,135,491.88"
"1,321,446,142.80"
"1022303,80.19"
"1,162,493,202.69"
"11,603,432,507.11"
"1,412,430,290.27"
"10,270,591,404.31"
"1258914,36.92"
"1406006,50.02"
"1076412,76.54"
"1,089,192,119.93"
"1,251,959,140.94"
"1204393,16.13"
"1,426,930,123.81"
"1424045,28.9"
"1,206,548,394.49"
"1,002,696,305.40"
"1,019,804,246.43"
"1040420,51.0"
"1414474,20.39"
"1252877,22.62"
"1,408,137,147.09"
"1,263,119,154.87"
"1,115,724,250.41"
"1,272,392,105.10"
"1270741,71.17"
"1313158,99.73"
"1,028,031,162.31"
"1,235,237,227.85"
"1,150,649,263.71"
"1444476,30.11"
"1294878,34.75"
"1115261,32.68"
"1,266,485,237.96"
"1,392,336,301.16"
"1153686,98.4"
"1055862,37.04"
"1072931,99.96"
"1252777,54.42"
"1,062,210,221.62"
"1,382,979,208.52"
"1,338,035,209.45"
"1,146,579,844.36"
"1,072,620,204.50"
"1,388,642,201.77"
"1230598,48.57"
"1,499,806,155.04"
"1,256,452,102.35"
"1,249,746,299.66"
"1,355,011,385.14"
"1,394,076,673.20"
"1,181,734,149.30"
"1068385,59.45"
"1139039,99.4"
"14,308,903,606.06"
"1,151,297,157.50"
"10,135,431,808.82"
"1387274,38.28"
"1400898,59.15"
"1253271,50.52"
"1193479,18.06"
"1218312,82.9"
"1493676,45.01"
"1,237,190,267.16"
"1,025,950,548.65"
"1,445,601,241.21"
"1233203,28.09"
"1174722,64.86"
"1,250,818,261.44"
"1,391,640,203.66"
"1,154,727,113.29"
"1,000,642,128.45"
"1483633,42.12"
"1,390,805,180.26"
"1,108,444,212.62"
"1,318,695,210.27"
"1355254,17.67"
"1196734,29.1"
"1,362,840,117.61"
"1,226,722,251.73"
"1,419,887,133.54"
"1108968,31.63"
"1411752,90.03"
"1065319,97.55"
"1,233,541,324.17"
"1,434,726,309.50"
"1,170,047,115.44"
"13,594,231,526.59"
"14,871,291,019.89"
"1,039,738,303.64"
"1281098,70.86"
"1,226,250,137.43"
"1,356,737,112.26"
"1,250,508,361.61"
"1,296,204,531.56"
"10,210,361,017.94"
"1,059,851,104.75"
"1,259,861,156.19"
"1,191,317,165.82"
"10,555,453,000.96"
"1,259,739,361.85"
"11,279,361,339.79"
"1122299,59.11"
"1045622,72.61"
"1,136,027,118.36"
"1,427,519,144.70"
"1,345,040,112.62"
"1358355,15.45"
"1,296,259,105.91"
"1247604,34.65"
"1,470,043,428.47"
"1,023,524,380.55"
"1,458,093,229.44"
"1204116,36.86"
"1264775,30.66"
"1439811,28.59"
"1,172,238,188.33"
"1,347,717,222.02"
"1,325,084,266.33"
"1279398,67.47"
"1062492,77.46"
"1280555,59.06"
"1,192,455,188.20"
"1,267,950,198.53"
"1,297,918,221.70"
"1065416,61.73"
"1017917,28.67"
"1303062,31.43"
"1,428,483,320.04"
"1,281,671,378.48"
"1,473,937,128.92"
"1,435,103,122.18"
"1,037,310,167.30"
"1,361,514,303.56"
"1,051,440,208.41"
"1,312,573,164.15"
"1,106,798,168.63"
"1,142,814,255.52"
"1214497,65.52"
"1015884,67.64"
"1,033,130,144.62"
"1082221,80.57"
"1,267,633,140.55"
"1,237,618,250.13"
"1,145,651,179.64"
"1441985,68.82"
"1196226,61.68"
"1,352,134,290.46"
"13,374,503,050.00"
"1,026,014,161.49"
"12,123,451,319.52"
"1181195,28.78"
"1007089,20.46"
"1317475,41.59"
"1098691,54.63"
"1096212,18.67"
"1,235,060,124.40"
"1233676,37.67"
"1,005,265,146.58"
"1,340,335,527.59"
"1,100,709,277.21"
"1486556,26.62"
"1,364,727,333.51"
"1,089,838,316.03"
"1,331,091,332.45"
"1,145,185,119.99"
"1072824,40.98"
"1133161,75.83"
"1257291,39.56"
"1,466,895,170.89"
"1040076,69.35"
"1,296,120,223.59"
"1,071,118,296.14"
"1,481,797,288.73"
"1,002,910,552.12"
"1,087,316,605.93"
"1,148,565,322.82"
"1380584,43.74"
"1,153,514,103.13"
"1023202,49.95"
"1,325,706,146.38"
"1,138,400,153.01"
"1,321,568,277.66"
"1000666,79.09"
"1,426,204,156.07"
"1,427,371,128.90"
"12,845,473,177.45"
"1,495,342,183.01"
"10,132,891,259.96"
"1,034,517,109.29"
"1088604,96.63"
"1441301,73.08"
"1323495,82.62"
"1059630,90.28"
"1,022,326,177.25"
"1030923,25.4"
"1,066,592,103.70"
"1100820,78.1"
"1,349,870,269.94"
"1,442,794,392.21"
"1,434,781,230.16"
"1314686,32.8"
"1114108,22.66"
"1,463,208,190.22"
"1,294,690,229.55"
"1,243,722,189.45"
"1176245,33.36"
"1335602,93.97"
"1,032,528,139.97"
"1,067,483,167.69"
"1404614,26.51"
"1482217,83.25"
"1461999,61.64"
"1,159,274,240.45"
"1,412,925,425.43"
"1,198,542,158.28"
"1,167,015,597.77"
"1,098,179,206.06"
"1,316,048,102.35"
"1194635,31.6"
"1,164,921,101.60"
"1060770,64.92"
"1,365,169,240.01"
"1,296,574,338.15"
"1,354,095,390.39"
"1,047,886,122.06"
"1,392,652,140.09"
"1,432,258,154.97"
"11,382,172,774.77"
"1,182,344,271.08"
"11,372,041,243.40"
"1461362,18.47"
"1226026,21.7"
"1025513,47.27"
"1315779,42.63"
"1120550,15.55"
"1,345,814,308.54"
"1273694,34.06"
"1,373,670,101.19"
"1,304,674,412.20"
"1,115,980,212.42"
"1,078,416,188.08"
"1,492,006,197.45"
"1,154,339,220.76"
"1125717,27.53"
"1418240,27.18"
"1,273,336,144.20"
"1268753,63.9"
"1032128,49.36"
"1,365,619,376.39"
"1,140,349,313.80"
"1,180,650,250.44"
"11,012,351,551.32"
"1,432,496,385.21"
"1,430,566,402.26"
"1,014,783,104.45"
"1,116,354,451.05"
"1,146,657,365.70"
"13,442,621,013.12"
"1,450,902,942.33"
"10,507,031,425.77"
"1103779,93.23"
"1,373,522,143.92"
"1,151,308,171.24"
"14,831,863,251.72"
"1,018,915,895.09"
"13,641,313,768.05"
"1,345,596,333.68"
"1,420,063,303.80"
"1,492,833,192.21"
"1,360,054,191.45"
"1,213,321,266.02"
"1,037,639,217.31"
"1,142,648,128.55"
"1,361,615,271.64"
"1042523,50.06"
"1,005,712,719.11"
"1,315,204,923.38"
"1,267,815,232.25"
"1,367,043,105.69"
"1004886,16.96"
"1034244,69.81"
"1,297,387,476.33"
"1,210,501,885.69"
"1,097,181,616.29"
"1,310,794,104.07"
"1,014,635,164.64"
"1292994,51.64"
"1,173,658,179.33"
"1,211,835,201.57"
"1,076,344,220.54"
"1232705,61.35"
"1195774,33.71"
"1174518,43.65"
"1,243,831,826.09"
"1,481,724,839.63"
"1,207,346,756.73"
"1,271,815,174.20"
"1,303,872,349.93"
"1,176,334,303.92"
"1,304,553,551.90"
"1,257,584,499.96"
"1,440,237,422.54"
"1,084,653,661.49"
"1,332,317,158.80"
"1,177,460,195.60"
"1165358,33.84"
"1,497,001,132.30"
"1,103,832,466.72"
"1,403,223,383.77"
"1,223,995,722.13"
"1,441,994,297.96"
"1,397,538,209.54"
"1,021,975,355.99"
"14,008,193,069.15"
"1,132,871,445.68"
"12,750,361,936.16"
"1467062,33.19"
"1243970,26.33"
"1484482,24.6"
"1282672,81.37"
"1232517,32.66"
"1,375,882,444.86"
"1,145,757,398.05"
"1,200,160,223.93"
"1410058,30.91"
"1,305,115,106.26"
"1,095,464,164.08"
"1487515,47.44"
"1,024,500,170.35"
"1,071,735,137.23"
"1,344,422,128.20"
"1,312,920,188.42"
"1,297,157,263.24"
"1,142,750,261.51"
"1411826,15.21"
"1318333,24.58"
"1434478,20.49"
"1438407,71.04"
"1234963,39.74"
"1,444,737,147.68"
"1068604,64.67"
"1,011,801,391.39"
"1,314,498,385.35"
"1,099,240,280.83"
"1,403,942,711.01"
"1,161,200,331.75"
"1,047,246,260.05"
"1395061,29.47"
"1,170,801,129.64"
"1,042,827,149.70"
"1,174,504,372.06"
"1,173,705,541.19"
"1,230,491,617.09"
"1,348,587,170.21"
"1498538,79.43"
"1,497,901,179.29"
"12,715,861,335.06"
"1,039,920,555.53"
"12,433,781,644.44"
"1129865,25.79"
"1056548,85.1"
"1006403,35.57"
"1348142,44.13"
"1029535,99.86"
"1211544,21.44"
"1,409,887,756.80"
"1,373,243,616.31"
"1,424,541,235.93"
"1387862,34.08"
"1125217,31.19"
"1,244,163,109.12"
"1090094,82.0"
"1,206,594,147.89"
"1,418,380,110.31"
"1018911,85.13"
"1,365,726,120.47"
"1,182,054,236.31"
"1,185,618,261.20"
"1,499,996,264.01"
"1289837,23.97"
"1,207,125,150.88"
"1,385,322,109.21"
"1109874,86.56"
"1451374,27.97"
"1256784,98.77"
"1267473,40.65"
"1,102,117,326.26"
"1,401,169,186.30"
"1,207,111,280.40"
"10,171,751,714.72"
"1,247,741,367.83"
"1,117,518,515.80"
"1282054,42.28"
"1,370,192,337.17"
"1,038,438,282.10"
"1,181,256,898.66"
"11,076,181,052.41"
"11,772,821,929.18"
"1,050,846,131.12"
"1171305,97.91"
"1,495,234,258.28"
"14,934,574,435.01"
"1,020,507,672.36"
"10,542,692,466.42"
"1,342,004,138.02"
"1121352,95.77"
"1398988,51.25"
"1133642,89.83"
"1,390,781,271.47"
"1,227,153,138.62"
"1156586,19.05"
"1,184,605,191.51"
"1313893,69.68"
"1,166,618,835.28"
"1,128,043,942.07"
"1,359,339,251.92"
"1146723,62.74"
"1404721,38.13"
"1115692,30.73"
"1,295,765,706.71"
"12,452,051,135.35"
"1,090,138,820.04"
"1,212,530,155.13"
"1,377,936,165.98"
"1,481,135,131.63"
"1,012,718,253.65"
"1,274,851,245.33"
"1,214,056,288.51"
"1449539,43.5"
"1196447,45.04"
"1,313,914,240.31"
"1,012,652,765.86"
"1,463,945,138.22"
"1352697,71.47"
"1,119,279,236.93"
"1,499,681,172.24"
"1,316,005,230.40"
"1,276,695,360.50"
"1,343,456,323.65"
"1,406,377,725.24"
"1,377,782,613.49"
"1,475,804,334.25"
"1389781,78.37"
"1121088,98.52"
"1404053,59.9"
"1,103,761,210.36"
"1,427,117,391.14"
"1,235,746,460.90"
"1111305,76.02"
"1,398,419,128.61"
"1,043,032,111.19"
"10,949,243,618.62"
"1,016,992,275.34"
"10,158,913,354.45"
"1,361,581,139.26"
"1079764,97.33"
"1206362,66.13"
"1050479,70.14"
"1,464,461,383.07"
"1,238,056,262.74"
"1024016,15.84"
"1,161,026,147.13"
"1266837,40.61"
"1,003,688,439.49"
"1,437,653,875.22"
"1,428,544,230.50"
"1329858,45.14"
"1242262,52.64"
"1,139,460,384.84"
"1,340,320,419.58"
"1,458,283,450.99"
"1046592,39.55"
"1382408,39.19"
"1399111,36.95"
"1,354,514,193.24"
"1,151,009,133.63"
"1,473,380,215.43"
"1318609,50.45"
"1,260,208,181.03"
"1,456,298,100.23"
"1,433,872,374.52"
"1,495,928,282.85"
"1,145,163,338.83"
"1,288,414,182.51"
"1,164,780,290.71"
"1,099,811,117.97"
"1055810,79.15"
"1,465,823,150.06"
"1,068,702,137.35"
"1,199,817,190.99"
"1,308,993,309.40"
"1,228,658,316.28"
"1067611,86.84"
"1,337,804,177.05"
"12,658,622,663.41"
"1,075,698,385.41"
"14,931,521,356.45"
"1480072,42.89"
"1303746,40.92"
"1252753,83.85"
"1429794,17.01"
"1,284,846,103.82"
"1347430,37.06"
"1,253,487,209.92"
"14,142,921,007.40"
"1,444,665,202.87"
"1467493,35.49"
"1375138,26.27"
"1039245,19.62"
"1,009,524,382.10"
"1,042,431,309.45"
"1,218,618,417.93"
"1005450,85.17"
"1337184,35.93"
"1305212,37.22"
"1229650,28.6"
"1202211,57.23"
"1206844,61.83"
"1,315,684,149.31"
"1,451,907,214.11"
"1,479,101,942.51"
"1,204,831,827.92"
"1,299,973,235.08"
"1,479,704,540.85"
"1,103,391,887.13"
"1,030,973,671.70"
"1175313,22.58"
"1001655,76.26"
"1486656,54.69"
"1,144,994,317.14"
"1,339,590,302.81"
"1,176,446,371.53"
"1228211,78.34"
"1,140,034,344.68"
"1,261,020,207.04"
"14,198,093,744.19"
"1,316,742,222.49"
"14,464,131,237.97"
"1161401,47.17"
"1378385,65.76"
"1,371,110,106.37"
"1,474,124,147.96"
"1,289,204,545.38"
"1,493,328,251.09"
"1,365,154,189.23"
"1,012,943,213.60"
"1,241,599,207.15"
"1306515,25.3"
"1467462,85.19"
"1442130,22.77"
"1486092,51.79"
"1348096,21.89"
"1109213,82.66"
"1475586,36.46"
"1,415,413,546.34"
"1,143,304,442.53"
"1,211,792,196.14"
"1,311,799,374.80"
"1,010,422,369.92"
"1,238,437,115.19"
"1283496,38.74"
"1054679,94.69"
"1374106,64.96"
"1,252,741,389.36"
"1,105,246,336.28"
"1,302,648,483.42"
"1,424,462,113.11"
"1076983,83.73"
"1,183,226,249.81"
"14,686,872,866.36"
"1,413,771,273.70"
"13,838,161,182.92"
"1439193,78.92"
"1339142,82.13"
"1412413,49.33"
"1,314,608,188.12"
"1,427,899,102.76"
"1266188,26.42"
"1455688,92.44"
"1453758,43.85"
"1,067,032,190.01"
"1,186,216,487.83"
"1,255,594,267.48"
"1149061,21.8"
"1271186,26.07"
"1257768,31.43"
"1,267,184,353.22"
"1,305,748,360.67"
"1,015,025,391.92"
"1240225,29.38"
"1121296,38.44"
"1082946,19.57"
"1055145,87.81"
"1386090,70.8"
"1,144,287,325.52"
"1193883,24.92"
"1194633,58.1"
"1324241,58.2"
"1,019,478,478.24"
"1,200,780,317.98"
"1,419,930,219.10"
"10,029,121,519.53"
"1,319,159,857.76"
"1,175,738,221.79"
"1201561,29.57"
"1,219,862,128.20"
"1,196,146,118.14"
"1,466,525,467.87"
"1,204,816,549.43"
"14,737,261,047.47"
"1,060,409,103.92"
"1261615,86.98"
"1,043,550,217.67"
"14,676,302,655.17"
"1,018,320,215.31"
"14,355,212,794.18"
"1401990,85.27"
"1390906,91.2"
"1462965,95.46"
"1,187,504,124.82"
"1095731,74.94"
"1110023,27.92"
"1,176,469,151.33"
"1166528,50.32"
"1,053,800,594.44"
"1,048,692,590.00"
"1,341,226,237.50"
"1258738,28.37"
"1455555,37.17"
"1037988,44.65"
"1,180,812,218.18"
"1,343,995,241.76"
"1,227,316,265.63"
"1,372,927,107.87"
"1306602,94.28"
"1230159,78.88"
"1,388,384,247.05"
"1,351,353,346.41"
"1,412,668,224.88"
"1161674,34.7"
"1344481,29.89"
"1119553,27.02"
"1,154,103,333.82"
"1,416,326,461.85"
"1,164,432,646.20"
"1321519,34.45"
"1,293,866,114.84"
"1050155,58.51"
"1,404,233,218.01"
"1,333,872,281.02"
"1,304,601,257.42"
"1,054,033,765.11"
"1,256,807,286.46"
"1,100,598,128.80"
"1443205,19.97"
"1228081,96.16"
"1,261,036,466.85"
"1,456,972,540.11"
"1,234,652,445.42"
"1019525,85.23"
"1,409,608,152.16"
"1,310,744,101.31"
"14,469,972,649.00"
"1,109,153,290.19"
"13,080,051,568.44"
"1123493,95.05"
"1237245,55.6"
"1155218,34.7"
"1171637,29.63"
"1,042,017,100.48"
"1,194,420,560.11"
"1,460,528,311.35"
"1,397,951,225.21"
"1468212,41.46"
"1072591,16.34"
"1,337,955,155.71"
"1,290,352,160.62"
"1,299,976,126.00"
"1,140,847,223.67"
"1,238,821,155.89"
"1,265,338,178.44"
"1,347,317,212.56"
"1,369,188,217.22"
"1,105,641,273.13"
"1346889,29.56"
"1,484,137,157.83"
"1,180,684,150.55"
"1179550,86.33"
"1416214,42.3"
"1,069,061,114.04"
"1392324,57.36"
"1,253,157,334.26"
"1,064,627,200.74"
"1,467,330,286.08"
"1,075,123,595.40"
"1,120,109,155.14"
"1,314,299,160.04"
"1156261,40.17"
"1,113,630,101.50"
"1268813,82.6"
"1,145,397,348.06"
"1,354,889,662.79"
"1,177,527,557.02"
"1,047,685,104.47"
"1,201,059,101.44"
"1,108,123,212.21"
"14,203,792,790.72"
"1,327,250,484.14"
"13,088,101,778.99"
"1017856,30.31"
"1303699,20.29"
"1361399,57.4"
"1297207,53.27"
"1,108,091,132.63"
"1044014,29.75"
"1,366,117,371.77"
"11,752,461,192.67"
"1,190,610,249.02"
"1367486,29.13"
"1,466,748,205.94"
"1294077,64.6"
"1383490,85.54"
"1131144,69.12"
"1,418,604,132.61"
"1,093,359,354.21"
"1,109,016,287.12"
"1,287,135,276.95"
"1163382,36.83"
"1,335,895,100.84"
"1339037,43.05"
"1,049,246,131.43"
"1239904,31.73"
"1,329,104,122.44"
"1273304,67.89"
"1,363,773,320.81"
"1,247,584,178.97"
"1,311,383,470.53"
"1,415,059,318.13"
"1,330,789,292.46"
"1,102,131,225.00"
"1146418,30.54"
"1266488,93.15"
"1361294,25.13"
"1,025,857,176.95"
"1,204,032,311.04"
"1,261,246,353.80"
"1370363,93.89"
"1,049,932,124.01"
"1,059,349,192.23"
"13,796,852,785.34"
"1,406,571,207.46"
"13,177,871,428.97"
"1269383,76.99"
"1095921,68.43"
"1473953,52.73"
"1036541,74.21"
"1,042,290,132.24"
"1,012,530,123.88"
"1279482,19.31"
"1183572,96.13"
"1050938,28.68"
"1,480,136,220.51"
"1,183,250,525.44"
"1,440,724,288.06"
"1238788,34.07"
"1240822,21.55"
"1,198,444,363.56"
"1,099,030,306.95"
"1,414,499,368.42"
"1238900,83.02"
"1,022,388,140.70"
"1,441,697,179.14"
"1,376,322,185.24"
"1,278,517,108.31"
"1464656,46.33"
"1,010,591,233.94"
"1,224,424,287.72"
"1,053,563,189.97"
"14,739,991,701.65"
"1,391,636,521.48"
"1,058,103,324.89"
"1398850,88.14"
"1,019,125,218.47"
"1,359,966,256.76"
"1,205,122,715.22"
"1,435,699,633.73"
"1,451,338,611.68"
"1,227,037,130.42"
"1,338,040,180.94"
"1,183,385,232.07"
"12,201,124,313.78"
"1,270,286,429.97"
"12,687,742,231.41"
"1461261,73.48"
"1015954,71.78"
"1460911,60.89"
"1425740,63.83"
"1094329,74.37"
"1,198,363,101.54"
"1494681,21.56"
"1,461,529,144.94"
"1027092,40.28"
"1,011,707,676.77"
"1,338,306,749.28"
"1,287,191,728.51"
"1141616,31.28"
"1318975,32.89"
"1280255,30.44"
"1068883,84.26"
"1,169,895,117.85"
"1,299,452,190.16"
"1441502,75.62"
"1,109,701,125.35"
"1201572,59.46"
"1,397,917,168.83"
"1,459,768,250.04"
"1,112,214,275.20"
"1384957,53.45"
"1073388,27.11"
"1410195,28.29"
"1,323,018,284.05"
"1,393,168,645.95"
"1,464,503,509.05"
"1448615,62.53"
"1,189,624,156.52"
"1,015,296,139.07"
"1,257,262,336.16"
"1,390,673,351.73"
"1,393,329,234.60"
"1,082,717,969.64"
"1,271,409,549.91"
"1,149,602,181.02"
"1380508,44.17"
"1,084,335,107.76"
"1157467,68.36"
"1,311,551,210.93"
"1,219,848,377.20"
"1,046,393,456.56"
"1020243,87.13"
"1,215,429,118.52"
"1,343,129,245.07"
"14,348,942,846.75"
"1,248,768,257.34"
"13,534,661,325.66"
"1269572,73.91"
"1331977,46.4"
"1019221,41.45"
"1,372,144,184.66"
"1,380,163,101.94"
"1314566,16.12"
"1,239,508,114.39"
"1080052,33.95"
"1,052,185,341.07"
"1,410,013,382.71"
"1,211,910,210.50"
"1463175,43.92"
"1322235,29.17"
"1442756,28.25"
"1,487,782,250.02"
"1,432,248,198.58"
"1,046,330,243.18"
"1016515,65.26"
"1439602,30.81"
"1448463,32.28"
"1021724,95.18"
"1453370,93.41"
"1,249,813,136.23"
"1429939,39.66"
"1326422,70.74"
"1086556,52.48"
"1,236,619,275.52"
"1,210,795,295.31"
"1,252,996,206.64"
"1,495,848,295.56"
"1,316,220,171.99"
"1164599,22.04"
"1,022,140,154.64"
"1159696,76.7"
"1,474,230,231.68"
"1,101,112,278.18"
"1,069,260,461.38"
"1332048,85.71"
"1,369,485,166.84"
"1,444,811,153.25"
"11,435,382,582.22"
"1,087,917,442.38"
"14,991,092,680.67"
"1347649,19.92"
"1,138,627,186.92"
"1,260,987,199.93"
"1,302,832,387.08"
"1,399,279,235.33"
"1,036,773,181.85"
"1,081,323,124.70"
"1,339,737,267.30"
"1,251,637,178.98"
"1,225,315,198.60"
"1,387,284,212.62"
"1229449,49.73"
"1165405,29.51"
"1,259,378,146.50"
"1241177,39.59"
"1295721,66.7"
"1391577,31.96"
"1053998,28.69"
"1,407,766,351.08"
"1,078,929,363.05"
"1,233,601,132.07"
"14,351,221,227.97"
"1,151,274,351.51"
"1,367,894,366.20"
"1428672,60.13"
"1,031,763,822.47"
"1,020,912,848.47"
"1,301,486,315.40"
"1,195,982,109.89"
"1,058,406,167.51"
"1,428,885,191.29"
"13,925,062,896.00"
"1,354,722,549.34"
"11,511,191,431.27"
"1,456,334,132.75"
"1,000,392,123.54"
"1,076,303,156.05"
"1,217,993,119.71"
"1427114,97.61"
"1232737,38.21"
"1,447,145,137.21"
"1,030,444,680.55"
"1,215,951,620.28"
"1,485,205,228.48"
"1272229,48.7"
"1157017,64.43"
"1,411,198,201.84"
"1021195,97.77"
"1,484,282,239.04"
"1,120,782,151.19"
"1,145,895,195.06"
"1,233,303,102.96"
"1,400,324,247.79"
"1,253,143,224.95"
"1,162,775,279.88"
"1426156,50.65"
"1389854,34.99"
"1184046,31.95"
"1,110,240,203.81"
"1,418,797,606.63"
"1,153,933,183.83"
"1,130,157,209.03"
"1,477,958,140.16"
"1,179,950,363.78"
"1,434,483,381.39"
"1,110,568,311.56"
"12,596,111,582.58"
"1,062,494,453.70"
"1,238,695,407.58"
"1,356,980,189.88"
"1,175,779,220.30"
"1,058,670,269.14"
"1,332,114,818.92"
"1,043,320,742.31"
"13,403,751,429.48"
"1,249,769,110.89"
"1,494,941,135.81"
"1,133,750,208.98"
"11,206,063,439.00"
"1,022,677,581.23"
"11,876,993,864.97"
"1249408,78.18"
"1008063,93.98"
"1333009,41.54"
"1137703,75.54"
"1059370,92.82"
"1272535,90.86"
"1,399,479,188.30"
"1465309,24.81"
"1,077,335,503.38"
"1,468,203,833.85"
"1,129,604,227.90"
"1245854,33.12"
"1436228,14.21"
"1,112,488,378.06"
"1,264,507,452.25"
"1,436,339,780.08"
"1,293,650,287.03"
"1,368,515,145.23"
"1,378,544,152.26"
"1,073,128,166.08"
"1,281,460,313.58"
"1,437,209,515.08"
"1286860,27.27"
"1,081,645,736.69"
"1,338,150,620.39"
"1,144,418,516.55"
"1004909,60.64"
"1083789,91.34"
"1080382,87.65"
"1,005,118,431.54"
"1,381,948,284.17"
"1,378,136,270.84"
"1,278,339,809.44"
"1,317,396,494.64"
"1,184,923,221.47"
"1259989,36.31"
"1,472,975,101.56"
"1289710,42.57"
"1,268,258,248.42"
"1,385,320,420.94"
"1,413,560,218.18"
"1,224,718,159.05"
"1,017,207,103.15"
"1,179,559,155.73"
"12,310,532,563.38"
"1,278,358,261.64"
"12,636,121,370.04"
"1091196,62.82"
"1199578,52.88"
"1343601,29.75"
"1079074,53.94"
"1,427,548,127.19"
"1,358,859,143.37"
"1048360,19.88"
"1,091,093,200.94"
"1411819,37.71"
"1,158,007,307.89"
"1,239,951,567.50"
"1,144,306,310.79"
"1155176,32.76"
"1056878,35.62"
"1044596,25.34"
"1,183,036,323.10"
"1,179,847,285.93"
"1,390,628,276.33"
"1323946,46.54"
"1142224,47.37"
"1,255,341,171.06"
"1143868,97.37"
"1,212,643,247.82"
"1278380,42.55"
"1,276,819,101.98"
"1,226,360,334.41"
"1,213,540,328.51"
"1,261,002,254.04"
"1,436,625,353.04"
"1,455,556,310.29"
"1,436,109,107.88"
"1,182,886,143.62"
"1,153,339,102.55"
"1462077,54.99"
"1,400,753,244.58"
"1,193,512,228.52"
"1,064,201,247.24"
"1292029,85.14"
"1197479,97.46"
"1,154,076,176.51"
"14,293,052,761.94"
"1,017,949,246.34"
"13,089,041,142.80"
"1054616,92.64"
"1336461,60.48"
"1477215,71.45"
"1118447,45.57"
"1,222,652,108.36"
"1,498,149,102.58"
"1,422,826,113.41"
"1404575,50.15"
"1,141,742,335.67"
"1,284,793,676.28"
"1,003,219,236.91"
"1380388,36.98"
"1399900,31.67"
"1,201,903,309.04"
"1,382,085,284.95"
"1,441,674,326.93"
"1262038,30.64"
"1010378,35.69"
"1487063,56.95"
"1443685,79.04"
"1,244,411,171.82"
"1369483,34.79"
"1,490,847,125.67"
"1490467,46.71"
"1,044,870,486.68"
"1,289,744,409.11"
"1,061,949,195.52"
"12,721,712,256.45"
"14,808,991,286.66"
"1,354,480,530.17"
"1057585,90.53"
"1,195,707,377.79"
"1,407,545,217.97"
"1,007,195,918.39"
"1,264,972,982.64"
"12,108,443,019.31"
"1421837,58.05"
"1,193,017,131.26"
"1,177,201,238.06"
"14,759,743,464.50"
"1,130,779,981.52"
"13,764,484,482.45"
"1,272,128,274.31"
"1,335,607,242.52"
"1,118,117,132.20"
"1,334,810,244.14"
"1,068,682,400.49"
"1,186,849,179.17"
"1407222,80.62"
"1,134,658,250.66"
"1015386,92.98"
"11,242,831,220.43"
"10,147,431,158.97"
"1,347,615,265.29"
"1392905,93.36"
"1,128,418,111.81"
"1305760,83.77"
"1,083,760,372.35"
"1,186,898,575.19"
"1,449,211,621.88"
"1,324,623,198.79"
"1,302,530,209.79"
"1,218,656,194.79"
"1,039,345,166.80"
"1,402,997,356.93"
"1,422,513,211.26"
"1208218,78.54"
"1,275,681,174.43"
"1,472,006,164.79"
"11,866,971,032.90"
"11,540,631,245.19"
"1,224,020,876.07"
"1,152,499,108.28"
"1,103,403,257.98"
"1,353,870,138.01"
"1,414,869,439.57"
"1,155,592,447.93"
"1,011,328,420.39"
"1,378,346,793.49"
"1,066,271,383.89"
"1,062,630,226.67"
"1410177,41.98"
"1195022,83.72"
"1,010,516,448.47"
"1,428,344,485.40"
"1,371,092,484.69"
"1,124,696,144.72"
"1,018,683,179.46"
"1,456,057,281.07"
"14,588,243,471.90"
"1,181,024,226.34"
"10,415,531,614.32"
"1352708,37.1"
"1339747,73.54"
"1125745,64.53"
"1352343,22.36"
"1323021,83.1"
"1,256,515,387.69"
"1,407,628,484.91"
"1,280,384,230.76"
"1029916,27.92"
"1,483,078,169.34"
"1,233,562,316.38"
"1,102,011,388.65"
"1448582,29.58"
"1093908,41.29"
"1,104,503,229.34"
"1,279,361,275.88"
"1,318,960,257.79"
"1336959,42.83"
"1,464,277,163.13"
"1,119,422,183.09"
"1,477,480,123.36"
"1294471,78.07"
"1333133,79.26"
"1003275,48.05"
"1,358,488,319.03"
"1,272,288,421.03"
"1,290,825,162.11"
"11,489,581,774.12"
"1,034,980,441.96"
"1,033,802,482.17"
"1282516,44.2"
"1,238,630,269.46"
"1,078,562,256.32"
"11,747,131,070.76"
"1,227,991,929.41"
"10,707,981,502.58"
"1,014,190,133.89"
"1,270,138,106.62"
"1,116,321,266.12"
"11,419,643,714.60"
"1,203,738,740.83"
"10,650,172,003.72"
"1,119,638,116.64"
"1,386,092,126.22"
"1379280,70.81"
"1,058,705,124.12"
"1,231,273,148.39"
"1,102,466,125.07"
"1498076,27.9"
"1,354,259,159.78"
"1215738,87.36"
"1,029,371,615.26"
"1,302,808,494.83"
"1,152,021,246.46"
"1041253,55.66"
"1453402,33.95"
"1352703,55.31"
"1,455,324,490.31"
"1,231,858,675.78"
"1,169,391,633.29"
"1,035,888,135.84"
"1,148,287,111.97"
"1,490,962,120.57"
"1,470,794,251.62"
"1,188,351,253.56"
"1,176,669,259.69"
"1278543,58.1"
"1306674,35.93"
"1213251,48.66"
"1,372,237,319.07"
"1,095,215,660.72"
"1,038,564,150.56"
"1,001,293,104.71"
"1,487,809,164.27"
"1318005,83.32"
"1,253,835,322.33"
"1,460,261,331.67"
"1,207,469,279.01"
"1,430,955,298.06"
"1,016,415,231.33"
"1336482,97.53"
"1231323,44.04"
"1,187,485,122.43"
"1438137,82.76"
"1,306,041,171.56"
"1,267,399,203.67"
"1,339,529,225.38"
"1408796,90.01"
"1427990,56.01"
"1,109,333,174.19"
"11,004,202,778.18"
"1,248,988,197.57"
"14,991,261,235.97"
"1366645,81.92"
"1262160,50.14"
"1290336,55.67"
"1381275,47.04"
"1029370,91.69"
"1037784,70.04"
"1457076,18.31"
"1,445,194,127.17"
"1047893,26.48"
"1,058,888,276.96"
"1,003,516,563.72"
"1,156,713,260.34"
"1147947,17.06"
"1,480,821,353.81"
"1,197,539,352.81"
"1,463,014,363.82"
"1397866,28.49"
"1,337,888,100.77"
"1032931,43.48"
"1219365,63.73"
"1225994,66.49"
"1175233,38.8"
"1,245,636,243.13"
"1,160,971,291.84"
"1,096,404,234.68"
"1,265,382,263.85"
"1,233,753,239.70"
"1066835,73.91"
"1333990,26.42"
"1086255,90.99"
"1429267,81.15"
"1,478,932,174.44"
"1,402,825,216.78"
"1,072,917,151.34"
"1336858,85.45"
"1149362,79.41"
"1,004,201,211.02"
"11,171,802,427.85"
"1,109,936,141.98"
"14,440,931,349.24"
"1361255,46.78"
"1,471,104,100.31"
"1129361,43.38"
"1,081,277,310.60"
"1473506,36.23"
"1,182,900,172.96"
"1,132,187,441.94"
"1,370,849,193.20"
"1087631,19.33"
"1163909,19.51"
"1,204,772,291.95"
"1,051,517,285.44"
"1,470,903,316.69"
"1385567,26.97"
"1094602,27.29"
"1457111,39.76"
"1271078,43.35"
"1175823,56.91"
"1,107,484,239.52"
"1,033,330,326.23"
"1,036,900,166.37"
"1,265,395,347.95"
"1,115,685,626.79"
"1,247,176,178.62"
"1247660,65.04"
"1,076,364,160.63"
"1,095,494,127.77"
"1,113,809,226.49"
"1,419,650,359.79"
"1,333,805,364.17"
"1206710,68.3"
"1022502,27.12"
"1,291,979,147.15"
"13,171,681,867.33"
"1,078,618,348.56"
"14,505,571,312.69"
"1,011,877,117.10"
"1239868,77.63"
"1144362,75.63"
"1,386,947,132.67"
"1,058,015,308.05"
"1,376,229,264.94"
"1448172,23.02"
"1254766,94.45"
"1419727,31.9"
"1,083,350,518.02"
"1,101,167,593.85"
"1,374,924,196.27"
"1252536,63.81"
"1491332,33.15"
"1115069,66.36"
"1,252,042,348.96"
"1,437,847,365.87"
"1,349,037,418.04"
"1146776,38.03"
"1129044,40.64"
"1326556,36.22"
"1,395,845,150.07"
"1,198,342,217.43"
"1,021,990,514.07"
"1013880,91.83"
"1,446,348,137.41"
"1,292,973,178.50"
"1,312,218,320.84"
"1,019,977,329.49"
"1,478,596,180.27"
"1,090,267,114.90"
"1,073,679,133.85"
"1,400,541,211.83"
"1402219,53.83"
"1,140,444,117.16"
"1439582,38.94"
"1,383,383,182.00"
"1,152,503,271.38"
"1,308,270,355.30"
"1,057,569,140.59"
"1,405,278,155.97"
"1,308,475,168.18"
"13,028,061,929.96"
"1,149,327,197.79"
"14,585,921,267.97"
"1250578,76.4"
"1127512,20.62"
"1448129,87.15"
"1,195,583,154.69"
"1,367,936,432.89"
"1,464,628,148.38"
"1,358,064,178.98"
"1,228,578,197.67"
"1,377,631,213.40"
"1012556,25.38"
"1260468,58.15"
"1103936,48.13"
"1118263,58.19"
"1,475,103,353.31"
"1,181,549,448.99"
"1,025,123,250.60"
"1,087,645,454.82"
"1,241,826,267.52"
"1,334,372,231.54"
"1,047,720,175.30"
"1055325,99.28"
"1,447,963,189.99"
"1,241,704,235.15"
"1,345,238,397.81"
"1151767,71.91"
"1401894,85.69"
"1,215,801,108.02"
"12,784,513,375.84"
"1,141,648,152.95"
"1,354,607,462.32"
"1484480,34.58"
"1059653,23.29"
"1001642,78.26"
"1053728,41.18"
"1,452,906,109.98"
"1,221,849,830.61"
"1145823,89.54"
"1,004,738,143.24"
"1,016,959,180.95"
"1,366,403,180.99"
"1203040,21.63"
"1309434,18.1"
"1053095,46.03"
"1,310,215,110.13"
"1048023,16.39"
"1457241,74.04"
"1099744,35.69"
"1,478,797,315.83"
"1,193,167,510.30"
"1,473,418,184.96"
"1,275,478,808.07"
"1,039,279,185.89"
"1,318,303,286.08"
"1427008,44.11"
"1,022,602,113.82"
"1,450,331,341.17"
"1,338,401,615.55"
"1,455,095,722.80"
"1,131,015,209.13"
"1,155,753,141.48"
"1,197,521,178.43"
"10,548,312,007.87"
"1,491,428,393.84"
"10,826,211,251.16"
"1308127,91.14"
"1361172,59.35"
"1104604,63.84"
"1305125,30.29"
"1263934,47.04"
"1158859,24.17"
"1,004,511,117.68"
"1221347,30.61"
"1,334,054,369.74"
"1,411,737,578.82"
"1,482,143,217.19"
"1228789,23.46"
"1050306,48.29"
"1,401,916,215.25"
"1,441,346,255.64"
"1,445,719,227.23"
"1,235,133,100.19"
"1249510,89.18"
"1478651,96.97"
"1,300,102,306.41"
"1,107,407,267.31"
"1,372,954,314.55"
"1045292,36.35"
"1481458,56.19"
"1155654,54.33"
"1,097,352,143.33"
"1,248,066,207.27"
"1,224,671,138.73"
"1377389,43.85"
"1388621,69.41"
"1284250,24.88"
"1,453,398,294.54"
"1,084,227,175.24"
"1,290,361,187.10"
"1,373,220,735.90"
"1,433,003,321.96"
"1,372,767,269.98"
"1287686,20.83"
"1,028,205,136.73"
"1,052,382,104.05"
"1,282,473,459.84"
"1,377,962,376.02"
"1,499,594,761.26"
"1,078,682,150.50"
"1,026,597,166.01"
"1,448,378,230.88"
"13,486,083,396.18"
"1,380,883,335.73"
"10,582,521,506.90"
"1146079,24.28"
"1008284,35.67"
"1160822,16.31"
"1264778,19.08"
"1092978,24.64"
"1,402,934,207.34"
"1132690,33.99"
"1,002,344,373.01"
"1,497,180,358.60"
"1,486,344,246.13"
"1136665,18.5"
"1138281,90.62"
"1,392,733,197.46"
"1378391,59.37"
"1161473,31.77"
"1147410,47.61"
"1,399,769,277.14"
"1,385,630,243.20"
"1,201,050,230.32"
"1313140,35.54"
"1354197,19.22"
"1393791,89.57"
"1488767,84.17"
"1,038,860,115.06"
"1095582,36.06"
"1408529,71.52"
"1092603,31.02"
"1,017,195,271.57"
"1,280,096,393.28"
"1,358,278,422.71"
"1,441,493,327.39"
"1,197,751,245.95"
"1,069,003,129.44"
"1318108,49.58"
"1224735,69.01"
"1375272,43.43"
"1,130,751,141.82"
"1,407,705,197.98"
"1,319,965,252.32"
"1129316,67.66"
"1312521,97.6"
"1,377,111,113.76"
"14,488,203,194.06"
"1,299,718,242.01"
"11,422,581,996.47"
"1,274,801,120.56"
"1261414,91.19"
"1441579,65.0"
"1485381,54.93"
"1,078,971,132.51"
"1,311,286,176.83"
"1130121,23.82"
"1,108,999,118.93"
"1072044,62.98"
"1,351,452,245.61"
"1,149,836,407.75"
"1,327,461,196.02"
"1407103,34.77"
"1004415,31.91"
"1,063,060,369.64"
"1,409,048,354.89"
"1,088,324,432.42"
"1436928,46.97"
"1469962,47.53"
"1322938,77.73"
"1463652,88.22"
"1,403,044,147.83"
"1308022,50.76"
"1,336,250,114.37"
"1475924,43.49"
"1,399,620,287.82"
"1,470,691,325.17"
"1,062,043,121.91"
"1,320,351,727.55"
"1,321,385,634.00"
"1,076,145,169.41"
"1067868,41.85"
"1246710,80.58"
"1478428,47.86"
"1,300,491,265.71"
"1,117,583,354.68"
"1,045,436,231.30"
"1046296,91.54"
"1003774,61.41"
"1,193,733,165.33"
"10,714,333,435.87"
"1,150,635,262.50"
"11,536,061,292.32"
"1,463,595,106.59"
"1121534,86.71"
"1338458,94.26"
"1,021,248,128.34"
"1,456,547,209.92"
"1266338,16.79"
"1,089,876,100.38"
"1444468,32.19"
"1,492,727,402.99"
"1,175,015,407.50"
"1,030,093,256.90"
"1084128,22.69"
"1455454,40.36"
"1,163,122,200.52"
"1,493,963,233.46"
"1,325,195,230.37"
"1006757,72.61"
"1173623,47.36"
"1189411,21.66"
"1,419,046,445.55"
"1,391,368,137.99"
"1,078,393,153.60"
"1362930,98.25"
"1148432,33.39"
"1,157,952,244.09"
"1,421,823,311.73"
"1,488,675,281.07"
"1,391,279,181.73"
"1,123,390,146.53"
"1158789,70.72"
"1012009,60.09"
"1206547,87.47"
"1,273,403,108.39"
"1,419,767,197.55"
"1,214,712,274.48"
"1,277,314,144.64"
"1150833,80.1"
"1376099,57.48"
"11,365,982,230.88"
"1313669,91.65"
"14,384,711,062.61"
"1278279,31.29"
"1417791,25.4"
"1321591,81.7"
"1108806,78.06"
"1019410,23.74"
"1,313,151,351.78"
"1,303,625,166.17"
"1,317,487,370.07"
"1,016,408,208.62"
"1027573,22.64"
"1003495,21.48"
"1,377,489,308.43"
"1,045,441,290.91"
"1,298,833,316.07"
"1376616,25.7"
"1309094,30.78"
"1,252,943,136.85"
"1301397,43.93"
"1489870,82.18"
"1260253,35.06"
"1163508,56.3"
"1267023,23.67"
"1,271,281,214.01"
"1,416,108,282.86"
"1,053,239,146.88"
"13,901,571,512.05"
"1,348,210,937.10"
"1,462,354,622.13"
"1,387,628,156.92"
"1,178,750,116.48"
"1,180,221,523.90"
"1,061,083,515.20"
"14,173,951,202.58"
"1,257,964,107.14"
"1,041,421,127.03"
"1,225,370,175.35"
"13,187,082,358.67"
"1,298,752,417.79"
"10,069,721,216.93"
"1,445,613,127.80"
"1,032,032,128.96"
"1,170,276,202.16"
"1,261,997,142.91"
"1,279,926,149.19"
"1320313,28.03"
"1,069,609,111.06"
"1,188,923,453.70"
"1,277,137,505.58"
"1,321,083,246.31"
"1299500,55.81"
"1404104,42.71"
"1431655,35.48"
"1,166,438,221.92"
"1,294,970,312.07"
"1,087,179,251.27"
"1,488,501,112.27"
"1245834,68.15"
"1415414,41.73"
"1,138,532,239.64"
"1,423,702,272.82"
"1,263,294,258.40"
"1250143,69.72"
"1119650,30.75"
"1278069,46.98"
"1,199,102,210.70"
"1,433,450,508.54"
"1,360,725,650.38"
"1057764,57.04"
"1,402,432,111.52"
"1107519,73.19"
"1,478,678,332.51"
"1,359,424,426.60"
"1,319,711,194.34"
"1,350,440,810.50"
"1,121,390,287.74"
"1,092,107,328.08"
"1207162,63.59"
"1,336,861,165.42"
"1,458,020,116.01"
"1,261,440,783.56"
"1,440,417,764.84"
"13,699,571,311.41"
"1,027,398,289.18"
"1,390,864,229.57"
"1,293,914,357.70"
"12,302,302,695.79"
"1,341,098,447.07"
"11,785,781,213.80"
"1141469,83.41"
"1468396,47.79"
"1254335,90.15"
"1225773,35.95"
"1252882,43.75"
"1100845,24.26"
"1,306,213,117.61"
"1482036,35.74"
"1,200,300,479.88"
"1,374,065,460.55"
"1,271,122,209.11"
"1305187,26.6"
"1090327,31.77"
"1,246,152,160.32"
"1,001,624,149.32"
"1480765,71.35"
"1066825,95.41"
"1015288,78.21"
"1081486,75.72"
"1,371,099,362.28"
"1,487,942,269.69"
"1,013,085,228.88"
"1325274,29.46"
"1055267,31.09"
"1,416,809,134.38"
"1,186,368,279.11"
"1,266,540,490.26"
"1422131,30.5"
"1363863,84.43"
"1495820,24.31"
"1,222,905,288.32"
"1,009,810,303.66"
"1,071,035,215.34"
"1,406,416,728.87"
"1,444,150,625.36"
"1,494,124,386.23"
"1168659,67.73"
"1286139,94.02"
"1231162,39.94"
"1,221,143,211.34"
"1,176,218,343.21"
"1,059,042,598.18"
"1389884,80.37"
"1,049,469,151.78"
"1,242,586,183.28"
"10,159,701,958.43"
"1,064,484,241.18"
"10,381,111,224.26"
"1,285,831,148.26"
"1364225,80.28"
"1129487,68.04"
"1,464,242,136.46"
"1,084,752,200.59"
"1,473,103,179.84"
"1453188,21.48"
"1,261,427,140.54"
"1061284,42.07"
"1,102,764,453.01"
"1,294,005,749.48"
"1,225,617,281.86"
"1307102,35.23"
"1310837,31.65"
"1,467,768,366.71"
"1,365,592,318.77"
"1,455,529,368.83"
"1059264,49.58"
"1187206,41.72"
"1369804,46.24"
"1,020,464,121.25"
"1151202,81.62"
"1,044,974,151.05"
"1,019,963,123.91"
"1286451,89.99"
"1,196,193,255.31"
"1,403,823,297.41"
"1,141,787,219.19"
"1,140,787,198.71"
"1,386,731,200.40"
"1185269,97.38"
"1070733,35.47"
"1358238,92.57"
"1374634,55.42"
"1,231,736,176.91"
"1,484,430,246.86"
"1,132,084,289.54"
"1102829,69.45"
"1074575,72.46"
"1,213,359,125.73"
"10,769,072,817.57"
"1,112,824,162.09"
"11,458,621,204.94"
"1062790,29.67"
"1459860,53.17"
"1487956,21.71"
"1,397,812,117.13"
"1,062,078,267.81"
"1,137,097,492.23"
"1,235,291,234.17"
"1,158,661,353.40"
"1,003,459,340.52"
"1,009,290,364.23"
"1365045,18.87"
"1280225,27.27"
"1088169,22.69"
"1444995,89.38"
"1056805,19.8"
"1300033,42.32"
"1140262,25.02"
"1119152,60.23"
"1,044,920,243.13"
"1,212,779,302.68"
"1,093,377,225.82"
"1,217,360,567.53"
"1003099,98.64"
"1,219,726,198.61"
"1406018,76.51"
"1094927,56.22"
"1,479,236,157.82"
"1,080,862,159.85"
"1,281,752,726.12"
"1,089,147,117.24"
"1,341,774,248.66"
"14,744,312,801.95"
"1,130,649,109.18"
"12,173,711,690.08"
"1137736,98.53"
"1027368,86.73"
"1,172,089,568.66"
"1,398,163,231.29"
"1,260,541,186.47"
"1,038,509,215.92"
"1,003,218,213.61"
"1,345,723,131.83"
"1026349,26.32"
"1446915,20.48"
"1,059,984,290.27"
"1,030,243,359.36"
"1,352,929,175.80"
"1,203,405,669.44"
"1,362,484,270.05"
"1,188,982,232.43"
"1305994,52.89"
"1,267,654,117.05"
"1127538,70.55"
"1,366,788,320.24"
"1,340,261,298.04"
"1,278,100,866.52"
"1002461,77.32"
"1,284,086,141.11"
"1,362,854,114.88"
"12,484,751,793.72"
"1,026,803,214.91"
"10,141,691,516.23"
"1040562,78.34"
"1264727,62.82"
"1047128,57.91"
"1091740,57.89"
"1,018,252,112.39"
"1239853,51.08"
"1246091,43.07"
"1052692,66.87"
"1366131,26.86"
"1,193,051,281.21"
"1,185,489,500.26"
"1,009,193,235.22"
"1457172,41.94"
"1032783,45.75"
"1096378,16.76"
"1083483,98.16"
"1,377,335,225.43"
"1,233,397,222.22"
"1,263,028,124.76"
"1002286,64.05"
"1177408,84.53"
"1,009,321,197.01"
"1,327,372,211.81"
"1,444,981,265.04"
"1447555,37.61"
"1,347,087,166.96"
"1,433,295,227.44"
"1227977,99.12"
"1428803,49.82"
"1069118,75.98"
"1280515,46.56"
"1,275,321,335.36"
"1,320,888,204.95"
"1,211,469,145.61"
"1,043,759,501.37"
"1,274,476,320.91"
"1,015,306,179.93"
"1226202,42.89"
"1269436,82.87"
"1392516,76.14"
"1,175,181,209.05"
"1,394,002,285.03"
"1,100,145,359.25"
"1405173,55.22"
"1,431,128,174.30"
"11,682,902,528.14"
"1,097,457,196.76"
"12,518,131,964.38"
"1,290,508,130.35"
"1,250,530,127.71"
"1065521,76.25"
"1028235,90.0"
"1,120,159,145.19"
"1,201,924,192.90"
"1387218,22.22"
"1385976,94.91"
"1492576,38.83"
"1,457,102,277.71"
"1,225,246,449.18"
"1,137,692,226.42"
"1097664,25.69"
"1423762,20.99"
"1,486,936,321.38"
"1,036,363,288.12"
"1,089,895,329.32"
"1073741,45.04"
"1264314,44.64"
"1330214,44.73"
"1,494,999,122.25"
"1,344,550,152.13"
"1,124,700,201.08"
"1242539,64.91"
"1,084,372,107.35"
"1008109,51.92"
"1,020,796,363.12"
"1,248,932,167.74"
"1,259,305,213.94"
"13,397,991,748.47"
"12,654,961,243.99"
"1,210,302,615.93"
"1345540,65.18"
"1,396,943,226.94"
"1,229,906,104.52"
"1,309,747,879.39"
"1,150,824,754.87"
"11,057,141,180.81"
"1464884,76.95"
"1,050,711,127.25"
"1,126,149,182.69"
"14,068,132,793.98"
"1,276,366,562.48"
"10,658,591,912.33"
"1,047,034,102.12"
"1,322,050,118.37"
"1218824,76.73"
"1125271,74.05"
"1,146,788,156.11"
"1,290,290,175.32"
"1,312,333,182.28"
"1290649,33.1"
"1,445,173,722.61"
"1,162,336,760.76"
"1,428,418,237.50"
"1178671,53.62"
"1165681,43.37"
"1322633,51.91"
"1,022,676,420.83"
"1,182,203,455.72"
"1,477,854,361.19"
"1,078,258,120.10"
"1,459,447,125.11"
"1414710,89.29"
"1,163,586,209.05"
"1,354,271,220.38"
"1,435,587,202.93"
"1235730,61.11"
"1430653,32.55"
"1,356,816,165.00"
"1,249,459,799.04"
"1,383,696,712.13"
"1473273,68.05"
"1,156,239,187.86"
"1080833,97.95"
"1,357,643,287.06"
"1,066,858,400.58"
"1,136,298,265.96"
"1,204,001,149.64"
"1,268,214,122.47"
"1432435,44.94"
"1087869,26.52"
"1,294,285,101.95"
"1447542,52.13"
"1,219,752,166.25"
"1,463,585,290.10"
"1,399,354,199.85"
"1083258,62.42"
"1,348,027,154.55"
"10,732,961,190.16"
"1218259,92.37"
"10,551,661,213.93"
"1048344,34.96"
"1279293,34.52"
"1429858,20.8"
"1377616,26.96"
"1,077,316,114.43"
"1020593,26.78"
"1,374,566,129.51"
"1,174,458,647.42"
"1,292,317,270.47"
"1,109,552,345.43"
"1,020,570,342.90"
"1,131,507,349.90"
"1364412,27.68"
"1095570,22.64"
"1349089,36.61"
"1099027,35.75"
"1483921,83.88"
"1356018,42.01"
"1,425,677,261.61"
"1,234,948,327.30"
"1,228,845,234.35"
"1,312,925,758.28"
"1,409,045,400.99"
"1,407,711,256.01"
"1384843,66.56"
"1,404,814,166.42"
"1152733,82.34"
"1,307,351,550.58"
"1,338,165,465.71"
"1,489,624,913.63"
"1,125,254,144.79"
"1,038,042,109.46"
"1,420,115,179.03"
"13,494,223,287.73"
"1,284,712,249.00"
"12,106,961,805.34"
"1412353,82.7"
"1392645,40.91"
"1384949,95.85"
"1,188,626,440.33"
"1066079,17.89"
"1,162,285,286.05"
"1492538,39.62"
"1,402,415,397.86"
"1,019,929,422.49"
"1,459,986,239.06"
"1451930,21.12"
"1,221,659,374.50"
"1,070,154,382.11"
"1,222,153,216.90"
"1217690,68.34"
"1207164,74.46"
"1,196,535,186.85"
"1,271,370,248.46"
"1,362,696,235.79"
"1115930,49.13"
"1081422,17.84"
"1,178,109,133.61"
"1,381,479,188.74"
"1,262,482,126.10"
"1406669,52.52"
"1066635,58.06"
"1393223,43.4"
"1,203,426,312.56"
"1,422,405,356.95"
"1,491,431,266.58"
"1,499,374,632.30"
"1,388,656,293.55"
"1,367,962,243.32"
"1126025,44.05"
"1,222,999,134.28"
"1,334,149,114.88"
"1,372,970,441.53"
"1,051,921,567.03"
"1,118,718,526.98"
"1019197,37.8"
"1163736,63.74"
"1,490,537,183.16"
"14,210,372,582.90"
"1,369,165,235.12"
"14,798,532,804.62"
"1,347,737,127.46"
"1,224,591,157.39"
"1401547,81.0"
"1,003,132,126.93"
"1,067,886,138.75"
"1021448,26.89"
"1146229,55.58"
"1150462,48.22"
"1,164,569,465.15"
"1,381,797,341.17"
"1,165,069,245.00"
"1314459,42.89"
"1120011,30.29"
"1,252,492,152.75"
"1,497,593,240.51"
"1,256,423,272.49"
"1,498,061,155.29"
"1,468,554,142.46"
"1,394,553,118.68"
"1,038,405,240.95"
"1,092,384,245.35"
"1,214,548,203.18"
"1316602,56.65"
"1149305,39.76"
"1376882,47.57"
"1,402,905,374.55"
"1,265,562,542.77"
"1,471,607,135.16"
"1207514,39.39"
"1233077,99.55"
"1099116,56.42"
"1,312,179,312.68"
"1,335,106,322.84"
"1,473,304,285.30"
"1135009,75.19"
"1317384,81.65"
"1371779,35.36"
"1240938,95.76"
"1,220,537,150.12"
"1,268,409,121.16"
"1090433,78.25"
"1,430,511,152.54"
"1,466,400,232.10"
"12,557,792,005.47"
"1,359,285,165.54"
"1,497,401,286.11"
"1158034,18.1"
"1175348,30.69"
"1398779,85.48"
"1,416,593,117.93"
"1,117,008,543.11"
"1,422,410,577.33"
"1,438,434,291.95"
"1,289,002,288.70"
"1,304,131,316.69"
"1039804,15.55"
"1401112,29.73"
"1076970,58.74"
"1497233,97.65"
"1095800,35.5"
"1,141,220,313.39"
"1,216,862,357.85"
"1,291,354,204.15"
"1,318,829,564.53"
"1,105,567,235.53"
"1,024,334,149.78"
"1082784,86.37"
"1,221,554,132.26"
"1250142,92.09"
"1,484,156,170.55"
"1,370,080,465.80"
"1,401,067,217.12"
"1499403,77.33"
"1,319,124,158.60"
"12,942,052,366.04"
"1,428,427,251.69"
"10,344,941,380.09"
"1,012,741,149.46"
"1222552,75.37"
"1176172,66.12"
"1,180,274,270.72"
"1,006,679,267.74"
"1321317,15.68"
"1,330,192,296.47"
"1345103,94.81"
"1,192,637,440.24"
"1,014,260,616.48"
"1,349,532,178.42"
"1042609,42.38"
"1336011,49.96"
"1336430,39.07"
"1,006,871,180.26"
"1,247,718,210.99"
"1,329,337,212.29"
"1,471,915,102.93"
"1412206,38.71"
"1206173,29.16"
"1,342,026,180.73"
"1,220,665,214.99"
"1,442,420,389.69"
"1005888,79.24"
"1,431,479,137.61"
"1,412,678,102.79"
"1,451,172,307.03"
"1,209,243,354.85"
"1,118,231,202.63"
"1,436,925,979.01"
"1,177,213,892.82"
"1,393,892,304.50"
"1293688,20.1"
"1430451,77.23"
"1257915,52.39"
"1,260,361,184.28"
"1,350,360,350.46"
"1,250,071,290.66"
"1,005,203,158.92"
"1,002,038,163.63"
"1,495,941,194.76"
"11,298,792,906.91"
"1,480,310,316.51"
"14,118,661,517.18"
"1476353,17.61"
"1308065,54.76"
"1036112,62.61"
"1470282,28.93"
"1202024,67.86"
"1,083,569,204.26"
"1,469,153,312.24"
"1449624,53.08"
"1,198,904,125.68"
"1,159,627,180.01"
"1,452,753,174.65"
"1413299,34.57"
"1007084,15.69"
"1231412,38.61"
"1378037,72.2"
"1297445,79.31"
"1438160,78.48"
"1483101,43.36"
"1,480,060,299.60"
"1,016,113,420.56"
"1,162,379,215.73"
"10,912,881,526.28"
"1,372,964,513.48"
"1,066,331,306.02"
"1005212,48.48"
"1,394,276,129.69"
"1293724,98.94"
"1,265,135,721.16"
"1,202,745,731.24"
"1,475,054,516.24"
"1,396,314,104.82"
"1,367,644,148.80"
"1,201,373,228.83"
"11,904,582,449.99"
"1,032,122,352.64"
"10,767,252,980.24"
"1,064,096,111.05"
"1163018,62.03"
"1375223,79.6"
"1301717,48.11"
"1428980,61.73"
"1100342,15.64"
"1,343,359,123.06"
"1,423,280,551.36"
"1,169,225,555.30"
"1,465,986,247.66"
"1270442,39.33"
"1265514,24.99"
"1177336,37.68"
"1,429,672,132.49"
"1,257,683,140.10"
"1,045,236,283.45"
"1,427,198,375.85"
"1,363,750,162.98"
"1,354,562,241.18"
"1,361,686,223.20"
"1,403,738,257.17"
"1223276,21.03"
"1346354,28.85"
"1090120,35.86"
"1,131,741,284.39"
"1,170,391,351.86"
"1,396,714,402.36"
"1476267,47.88"
"1239629,97.45"
"1209622,60.72"
"1,045,618,334.02"
"1,095,815,293.90"
"1,091,233,147.05"
"1,398,418,504.23"
"1,179,336,181.42"
"1358912,76.44"
"1079072,44.71"
"1117169,94.88"
"1368745,76.2"
"1,303,163,140.37"
"1,049,813,300.47"
"1,188,565,210.04"
"1457380,74.68"
"1218111,74.92"
"1102916,45.15"
"10,971,271,726.67"
"1,165,065,231.47"
"11,200,741,487.67"
"1028018,79.09"
"1074971,84.3"
"1257808,66.38"
"1214676,91.41"
"1,433,675,156.18"
"1175443,59.21"
"1,175,194,137.58"
"1099840,28.31"
"1,466,306,177.83"
"1,440,825,445.53"
"1,486,783,449.28"
"1322331,21.78"
"1,036,614,377.98"
"1,069,991,437.02"
"1198552,23.09"
"1033486,20.89"
"1161969,34.16"
"1181346,69.01"
"1019871,46.54"
"1370409,92.32"
"1090001,35.9"
"1395107,48.79"
"1,329,672,258.38"
"1,493,176,288.64"
"1,010,051,154.48"
"1,194,947,391.85"
"1,195,282,373.30"
"1,393,742,157.05"
"1490790,24.51"
"1296401,85.94"
"1143282,46.17"
"1,257,007,365.62"
"1,198,928,252.54"
"1,415,350,302.51"
"1,034,989,289.19"
"1470064,74.01"
"1,485,813,151.83"
"12,165,933,202.36"
"1,090,739,160.90"
"13,317,722,013.12"
"1467724,96.09"
"1319892,45.99"
"1,296,548,149.66"
"1,057,687,107.99"
"1,006,400,110.48"
"1202321,27.21"
"1,232,693,354.19"
"1,088,390,443.32"
"1,047,164,230.05"
"1414441,24.62"
"1464530,20.14"
"1,158,989,340.55"
"1,218,556,344.67"
"1,063,924,354.89"
"1386823,77.74"
"1428090,28.4"
"1,080,853,188.48"
"1296610,79.98"
"1,425,926,132.45"
"1057655,24.94"
"1260202,37.03"
"1211375,36.41"
"1,357,283,227.45"
"1,317,270,362.47"
"1,158,796,217.81"
"1,441,531,927.96"
"1,376,392,912.35"
"1,402,391,234.32"
"1241852,40.88"
"1,105,602,101.54"
"1237714,67.84"
"1,470,264,234.96"
"1,372,047,466.72"
"1,364,017,330.08"
"1,427,606,121.25"
"1149679,80.46"
"1,434,019,143.08"
"14,634,791,869.92"
"1,160,547,103.79"
"1,476,899,964.24"
"1062579,21.22"
"1167403,66.67"
"1000831,46.41"
"1,405,691,100.96"
"1051395,19.31"
"1,110,076,234.25"
"1,221,115,312.77"
"1,146,209,191.18"
"1400354,42.68"
"1,270,581,193.63"
"1,013,331,201.93"
"1,455,897,228.85"
"1053982,62.02"
"1273228,82.3"
"1449458,73.63"
"1,364,328,180.93"
"1058319,44.99"
"1080543,65.26"
"1,185,785,391.49"
"1,241,404,304.27"
"1,444,450,303.51"
"1,248,805,760.87"
"1,287,664,505.16"
"1,425,745,254.26"
"1295803,54.59"
"1,188,988,109.86"
"1218721,58.74"
"1,110,021,318.39"
"1,403,828,347.45"
"1,453,489,282.40"
"1,356,071,118.78"
"1,462,466,170.65"
"1,184,862,210.30"
"12,421,543,151.76"
"1,064,732,120.64"
"13,596,361,626.79"
"1273778,73.4"
"1034465,64.08"
"1047182,42.36"
"1279658,29.77"
"1,068,315,119.12"
"1,002,703,105.71"
"1192767,28.02"
"1,153,423,109.50"
"1,104,076,150.91"
"1,372,175,333.79"
"1,484,666,141.73"
"1074808,30.97"
"1,499,791,179.82"
"1,012,199,207.48"
"1,371,072,209.03"
"1337833,26.45"
"1499597,24.44"
"1152640,28.18"
"1152832,77.55"
"1248367,72.24"
"1,311,195,170.40"
"1003603,27.97"
"1491649,70.25"
"1275758,80.61"
"1,145,855,247.48"
"1,128,983,325.47"
"1,358,834,246.88"
"1,050,090,862.35"
"1,258,870,361.33"
"1,498,242,263.46"
"1265747,50.16"
"1,320,063,104.48"
"1440934,98.17"
"1,375,670,377.77"
"1,468,147,363.90"
"1,335,661,723.54"
"1,203,802,150.85"
"1,287,827,151.26"
"1,151,671,205.03"
"11,986,472,558.45"
"1,321,983,270.53"
"14,161,691,175.37"
"1097142,38.03"
"1475252,25.66"
"1,047,283,398.20"
"1,469,473,470.29"
"1,017,174,242.49"
"1142069,24.25"
"1411642,20.08"
"1,055,911,203.76"
"1,005,047,246.75"
"1215030,74.58"
"1165272,53.39"
"1238585,98.33"
"1,214,927,157.75"
"1,344,687,199.32"
"1,288,267,213.95"
"1013447,28.58"
"1472670,42.47"
"1,079,013,173.49"
"1,238,444,102.23"
"1107036,73.79"
"1478036,72.77"
"1003011,22.0"
"1,165,858,341.97"
"1,142,725,198.74"
"1,438,722,157.22"
"1,348,564,693.21"
"1,082,397,255.25"
"1,170,464,226.10"
"1279071,36.37"
"1454242,97.18"
"1374880,84.96"
"1,160,529,422.51"
"1,282,205,355.68"
"1,282,979,881.34"
"1,445,857,114.10"
"1,300,957,142.62"
"1,145,685,139.07"
"13,133,161,872.15"
"1,107,810,260.77"
"10,271,732,462.21"
"1364840,50.45"
"1,399,020,124.05"
"1192491,51.65"
"1326790,47.0"
"1188764,49.25"
"1406673,94.77"
"1,294,357,245.54"
"1,228,266,226.94"
"1,488,677,231.56"
"1424179,26.49"
"1429867,38.05"
"1,083,778,123.26"
"1412339,81.63"
"1,309,019,240.96"
"1429369,62.65"
"1023764,87.4"
"1,235,639,214.36"
"1,161,715,212.91"
"1,034,811,258.41"
"1297084,20.97"
"1263867,26.97"
"1,207,706,235.92"
"1,495,277,206.31"
"1274689,85.84"
"1473386,40.46"
"1396008,75.34"
"1352957,68.38"
"1,175,539,345.73"
"1,208,032,197.79"
"1139998,99.81"
"1,345,370,635.69"
"1,468,915,326.97"
"1,412,517,203.07"
"1235360,52.75"
"1,115,937,149.66"
"1,414,341,112.77"
"1,150,150,276.87"
"1,222,246,500.97"
"10,625,561,029.72"
"1389391,90.55"
"1,462,187,115.56"
"1,477,781,114.61"
"13,077,212,832.37"
"1,086,764,439.00"
"12,746,081,451.65"
"1385813,90.62"
"1152269,92.56"
"1293693,97.8"
"1079050,41.89"
"1268557,80.38"
"1028423,37.56"
"1354486,98.91"
"1439681,47.32"
"1,100,265,206.22"
"1,288,951,185.25"
"1,050,581,252.02"
"1115528,14.9"
"1,294,502,246.59"
"1337744,89.13"
"1,430,822,156.37"
"1,367,941,104.77"
"1088086,49.52"
"1022421,69.89"
"1,065,633,178.59"
"1,475,975,254.37"
"1,301,966,212.83"
"1179522,25.96"
"1452915,31.6"
"1,337,074,137.94"
"1,411,597,190.69"
"1,485,280,118.78"
"1228135,77.49"
"1123336,87.53"
"1452081,53.89"
"1,434,384,277.00"
"1,377,169,382.77"
"1,417,530,229.31"
"1,468,795,128.02"
"1,425,915,125.24"
"1448266,74.77"
"1103610,44.8"
"1443467,83.52"
"1431006,59.36"
"1,249,754,147.79"
"1,456,297,179.08"
"1,143,869,212.63"
"1,402,368,127.72"
"1,480,810,128.05"
"1,235,695,177.34"
"11,269,183,123.50"
"1204193,75.88"
"13,636,891,244.65"
"1171147,16.3"
"1069813,37.28"
"1,162,341,185.30"
"1,322,932,162.18"
"1,299,021,596.00"
"1,285,582,208.98"
"1,129,549,348.96"
"1,464,589,349.11"
"1,076,755,417.63"
"1032540,28.65"
"1309956,55.61"
"1216773,41.51"
"1310608,56.63"
"1398185,41.75"
"1,406,628,296.64"
"1,109,214,349.00"
"1,359,148,209.62"
"1,299,390,437.87"
"1,204,365,241.80"
"1,089,056,123.09"
"1046942,62.24"
"1095830,99.13"
"1225650,63.88"
"1,294,270,101.40"
"1,078,691,157.96"
"1,136,158,206.83"
"1043837,36.6"
"1163684,91.05"
"1027819,96.77"
"11,918,242,491.43"
"1,308,807,169.65"
"13,287,741,396.15"
"1169581,83.69"
"1,430,856,110.08"
"1,175,333,151.33"
"1,270,294,145.47"
"1321137,28.19"
"1283691,71.0"
"1,370,005,187.48"
"1,262,025,368.19"
"1,259,435,198.16"
"1166622,24.68"
"1383858,16.6"
"1427098,15.77"
"1,285,859,282.36"
"1,440,743,283.55"
"1,062,420,316.87"
"1462136,27.95"
"1009784,22.81"
"1486013,23.09"
"1,399,286,120.89"
"1147901,80.51"
"1,344,150,164.26"
"1070037,49.68"
"1222949,40.82"
"1215011,36.44"
"1,198,959,235.32"
"1,188,527,259.41"
"1,346,714,110.42"
"1,482,630,385.12"
"1,448,107,254.75"
"1205567,32.98"
"1,082,757,119.30"
"1215876,49.42"
"1,225,833,203.58"
"1,044,380,297.03"
"1,205,384,314.56"
"1461502,84.23"
"1,119,781,148.30"
"1,139,984,181.55"
"14,605,562,368.37"
"1,188,459,181.22"
"13,892,661,368.88"
"1108124,56.42"
"1491489,39.47"
"1049062,36.22"
"1075576,82.7"
"1477670,69.67"
"1272908,23.42"
"1,038,889,292.79"
"1028380,38.56"
"1,107,037,304.09"
"1,334,397,574.06"
"1,457,455,233.82"
"1058761,24.72"
"1,130,814,324.17"
"1,044,631,306.66"
"1,344,808,312.96"
"1038504,29.89"
"1329960,39.36"
"1296351,27.83"
"1,019,539,176.00"
"1,387,986,131.45"
"1,476,397,294.94"
"1167804,49.52"
"1,136,777,115.16"
"1035417,42.82"
"1,064,599,214.11"
"1,499,642,330.11"
"1,416,036,190.83"
"1,458,201,853.49"
"1,474,894,634.44"
"1,306,179,119.99"
"1,002,169,100.47"
"1240731,54.35"
"1,308,479,254.47"
"1,430,344,319.01"
"1,427,461,232.48"
"1,180,427,237.24"
"1,084,840,227.14"
"1,339,628,181.10"
"14,836,682,661.93"
"1,200,166,192.26"
"11,864,101,221.08"
"1483138,39.19"
"1028424,63.8"
"1011434,18.88"
"1,476,698,123.67"
"1212467,30.41"
"1,072,033,135.96"
"1,355,242,531.40"
"1,271,881,100.33"
"1002006,30.86"
"1278449,27.25"
"1,353,206,157.75"
"1,459,848,184.47"
"1,164,315,254.75"
"1310332,25.18"
"1259442,42.78"
"1040715,62.99"
"1357297,36.04"
"1215083,54.85"
"1,459,079,357.85"
"1,133,258,245.12"
"1,051,624,236.15"
"1,189,364,298.28"
"1,237,197,267.51"
"1,344,039,226.74"
"1228340,61.95"
"1,418,384,114.55"
"1423901,77.22"
"1,034,918,293.63"
"1,102,692,184.73"
"1,392,759,199.52"
"1,478,254,105.44"
"1,429,232,122.07"
"1,114,780,183.16"
"14,796,582,456.99"
"1,080,730,591.60"
"14,551,824,174.96"
"1282860,59.58"
"1101343,31.56"
"1431812,19.06"
"1196870,48.18"
"1255092,70.21"
"1,459,340,121.36"
"1303994,34.4"
"1,180,844,185.34"
"1,229,053,493.37"
"1,115,522,204.42"
"1416387,25.15"
"1,175,969,368.40"
"1,264,512,290.91"
"1,101,602,411.95"
"1,364,974,133.23"
"1099346,50.49"
"1,405,795,120.99"
"1,496,382,132.56"
"1175684,51.18"
"1,142,788,212.55"
"1,295,041,291.94"
"1,077,288,194.20"
"13,664,211,339.28"
"1,492,620,706.16"
"1,075,788,431.15"
"1382213,66.81"
"1,182,796,138.46"
"1282019,47.35"
"1,122,837,236.39"
"1,273,607,298.81"
"1,110,475,280.06"
"1136800,80.18"
"1,160,516,143.81"
"1,417,174,175.08"
"14,130,772,475.71"
"1,045,457,209.87"
"10,155,143,141.21"
"1,013,966,139.19"
"1429994,57.93"
"1,119,395,101.21"
"1,329,624,123.41"
"1,103,849,172.11"
"1345178,19.63"
"1155905,86.62"
"1294097,23.79"
"1,343,829,231.12"
"1,266,359,870.68"
"1,207,533,195.88"
"1138260,32.42"
"1112094,41.23"
"1,323,908,167.19"
"1,085,482,193.97"
"1,409,991,203.89"
"1492673,71.33"
"1,175,740,207.66"
"1,395,167,432.43"
"1,199,340,252.29"
"1418919,79.0"
"1377719,39.96"
"1,194,437,255.05"
"1,130,416,356.51"
"1,280,840,265.06"
"1,004,386,941.02"
"1,184,922,306.39"
"1,100,507,369.19"
"1252468,39.81"
"1,477,986,101.53"
"1214733,69.17"
"1,339,069,692.23"
"1,496,763,390.43"
"11,042,881,260.02"
"1,448,727,211.55"
"1,109,352,131.61"
"1,064,194,259.49"
"14,424,233,871.57"
"1,312,594,479.70"
"11,580,662,170.53"
"1055289,84.54"
"1289858,49.74"
"1264890,51.25"
"1334387,52.9"
"1240059,35.19"
"1,182,924,119.56"
"1446920,37.81"
"1,421,718,451.17"
"1,154,848,552.78"
"1,498,872,213.41"
"1266223,28.83"
"1,098,357,413.54"
"1,125,038,357.03"
"1,090,346,433.69"
"1284544,78.75"
"1291460,60.5"
"1071892,45.45"
"1,486,367,285.96"
"1,468,541,256.30"
"1,412,731,263.55"
"1128321,28.51"
"1161914,32.8"
"1201367,25.76"
"1,135,041,147.16"
"1,107,151,283.95"
"1,024,822,504.39"
"1231986,41.08"
"1288363,82.12"
"1437468,39.58"
"1,440,190,465.30"
"1,408,826,410.59"
"1,370,307,281.05"
"1,054,840,306.42"
"1,202,900,240.14"
"1,095,838,102.46"
"1367860,49.47"
"1,327,389,103.05"
"1022457,45.91"
"1,149,165,382.99"
"1,233,718,339.93"
"1,247,242,289.94"
"1402904,89.49"
"1142998,95.34"
"1,092,728,133.81"
"10,452,671,966.62"
"1,116,525,166.46"
"1,309,132,304.14"
"1181514,91.93"
"1,378,577,108.94"
"1135287,41.82"
"1175471,85.64"
"1,088,756,248.15"
"1,043,794,213.97"
"1322864,42.59"
"1315562,68.22"
"1448323,62.61"
"1,228,726,194.75"
"1,086,519,366.01"
"1,092,587,180.23"
"1070040,31.45"
"1,414,811,164.43"
"1,066,536,267.07"
"1,042,837,207.52"
"1168535,57.75"
"1100363,30.16"
"1364685,56.08"
"1,089,247,104.14"
"1,002,289,104.14"
"1,472,093,167.43"
"1277054,34.65"
"1,215,476,152.52"
"1228546,23.28"
"1,348,404,223.52"
"1,384,611,172.67"
"1,034,430,233.52"
"1,350,989,583.75"
"1,066,808,713.01"
"1,430,557,240.78"
"1353854,63.71"
"1,097,979,118.52"
"1238938,51.01"
"1,245,351,372.37"
"1,059,707,551.87"
"1,053,781,407.60"
"1,066,626,104.01"
"1134734,91.99"
"1,353,313,170.22"
"14,358,171,964.05"
"1,452,660,274.09"
"10,199,821,750.59"
"1240782,31.77"
"1350135,47.18"
"1451801,61.98"
"1454486,27.01"
"1164094,94.32"
"1,297,617,174.06"
"1,061,133,631.33"
"1,141,705,524.77"
"1424399,21.66"
"1384912,23.85"
"1140677,20.05"
"1,311,021,200.04"
"1,091,445,229.91"
"1,272,773,225.33"
"1297638,33.22"
"1,226,628,124.47"
"1115404,57.87"
"1064371,28.66"
"1166572,83.77"
"1123612,49.53"
"1,359,515,496.20"
"1,164,565,451.72"
"1,224,519,423.42"
"1,158,272,562.29"
"1,268,541,475.45"
"1,145,683,362.00"
"1328451,65.69"
"1,074,082,151.05"
"1003704,90.18"
"1,113,641,350.34"
"1,290,576,334.24"
"1,135,907,391.72"
"1,082,279,208.63"
"1,290,141,208.77"
"1,139,728,126.91"
"14,537,332,943.80"
"1,002,232,251.49"
"12,707,251,656.84"
"1233905,86.28"
"1,230,053,100.57"
"1472644,92.68"
"1454734,23.02"
"1225700,80.03"
"1,110,838,282.68"
"1,061,668,750.87"
"1,063,075,206.03"
"1208304,40.12"
"1,349,760,156.82"
"1,302,694,190.65"
"1,493,476,190.28"
"1362461,38.83"
"1411389,49.06"
"1351136,34.61"
"1,225,400,100.45"
"1377213,90.83"
"1,125,415,165.72"
"1043869,24.85"
"1356946,93.46"
"1217777,62.46"
"1,476,749,303.44"
"1,206,410,429.55"
"1,219,775,195.00"
"1,178,390,892.84"
"1,442,492,275.90"
"1,037,900,258.76"
"1013732,28.97"
"1,421,863,142.11"
"1,429,149,100.02"
"1,282,157,296.97"
"1,211,603,288.21"
"1,083,920,527.62"
"1460475,73.25"
"1362845,86.19"
"1,020,749,190.73"
"11,588,992,420.11"
"1,479,026,264.81"
"12,641,892,259.36"
"1125550,35.34"
"1274650,27.35"
"1095654,31.22"
"1196904,68.21"
"1071193,57.2"
"1408576,24.97"
"1414454,20.77"
"1,388,607,199.36"
"1273431,21.74"
"1,452,892,210.37"
"1,433,782,534.33"
"1,422,861,249.29"
"1,358,884,165.28"
"1,374,456,142.38"
"1,140,646,295.22"
"1465544,45.03"
"1069495,50.05"
"1209537,58.25"
"1,420,346,233.17"
"1,393,333,239.89"
"1,075,794,266.90"
"1087010,37.53"
"1,318,684,151.18"
"1,438,307,114.92"
"1,369,685,384.21"
"1,280,197,176.45"
"1035293,44.23"
"1,159,948,325.59"
"1,314,173,347.81"
"1,040,051,156.15"
"1,106,975,778.01"
"1,159,863,464.94"
"1,233,212,360.40"
"1400709,47.36"
"1,171,028,181.78"
"1,340,130,116.24"
"1,494,618,395.60"
"1,130,731,433.89"
"14,623,641,055.86"
"1009223,74.49"
"1201493,90.5"
"1,410,422,194.37"
"14,190,992,174.90"
"1,216,159,337.94"
"10,946,611,368.12"
"1131852,22.82"
"1240781,45.07"
"1259603,53.95"
"1020079,15.67"
"1289847,98.99"
"1,409,175,582.12"
"1,302,003,661.49"
"1,182,340,274.61"
"1475668,19.52"
"1,195,244,140.52"
"1,320,276,255.85"
"1,433,963,109.01"
"1061545,92.63"
"1123342,66.96"
"1,499,088,192.59"
"1,304,737,245.42"
"1,191,484,263.89"
"1268631,25.02"
"1435213,28.62"
"1358960,21.15"
"1,159,038,116.90"
"1,167,774,121.57"
"1,276,231,126.17"
"1193203,35.6"
"1,086,235,101.49"
"1443957,51.54"
"1,144,315,316.88"
"1,170,143,252.31"
"1,456,750,212.20"
"11,781,061,486.74"
"1,478,799,575.65"
"1,441,691,441.61"
"1072387,80.91"
"1,296,374,170.34"
"1,452,022,112.01"
"1,202,770,501.20"
"1,292,462,719.82"
"12,838,011,353.81"
"1172837,71.69"
"1,061,530,120.71"
"1,132,421,189.44"
"12,078,213,437.61"
"1,425,955,564.60"
"11,777,981,544.63"
"1,206,668,200.95"
"1,083,512,114.49"
"1032899,88.99"
"1,419,409,346.69"
"1,313,011,219.90"
"1,450,249,132.25"
"1332124,17.01"
"1,342,545,222.20"
"1189165,36.39"
"1,298,632,707.71"
"1,483,839,335.88"
"1,194,554,274.84"
"1246235,36.42"
"1394658,67.27"
"1083939,28.27"
"1,389,275,272.86"
"1,040,684,419.07"
"1,214,462,569.80"
"1,230,965,117.75"
"1,379,530,110.43"
"1,212,610,107.19"
"1,304,455,225.84"
"1,412,631,236.90"
"1,317,530,298.55"
"1426262,48.59"
"1239465,49.64"
"1416084,40.98"
"1,279,695,264.65"
"1,441,734,645.09"
"1,103,357,197.43"
"1198182,33.24"
"1025834,93.26"
"1181097,60.2"
"1,161,018,265.50"
"1,309,392,354.36"
"1,455,063,275.22"
"11,586,322,013.92"
"1,091,121,915.74"
"1,088,945,478.31"
"1489209,58.13"
"1,023,300,173.52"
"1,439,667,175.84"
"1,293,881,621.09"
"1,485,195,666.71"
"11,534,541,639.98"
"1069020,89.35"
"1,213,921,137.59"
"1,305,234,209.09"
"12,914,852,667.82"
"1,387,465,466.39"
"12,568,171,837.23"
"1,224,265,120.76"
"1,334,010,127.39"
"1467939,68.44"
"1,180,074,133.32"
"1074049,46.57"
"1,302,893,134.06"
"1394784,28.67"
"1,408,505,112.78"
"1345794,21.3"
"1,051,255,545.77"
"1,142,160,628.51"
"1,107,967,237.96"
"1067301,48.94"
"1492121,50.39"
"1067044,36.81"
"1,481,158,239.33"
"1,195,466,268.61"
"1,256,199,342.28"
"1,122,945,155.78"
"1,028,988,159.01"
"1499206,91.46"
"1,319,595,127.42"
"1,150,029,183.54"
"1,194,693,180.59"
"1111675,42.74"
"1031321,15.91"
"1292810,31.54"
"1,471,715,156.77"
"1,442,310,440.65"
"1,104,258,197.80"
"1494852,83.82"
"1,255,232,127.13"
"1210758,40.5"
"1,154,462,278.15"
"1,301,242,320.53"
"1,230,914,305.09"
"1,379,139,133.06"
"1,042,036,191.43"
"1094777,92.27"
"1018091,25.94"
"1,303,118,125.53"
"1491185,58.38"
"1,295,788,227.78"
"1,259,106,407.57"
"1,238,736,325.83"
"1,458,641,121.45"
"1,311,052,192.68"
"1,169,917,301.51"
"12,870,522,747.75"
"1,395,336,197.34"
"11,906,371,637.86"
"1084617,36.83"
"1458882,44.69"
"1337676,24.62"
"1131529,48.24"
"1492888,38.2"
"1,315,303,163.16"
"1495511,25.19"
"1,033,654,157.00"
"1,241,673,786.11"
"1,171,101,237.84"
"1208622,38.01"
"1312726,23.69"
"1,038,199,301.09"
"1,125,955,303.36"
"1,191,952,324.40"
"1101241,39.26"
"1066302,65.48"
"1360048,38.09"
"1413086,63.68"
"1101295,62.05"
"1244418,86.9"
"1060936,47.38"
"1,210,023,500.03"
"1,415,291,516.43"
"1,475,531,206.38"
"1,301,467,347.38"
"1,385,854,215.80"
"1,363,852,153.63"
"1162850,38.78"
"1,432,549,126.54"
"1189551,58.45"
"1,038,816,245.83"
"1,480,033,226.35"
"1,439,508,219.48"
"1288387,82.01"
"1002856,71.35"
"12,350,622,428.66"
"1,256,663,162.24"
"12,579,532,636.20"
"1372244,31.48"
"1354738,47.84"
"1,082,827,114.53"
"1,060,476,222.84"
"1,212,359,599.18"
"1,445,136,219.41"
"1086420,26.99"
"1416779,19.32"
"1,459,993,342.43"
"1,083,469,358.00"
"1,301,576,405.30"
"1432401,29.41"
"1,425,354,126.81"
"1030592,26.39"
"1,190,493,113.91"
"1025415,39.71"
"1,266,382,107.97"
"1063358,35.29"
"1,460,874,217.88"
"1,389,985,278.21"
"1,282,001,161.68"
"1,281,477,996.93"
"1,192,441,115.70"
"1410275,91.5"
"1234421,25.3"
"1,459,159,139.59"
"1,070,644,125.16"
"1,166,141,166.27"
"1187242,37.73"
"1226046,91.1"
"1,479,494,118.21"
"13,955,522,281.08"
"1,144,343,254.16"
"14,232,172,947.72"
"1343976,84.49"
"1285359,57.85"
"1083044,93.41"
"1,209,421,315.06"
"1,330,416,226.41"
"1353281,41.93"
"1,357,260,164.43"
"1,390,060,193.82"
"1,361,611,203.06"
"1,323,071,219.13"
"1257128,30.61"
"1070053,77.2"
"1453716,72.54"
"1208237,31.4"
"1,087,231,316.14"
"1,198,739,155.06"
"1,146,521,117.23"
"14,687,051,100.76"
"1,057,220,337.93"
"1,279,856,355.42"
"1090792,75.81"
"1,178,960,192.43"
"1117896,99.74"
"1,397,015,411.58"
"1,418,689,488.14"
"1,228,164,287.65"
"1029940,87.21"
"1,328,781,118.18"
"1,065,461,206.21"
"12,438,393,520.71"
"1,471,318,281.31"
"13,638,292,018.24"
"1441756,38.34"
"1228411,45.29"
"1358172,79.93"
"1,200,656,143.29"
"1134918,76.48"
"1,347,464,134.28"
"1,193,522,394.49"
"1,204,196,571.89"
"1,406,890,233.60"
"1030025,40.97"
"1219364,19.43"
"1161599,22.62"
"1,250,988,156.26"
"1,171,474,146.01"
"1,125,554,276.58"
"1298954,80.8"
"1040458,73.84"
"1,460,940,125.14"
"1,357,262,162.39"
"1,156,851,190.80"
"1,114,185,205.83"
"1274272,37.13"
"1247132,35.98"
"1470240,34.46"
"1,099,379,255.73"
"1,197,638,301.02"
"1,007,842,114.40"
"1354636,51.95"
"1,214,395,102.72"
"1267738,46.56"
"1,062,104,340.72"
"1,417,525,353.31"
"1,009,375,309.17"
"1,250,371,719.76"
"1,460,051,319.41"
"1,073,366,190.61"
"1411707,44.58"
"1,018,726,156.43"
"1,466,565,100.13"
"1,093,106,371.43"
"1,482,584,368.96"
"13,499,171,157.04"
"1126206,99.97"
"1062592,44.51"
"1,057,767,115.10"
"13,839,771,644.16"
"1,105,382,180.39"
"14,880,191,519.65"
"1310708,33.4"
"1224959,41.26"
"1198619,31.55"
"1109243,20.1"
"1,286,106,103.00"
"1211354,45.01"
"1,212,519,414.95"
"1,309,748,553.70"
"1,292,773,243.93"
"1085197,22.7"
"1161921,64.86"
"1,285,669,121.45"
"1,094,658,117.84"
"1,076,525,122.68"
"1450450,57.33"
"1,372,636,180.26"
"1,406,546,208.96"
"1,348,460,210.27"
"1,240,846,102.40"
"1,015,804,252.75"
"1248501,90.76"
"1121701,29.64"
"1337720,63.55"
"1,422,209,315.90"
"1,003,447,314.04"
"1061263,92.42"
"11,453,731,526.59"
"11,326,361,023.28"
"1,201,156,307.87"
"1078058,58.3"
"1,151,079,146.49"
"1,189,941,112.26"
"1,475,951,453.69"
"1,184,448,353.49"
"13,919,251,135.96"
"1,476,929,118.10"
"1,231,386,104.43"
"1,404,911,191.51"
"11,147,582,917.39"
"1,144,461,394.45"
"10,664,152,276.14"
"1008743,74.32"
"1189950,72.61"
"1,219,400,160.74"
"1,419,847,146.48"
"1114649,63.25"
"1216349,20.27"
"1244754,56.02"
"1331326,38.19"
"1,120,815,436.13"
"1,462,648,403.38"
"1,126,592,232.16"
"1055426,49.75"
"1384255,25.13"
"1306205,33.47"
"1,019,043,209.53"
"1,408,089,243.24"
"1,146,767,262.58"
"1259805,67.34"
"1497120,70.04"
"1292298,49.76"
"1,405,377,248.24"
"1,426,151,232.92"
"1,116,946,247.08"
"1133414,61.73"
"1062761,29.13"
"1061634,36.95"
"1,305,049,235.74"
"1,116,333,360.88"
"1,191,349,104.13"
"1159771,79.22"
"1251864,52.06"
"1,083,765,376.78"
"1,228,552,284.86"
"1,430,516,125.37"
"1,151,845,195.68"
"1,294,699,181.59"
"1135850,71.38"
"1180421,36.72"
"1,123,301,120.89"
"1300287,77.84"
"1,168,400,152.88"
"1,097,503,223.79"
"1,408,518,209.25"
"1444957,94.62"
"1399997,80.03"
"1,014,758,191.66"
"10,951,223,050.00"
"1,489,921,116.86"
"12,092,561,197.09"
"1016153,33.72"
"1085266,15.41"
"1143854,38.76"
"1312916,53.52"
"1175396,16.63"
"1074206,83.83"
"1248416,38.91"
"1,453,080,182.62"
"1,192,024,647.22"
"1,141,206,264.64"
"1355728,19.86"
"1299237,32.27"
"1,307,772,323.01"
"1,400,665,316.31"
"1,004,645,318.85"
"1210413,27.81"
"1,436,680,117.58"
"1470215,41.56"
"1324163,95.91"
"1339559,23.97"
"1497250,72.52"
"1365093,48.74"
"1,027,940,305.74"
"1,209,765,347.85"
"1,450,040,212.69"
"1,214,298,605.84"
"1,382,875,542.42"
"1,253,739,363.35"
"1193984,36.19"
"1097871,96.54"
"1224457,47.63"
"1,136,765,124.76"
"1,229,203,156.98"
"1,219,292,259.36"
"1146575,69.73"
"1423852,88.35"
"1297702,95.07"
"11,614,373,182.18"
"1,125,330,200.04"
"13,607,472,699.69"
"1,029,594,106.51"
"1020884,91.08"
"1306594,73.08"
"1457994,99.32"
"1043255,90.28"
"1,013,503,158.85"
"1435938,24.1"
"1220416,74.53"
"1,442,117,239.19"
"1,029,656,342.33"
"1,435,147,154.38"
"1472716,24.91"
"1226697,42.14"
"1141281,20.99"
"1,190,516,207.36"
"1,008,247,230.91"
"1,418,093,225.56"
"1075398,37.25"
"1064800,24.75"
"1492791,34.81"
"1,205,053,113.00"
"1,090,692,142.24"
"1,103,070,167.69"
"1365090,22.87"
"1195960,67.44"
"1427004,64.29"
"1,178,338,309.50"
"1,040,396,368.83"
"1,391,592,207.25"
"1,208,134,515.89"
"1,489,281,156.57"
"1,158,712,112.47"
"1313348,49.99"
"1348022,99.5"
"1304904,47.18"
"1,384,166,193.85"
"1,448,485,367.60"
"1,392,836,364.55"
"1,490,612,126.50"
"1281225,87.62"
"1,147,987,216.69"
"13,254,392,706.44"
"1,160,732,301.89"
"13,941,371,452.74"
"1015427,18.71"
"1492109,18.92"
"1104909,20.7"
"1312658,58.76"
"1265919,41.4"
"1168667,14.99"
"1,498,239,267.75"
"1,056,884,101.19"
"1,428,307,382.05"
"1,215,913,184.47"
"1159521,20.57"
"1,059,592,189.29"
"1,373,733,198.56"
"1,308,805,223.44"
"1,238,435,107.67"
"1488981,23.16"
"1157481,37.67"
"1043153,37.22"
"1284746,47.87"
"1467255,32.4"
"1,343,273,331.40"
"1,137,134,473.76"
"1,092,730,320.83"
"14,480,191,363.68"
"1,231,141,390.63"
"1,040,612,401.26"
"1,113,754,170.18"
"1,185,582,443.19"
"1,057,285,281.35"
"1,203,477,924.27"
"1,158,165,946.19"
"14,190,401,445.72"
"1,285,350,206.52"
"1,157,350,163.15"
"1,262,900,188.01"
"10,526,293,246.31"
"1,038,769,882.75"
"12,279,703,610.59"
"1,346,637,337.36"
"1,224,017,303.61"
"1,136,861,186.52"
"1,316,119,313.45"
"1,059,546,221.87"
"1,043,566,105.75"
"1404159,97.36"
"1,498,846,195.37"
"1110118,50.06"
"1,290,480,704.91"
"1,268,614,920.96"
"1,024,354,233.91"
"1234416,79.49"
"1040435,75.77"
"1,240,915,418.75"
"1,084,025,678.25"
"1,499,604,601.71"
"1388767,66.47"
"1,274,715,163.66"
"1461469,59.2"
"1,008,292,383.51"
"1,245,361,203.86"
"1,479,849,549.22"
"1401490,79.27"
"1482761,37.96"
"1309393,43.02"
"1,247,648,464.71"
"1,458,403,868.47"
"1,408,082,733.74"
"1,242,344,175.20"
"1,374,742,292.91"
"1,012,940,182.29"
"1,221,568,684.74"
"1,114,301,681.22"
"1,105,342,442.56"
"1,137,633,579.41"
"1,178,329,158.80"
"1,499,858,194.07"
"1215907,37.29"
"1,211,478,124.28"
"1,033,546,103.66"
"1,464,245,472.48"
"1,058,371,419.74"
"10,266,161,053.54"
"1,247,355,288.20"
"1,114,236,226.34"
"1,289,229,244.60"
"14,516,041,639.72"
"1,379,933,377.68"
"13,726,591,801.93"
"1230021,41.99"
"1256599,46.07"
"1223398,21.78"
"1,285,191,127.58"
"1,155,784,398.46"
"1,498,106,318.62"
"1,308,355,225.18"
"1,417,280,112.84"
"1146888,89.78"
"1,496,161,103.76"
"1,308,362,137.23"
"1,371,858,128.61"
"1,364,559,188.42"
"1,359,349,216.36"
"1,368,289,255.98"
"1240720,15.92"
"1391833,27.18"
"1360908,19.48"
"1023628,81.79"
"1369768,68.46"
"1412995,41.0"
"1223485,71.23"
"1288249,25.59"
"1,006,238,340.06"
"1,059,275,389.88"
"1,147,027,276.33"
"1,004,923,732.94"
"1,242,357,272.83"
"1,466,888,296.93"
"1493859,70.2"
"1,210,459,228.52"
"1,368,817,179.43"
"1,279,294,345.53"
"1,167,231,545.64"
"1,259,128,563.90"
"1358767,83.48"
"1,096,137,209.13"
"1,457,740,177.28"
"12,690,242,186.05"
"1,075,647,513.22"
"13,120,361,358.34"
"1008079,36.51"
"1204384,79.06"
"1,119,932,125.06"
"1000399,26.52"
"1427919,43.28"
"1375237,21.29"
"1,296,679,756.80"
"1,168,909,749.01"
"1,269,115,249.13"
"1338145,33.28"
"1128999,24.21"
"1220606,95.49"
"1241511,76.66"
"1,104,790,170.27"
"1,425,208,109.23"
"1199464,70.44"
"1,050,102,118.53"
"1,336,720,180.68"
"1,213,184,209.09"
"1,076,322,271.40"
"1321832,25.13"
"1,373,978,120.80"
"1,081,549,105.71"
"1240433,86.56"
"1387655,28.5"
"1350726,92.11"
"1496114,52.02"
"1,432,286,335.93"
"1,385,345,353.57"
"1,170,636,352.38"
"12,306,011,480.58"
"1,041,516,381.72"
"1,173,083,515.80"
"1450921,57.6"
"1,496,330,310.84"
"1,255,410,259.88"
"1,170,613,929.14"
"12,473,101,063.70"
"1,177,106,637.44"
"1,326,323,125.22"
"1,394,882,156.83"
"1,182,328,273.71"
"11,746,584,709.23"
"1,293,282,710.93"
"13,866,501,971.99"
"1,309,704,138.02"
"1195327,92.41"
"1473452,42.56"
"1210879,95.79"
"1,185,214,182.44"
"1,066,210,146.02"
"1499625,77.62"
"1,080,267,195.66"
"1330955,69.68"
"1,335,465,818.06"
"1,267,998,894.98"
"1,025,909,251.92"
"1332594,46.66"
"1401858,45.87"
"1028364,30.73"
"1,313,113,457.95"
"10,640,701,016.33"
"1,484,042,891.68"
"1,340,756,155.13"
"1,276,173,165.98"
"1,330,803,106.37"
"1,455,753,241.17"
"1,164,898,243.02"
"1,343,584,265.21"
"1478559,45.43"
"1283300,40.67"
"1,109,985,321.51"
"1,182,370,769.43"
"1,119,237,256.37"
"1061216,71.47"
"1,186,970,164.63"
"1,232,710,151.40"
"1,174,524,314.61"
"1,203,994,360.50"
"1,283,754,431.21"
"1,244,061,631.59"
"1,354,740,591.58"
"1,437,784,337.25"
"1041281,49.85"
"1,472,538,130.72"
"1446011,78.85"
"1,042,253,232.85"
"1,119,080,355.82"
"1,386,957,425.72"
"1331353,76.67"
"1,308,975,132.50"
"1,052,339,204.42"
"14,737,193,618.62"
"1,149,757,431.40"
"13,091,281,353.64"
"1,465,472,149.71"
"1,322,204,106.11"
"1206240,55.06"
"1120227,64.9"
"1,258,298,373.39"
"1,129,006,254.69"
"1020196,25.16"
"1447296,98.71"
"1367769,40.58"
"1,400,232,573.62"
"1,016,753,976.66"
"1,242,885,228.84"
"1168409,37.08"
"1231518,61.49"
"1380987,19.79"
"1,215,932,387.08"
"1,117,884,335.09"
"1,363,817,402.64"
"1152096,40.26"
"1486487,34.23"
"1418848,43.6"
"1,310,755,217.68"
"1,338,515,191.62"
"1,010,982,404.52"
"1219191,48.32"
"1,415,229,112.32"
"1198846,82.54"
"1,149,035,327.96"
"1,143,934,282.85"
"1,418,885,284.76"
"1,186,700,193.63"
"1,412,431,290.71"
"1,265,941,113.14"
"1174252,66.58"
"1,391,318,200.81"
"1,373,444,158.68"
"1,255,746,238.98"
"1,432,440,261.81"
"1,261,892,280.52"
"1,068,928,150.58"
"1,265,780,174.24"
"13,486,122,676.19"
"1,160,642,279.82"
"11,637,201,310.09"
"1305847,42.89"
"1274777,40.92"
"1390345,92.2"
"1080632,17.18"
"1,362,043,107.45"
"1379600,37.98"
"1,178,473,225.19"
"1,441,562,988.37"
"1,045,971,227.27"
"1399293,18.91"
"1,306,525,312.05"
"1,495,101,291.46"
"1,189,930,330.21"
"1320678,55.67"
"1491671,57.23"
"1285364,94.79"
"1288551,93.51"
"1,457,020,940.90"
"10,871,211,064.30"
"1,308,249,274.37"
"1,068,127,868.02"
"1,108,102,891.10"
"1,294,107,159.14"
"1280040,39.24"
"1,435,366,278.21"
"1,498,193,308.62"
"1,483,366,416.24"
"1458620,76.27"
"1316768,81.73"
"1,279,885,326.92"
"13,978,244,230.61"
"1,052,054,222.49"
"10,263,281,213.70"
"1275190,45.82"
"1374425,46.87"
"1439872,16.63"
"1407466,18.84"
"1,488,816,113.07"
"1,370,281,337.26"
"1,413,701,198.35"
"1307828,23.78"
"1,170,147,189.23"
"1,334,448,215.67"
"1,033,182,205.91"
"1065230,26.27"
"1447947,57.39"
"1468251,19.82"
"1183920,55.0"
"1,145,327,435.83"
"1,419,745,377.00"
"1,445,638,261.51"
"1,306,558,385.02"
"1,108,134,385.60"
"1,088,320,121.19"
"1262779,40.48"
"1,381,709,114.69"
"1241273,70.88"
"1,424,447,348.41"
"1,354,383,386.15"
"1,319,128,428.09"
"1,257,115,209.25"
"1395094,73.52"
"1,444,861,183.71"
"13,282,902,864.15"
"1,178,643,259.09"
"13,427,431,080.17"
"1461309,73.6"
"1442360,74.44"
"1006284,54.27"
"1,134,764,171.15"
"1161944,74.15"
"1249279,27.5"
"1156031,98.98"
"1131668,44.24"
"1,434,813,289.95"
"1,068,689,676.46"
"1,318,738,274.40"
"1432334,23.42"
"1,475,359,374.42"
"1,087,593,356.57"
"1,083,819,393.30"
"1341927,47.63"
"1234463,86.13"
"1016464,68.78"
"1,358,838,325.52"
"1477660,18.68"
"1148248,33.81"
"1039288,90.77"
"1,059,110,383.80"
"1,473,909,303.15"
"1,068,714,219.10"
"10,890,891,515.91"
"1,356,974,854.55"
"1,346,234,251.44"
"1315874,26.19"
"1,262,985,114.91"
"1,260,615,111.53"
"1,060,044,534.00"
"1,356,232,595.20"
"13,570,201,380.02"
"1,209,654,126.00"
"1,427,961,106.51"
"1,369,209,207.17"
"12,250,273,590.66"
"1,099,215,203.14"
"14,246,701,200.31"
"1238679,84.76"
"1392104,94.2"
"1,205,977,151.03"
"1,167,315,104.13"
"1,444,210,111.53"
"1016117,28.53"
"1,130,081,138.62"
"1,300,651,529.63"
"1,184,868,547.45"
"1,009,874,237.28"
"1,378,506,266.00"
"1,304,918,245.46"
"1,434,845,253.22"
"1133760,98.46"
"1,096,748,121.05"
"1451740,88.5"
"1,227,978,174.49"
"1,277,125,335.04"
"1,196,150,224.88"
"1334489,22.12"
"1431014,27.02"
"1,023,140,333.36"
"1,489,036,351.68"
"1,022,069,619.59"
"1454833,32.15"
"1062563,54.13"
"1405958,59.25"
"1,059,406,273.86"
"1,469,078,278.34"
"1,292,707,231.96"
"1,398,644,676.05"
"1,203,716,344.88"
"1,442,542,119.62"
"1425213,31.43"
"1,120,872,166.85"
"1005457,75.17"
"1,178,195,447.64"
"1,276,208,540.11"
"10,067,721,159.66"
"1,013,636,162.01"
"1009256,72.9"
"1,439,011,169.08"
"14,400,352,507.74"
"1,498,548,288.23"
"14,168,181,544.91"
"1020169,90.67"
"1159657,45.76"
"1316740,34.47"
"1386951,56.74"
"1180443,37.13"
"1,287,984,120.61"
"1,425,859,528.59"
"1,468,717,469.77"
"1,112,208,247.92"
"1481291,24.87"
"1020410,17.31"
"1,074,040,152.56"
"1,369,208,164.08"
"1180067,49.62"
"1,151,498,217.99"
"1,130,148,186.18"
"1,121,206,172.41"
"1,110,144,212.56"
"1,176,486,217.22"
"1,073,716,267.60"
"1283548,27.45"
"1,338,495,207.27"
"1,059,213,146.27"
"1083637,98.74"
"1055724,36.33"
"1435255,84.17"
"1067586,45.2"
"1,095,952,317.28"
"1,341,028,233.12"
"1,365,830,138.19"
"1,365,959,674.62"
"1,317,198,267.35"
"1,451,163,157.70"
"1239283,28.88"
"1,025,725,146.42"
"1233183,91.49"
"1,315,899,313.52"
"1,347,174,534.51"
"1,497,342,598.84"
"1,126,061,213.37"
"1,105,093,118.34"
"1,259,625,170.75"
"11,305,282,800.97"
"1,495,708,574.14"
"14,589,631,981.46"
"1469496,31.56"
"1176341,27.84"
"1145097,51.77"
"1428215,56.39"
"1041705,92.78"
"1,081,454,328.25"
"1,125,431,704.65"
"1,470,105,249.10"
"1,311,945,141.66"
"1234987,52.12"
"1,420,177,118.63"
"1022645,69.12"
"1,078,051,137.72"
"1,175,825,359.69"
"1,331,054,287.12"
"1,470,658,276.55"
"1297518,29.19"
"1,347,237,100.84"
"1256412,41.93"
"1,032,350,129.97"
"1277516,34.61"
"1342728,30.96"
"1,438,163,325.86"
"1,156,954,365.41"
"1,272,295,434.50"
"1,107,132,318.13"
"1,334,275,299.37"
"1,209,977,201.02"
"1459739,71.53"
"1,291,850,102.42"
"1379698,75.26"
"1,432,632,305.79"
"1,122,526,313.69"
"1,404,288,284.83"
"1400901,86.07"
"1,323,340,109.97"
"1,292,411,197.94"
"14,825,822,785.34"
"1,127,643,192.39"
"12,834,971,845.41"
"1057636,61.87"
"1150235,68.43"
"1474289,50.51"
"1354025,75.88"
"1,253,575,131.35"
"1,299,937,124.79"
"1089000,17.05"
"1,039,852,139.43"
"1267675,31.76"
"1,488,207,197.90"
"1,350,692,527.97"
"1,210,781,282.40"
"1193951,38.25"
"1095002,19.71"
"1,492,945,363.56"
"1,054,104,319.18"
"1,423,493,368.83"
"1002941,51.0"
"1125618,47.05"
"1360006,38.2"
"1,059,761,162.79"
"1,091,221,184.71"
"1,435,805,213.74"
"1245279,59.4"
"1396283,86.74"
"1093919,51.29"
"1,343,778,227.35"
"1,011,146,287.07"
"1,154,102,191.90"
"14,157,301,641.01"
"1,475,935,455.10"
"1,109,571,326.78"
"1319787,51.42"
"1,276,137,218.24"
"1,001,227,287.62"
"1,195,293,729.68"
"1,398,730,607.30"
"14,554,841,271.47"
"1,388,600,101.60"
"1,077,390,134.69"
"1,403,233,261.43"
"10,158,804,260.89"
"1,241,151,416.15"
"11,726,132,089.15"
"1,084,812,113.44"
"1277060,73.7"
"1436368,49.08"
"1090497,70.96"
"1,280,108,267.77"
"1311137,83.21"
"1494207,19.25"
"1,412,828,128.95"
"1,055,572,657.30"
"1,059,092,766.58"
"1,277,198,581.54"
"1087687,41.81"
"1069820,24.42"
"1036895,31.75"
"1296744,80.01"
"1,142,898,126.14"
"1,398,759,260.33"
"1080640,90.95"
"1,260,746,121.43"
"1171633,48.18"
"1,230,287,245.28"
"1,499,428,194.82"
"1,301,567,204.51"
"1463347,37.98"
"1428200,25.86"
"1,291,907,327.16"
"1,147,260,667.70"
"1,454,907,126.23"
"1217383,43.17"
"1,011,928,121.02"
"1379372,59.44"
"1,338,047,317.37"
"1,469,818,346.12"
"1,168,040,259.15"
"10,093,861,499.01"
"1,168,372,563.26"
"1,324,150,193.61"
"1059445,51.49"
"1,099,952,119.12"
"1250220,68.36"
"1,188,755,374.39"
"1,446,882,404.47"
"1,144,740,452.06"
"1464033,82.01"
"1388757,84.1"
"1,323,659,216.79"
"14,781,111,895.49"
"1,348,933,257.34"
"14,497,561,311.78"
"1230883,36.92"
"1,167,420,187.05"
"1,405,883,136.28"
"1,175,845,107.65"
"1117513,36.74"
"1,024,283,341.07"
"1,492,218,364.59"
"1,027,316,257.18"
"1471485,53.9"
"1024988,39.6"
"1260453,27.08"
"1,489,141,190.24"
"1,454,232,198.58"
"1,011,226,222.24"
"1175256,52.86"
"1243108,31.98"
"1093088,98.31"
"1,217,703,104.22"
"1,282,607,145.20"
"1370140,53.29"
"1219713,78.34"
"1249198,26.64"
"1,073,611,323.91"
"1,211,587,337.23"
"1,068,406,246.48"
"1,342,607,386.36"
"1,261,077,348.46"
"1484727,18.65"
"1,352,470,150.33"
"1,088,236,107.29"
"1,215,183,208.02"
"1,396,786,287.11"
"1,094,702,668.78"
"1089745,90.25"
"1,156,482,138.11"
"1,103,642,172.82"
"1,342,267,211.44"
"1,025,372,428.96"
"1,022,495,297.58"
"1493813,19.92"
"1301621,26.49"
"1075950,20.93"
"1,136,679,199.28"
"14,301,252,154.68"
"10,166,761,737.40"
"1,208,909,168.99"
"1,389,983,109.20"
"1,337,158,255.57"
"1,221,233,107.60"
"1035195,91.76"
"1,037,113,140.58"
"1132160,51.71"
"1,053,053,175.29"
"1413177,25.73"
"1126045,89.05"
"1133753,34.97"
"1077837,28.69"
"1022717,23.57"
"1,309,964,337.03"
"1,019,057,363.05"
"1,131,145,141.94"
"14,864,771,405.88"
"1,072,415,415.93"
"1,119,869,367.72"
"1,219,047,103.29"
"1,477,396,751.18"
"1,436,609,885.82"
"1,069,354,344.34"
"1,314,692,181.26"
"1,304,622,127.62"
"1,078,876,192.10"
"13,436,311,180.54"
"1,066,795,521.18"
"11,611,881,056.90"
"1,149,120,118.33"
"1,221,328,123.65"
"1,480,464,155.60"
"1,161,892,137.33"
"1149568,97.99"
"1300878,37.36"
"1,300,870,102.57"
"1258889,70.57"
"1,454,269,680.55"
"14,383,191,347.19"
"13,739,983,342.47"
"1012823,47.54"
"1156189,53.39"
"1,140,498,173.88"
"1,091,479,249.81"
"1,353,419,322.53"
"1,457,486,151.19"
"1,144,262,244.76"
"1,052,105,106.01"
"1,415,004,121.85"
"1,453,040,212.05"
"1,239,627,340.12"
"1381963,36.46"
"1467104,43.21"
"1105735,40.53"
"1,382,389,234.08"
"1,164,582,630.43"
"1,231,645,180.87"
"1,046,978,292.28"
"1,462,588,139.04"
"1,124,263,345.44"
"1,099,251,401.03"
"1,162,730,125.98"
"12,748,361,561.84"
"1,410,039,384.65"
"1,269,164,409.11"
"1,028,730,304.25"
"1,495,888,202.68"
"1,069,033,210.35"
"1,006,557,877.86"
"1,112,006,744.70"
"11,676,791,590.51"
"1328737,67.61"
"1,405,194,136.14"
"1,452,164,229.05"
"1,116,595,766.21"
"1,064,513,573.35"
"14,909,721,024.95"
"1217205,70.83"
"1465304,94.31"
"1,443,319,190.00"
"1485382,95.84"
"1321418,55.29"
"1380035,70.23"
"1373073,22.37"
"1,347,043,533.05"
"11,470,883,846.62"
"14,717,173,909.88"
"1329642,49.73"
"1,248,124,338.03"
"1,220,181,539.91"
"1,171,914,507.03"
"1,200,910,122.97"
"1,371,309,153.98"
"1223144,80.38"
"1,400,065,140.10"
"1,483,448,180.44"
"1,357,587,374.89"
"1172707,54.95"
"1292242,34.97"
"1306117,33.31"
"1,193,498,718.34"
"1,352,621,588.94"
"1,482,712,477.71"
"1347302,60.87"
"1,186,701,119.52"
"1288728,35.01"
"1,486,530,434.37"
"1,459,193,349.06"
"1,393,759,391.27"
"1,282,203,772.60"
"1,179,891,494.22"
"1,326,973,222.74"
"1435221,59.38"
"1,433,727,140.13"
"1139483,63.16"
"1,284,565,191.39"
"1,439,856,465.99"
"1,046,211,275.36"
"1,053,778,269.78"
"1,414,578,172.79"
"1,254,839,140.92"
"1,483,761,421.10"
"1,497,315,252.95"
"1,233,431,481.62"
"1393399,64.19"
"1242043,60.94"
"1424831,29.75"
"1,134,215,135.84"
"1,091,267,148.80"
"1207133,30.52"
"1440267,41.66"
"1,073,033,307.89"
"13,360,541,801.62"
"10,544,892,312.88"
"1111308,35.62"
"1247191,25.66"
"1,388,259,130.24"
"1,064,410,180.83"
"1,265,180,216.09"
"1139023,46.54"
"1146782,49.09"
"1222928,47.37"
"1,168,385,166.60"
"1012312,97.37"
"1,021,280,229.49"
"1042565,83.32"
"1244605,58.93"
"1,189,058,359.21"
"1,274,015,381.05"
"1,352,677,247.26"
"1,383,644,337.96"
"1,305,973,334.80"
"1,101,500,115.45"
"1475789,42.69"
"1,282,883,105.70"
"1191532,90.62"
"1,281,302,256.28"
"1,443,615,316.15"
"1,332,108,304.19"
"1222883,68.87"
"1123521,73.14"
"1,373,500,238.73"
"1,093,306,392.33"
"1,452,342,274.20"
"1,077,994,351.06"
"1069917,96.15"
"1167780,64.04"
"1266148,61.37"
"1046582,47.66"
"1,419,491,125.41"
"1209198,95.37"
"1321469,51.9"
"1322590,34.26"
"1461727,27.55"
"1,321,297,307.02"
"13,088,361,088.08"
"12,787,441,336.38"
"1453972,26.57"
"1284961,16.35"
"1,483,945,141.16"
"1,426,428,185.75"
"1,280,345,276.71"
"1158328,37.72"
"1084749,51.5"
"1041291,27.24"
"1371085,56.95"
"1160800,78.98"
"1,106,091,167.55"
"1189443,38.66"
"1,327,465,125.67"
"1123207,55.09"
"1,395,535,486.55"
"1,350,862,397.18"
"1,470,638,193.83"
"12,237,572,255.33"
"10,433,642,053.25"
"1,246,275,494.17"
"1278666,85.32"
"1,333,706,441.20"
"1,420,309,277.64"
"1,400,253,898.82"
"10,614,741,094.23"
"12,838,303,125.50"
"1,057,534,149.30"
"1,261,642,122.67"
"1,374,187,204.00"
"13,734,631,965.23"
"1,209,612,978.51"
"12,822,711,825.42"
"1,049,965,257.89"
"1,371,511,269.42"
"1,389,659,133.14"
"1,222,803,248.17"
"1,061,931,422.05"
"1,367,532,117.35"
"1370845,88.27"
"1,459,356,170.76"
"1117354,29.22"
"12,327,261,065.92"
"10,935,563,299.05"
"12,291,281,983.39"
"1155992,94.21"
"1,467,469,107.48"
"1357985,85.28"
"1,381,446,375.47"
"1,000,649,676.71"
"1,285,242,697.78"
"1,322,481,198.79"
"1,237,322,209.79"
"1,255,347,193.29"
"1,350,477,212.34"
"1,276,985,231.50"
"1,446,621,696.42"
"1035515,80.6"
"1,194,463,182.52"
"1,310,908,171.01"
"1,318,247,949.64"
"12,197,331,026.07"
"1,173,723,836.54"
"1,370,097,105.19"
"1,257,959,266.02"
"1,165,749,130.64"
"1,027,375,443.56"
"1,019,661,448.62"
"1,162,772,398.16"
"1,261,333,793.49"
"1,201,647,349.78"
"1,094,506,211.14"
"1169782,32.74"
"1303129,85.15"
"1,469,136,111.60"
"1,207,782,447.47"
"1,192,653,483.54"
"1,129,462,758.09"
"1,475,116,143.41"
"1,134,125,139.14"
"1,495,295,230.59"
"1,205,276,348.30"
"1,398,775,247.58"
"1,160,729,445.11"
"1169282,37.71"
"1035696,39.66"
"1067289,65.97"
"1368955,24.19"
"1003827,55.26"
"1,230,515,381.68"
"12,155,581,955.47"
"12,733,282,538.02"
"1414039,22.62"
"1,004,285,153.24"
"1,110,335,402.92"
"1,333,022,362.91"
"1153239,24.06"
"1239978,40.46"
"1,340,182,110.29"
"1,441,846,146.74"
"1,132,759,286.15"
"1394160,46.87"
"1141716,32.46"
"1038502,27.57"
"1,449,649,155.25"
"1,023,345,181.96"
"1441461,96.36"
"1324469,59.39"
"1177896,78.96"
"1419391,48.05"
"1,479,481,319.97"
"1,229,915,418.75"
"1,247,241,170.78"
"11,841,741,518.37"
"1,055,582,665.98"
"1,102,254,478.42"
"1456846,86.04"
"1,272,350,298.21"
"1,254,708,257.63"
"1,039,677,994.17"
"1,432,316,991.86"
"14,362,131,697.98"
"1,038,757,111.65"
"1,207,627,106.02"
"1,199,733,238.61"
"1,341,807,968.71"
"1,216,417,739.85"
"11,959,361,292.95"
"1,287,436,116.64"
"1,146,127,152.51"
"1257501,70.94"
"1,059,717,111.56"
"1,259,733,148.39"
"1,197,506,115.65"
"1319999,34.47"
"1,045,566,111.76"
"1060380,89.48"
"1,108,374,615.26"
"13,159,272,407.46"
"12,335,832,216.48"
"1085653,54.51"
"1196939,59.6"
"1,313,776,565.76"
"1,351,261,641.31"
"1,405,637,458.49"
"1,349,583,115.88"
"1,336,749,127.85"
"1,209,534,129.55"
"1,164,141,147.68"
"1,404,749,288.61"
"1,458,693,396.45"
"1474327,39.05"
"1282683,26.4"
"1318948,43.17"
"1,480,355,283.28"
"1,056,960,646.97"
"1,487,161,144.21"
"1,008,500,132.14"
"1,092,639,100.77"
"1,198,939,322.35"
"1,118,334,390.20"
"1,337,311,457.59"
"1,455,829,322.57"
"1,300,798,207.57"
"1,263,568,116.23"
"1085320,44.05"
"1467015,92.77"
"1294141,92.09"
"1,321,470,170.91"
"1,398,009,232.19"
"1,471,069,196.18"
"1021287,37.92"
"1104489,67.31"
"1,167,180,130.92"
"1,426,580,327.06"
"1,306,893,199.24"
"1,381,677,390.87"
"1123959,81.91"
"1008521,61.6"
"1472495,36.7"
"1401879,47.12"
"1406179,91.69"
"1326168,77.11"
"1443780,24.71"
"1007138,30.85"
"1476634,30.55"
"1,496,541,398.57"
"1,279,245,887.10"
"12,774,541,735.98"
"1130968,15.93"
"1223081,22.6"
"1,127,406,124.35"
"1,012,486,185.48"
"1,079,096,191.01"
"1181824,31.21"
"1351500,41.44"
"1386107,27.06"
"1,184,696,117.21"
"1180413,42.03"
"1192293,52.27"
"1445951,39.22"
"1327384,66.49"
"1174841,53.13"
"1,305,132,298.72"
"1,285,880,291.84"
"1,273,993,222.01"
"1,239,027,245.30"
"1,113,550,257.22"
"1084108,44.8"
"1404629,19.74"
"1434155,74.16"
"1348839,93.5"
"1,477,313,188.92"
"1,089,017,286.79"
"1,124,052,295.29"
"1,452,469,138.38"
"1063625,84.01"
"1,208,483,188.04"
"1,395,756,186.35"
"1,487,950,181.39"
"1,263,410,267.50"
"1472554,46.93"
"1,157,790,101.39"
"1380842,43.38"
"1396237,41.35"
"1408066,34.12"
"1,029,886,152.07"
"13,602,861,003.82"
"1,055,063,893.79"
"1093786,98.74"
"1,111,575,117.32"
"1,195,946,190.52"
"1261731,26.97"
"1341838,26.47"
"1299687,45.36"
"1032225,53.46"
"1330234,89.62"
"1412550,33.33"
"1100095,80.04"
"1461775,57.64"
"1,449,523,238.19"
"1,362,777,323.83"
"1,390,732,166.52"
"1,214,244,374.41"
"1,421,486,292.20"
"1,035,903,207.21"
"1151461,73.39"
"1,344,236,126.22"
"1,379,760,102.66"
"1,438,925,237.01"
"1,100,432,394.72"
"1,481,693,349.29"
"1361864,76.63"
"1096667,41.74"
"1,066,661,770.17"
"1,251,281,275.38"
"1,090,506,837.87"
"1,046,443,120.86"
"1,177,634,103.55"
"1331426,81.07"
"1,488,697,199.52"
"1,082,947,307.08"
"1,493,527,269.44"
"1064804,67.86"
"1064331,72.31"
"1321403,41.03"
"1,443,671,575.51"
"1,126,491,975.53"
"13,731,301,408.68"
"1344470,75.07"
"1398619,31.57"
"1278926,65.34"
"1,438,934,145.29"
"1,322,492,153.03"
"1,085,442,195.48"
"1180036,42.34"
"1379305,31.24"
"1338236,44.37"
"1,052,419,153.23"
"1,244,347,300.85"
"1,024,324,329.43"
"1064488,79.12"
"1,151,739,185.87"
"1,373,391,127.00"
"1,156,082,364.70"
"1,326,829,366.89"
"1,394,265,173.99"
"1,231,613,122.32"
"1,088,866,137.89"
"1,024,895,129.20"
"1085905,35.16"
"1491788,97.87"
"1049512,60.76"
"1,064,086,187.30"
"1,227,862,316.94"
"1,365,491,751.18"
"1,057,633,139.96"
"1491066,89.94"
"1,139,202,224.82"
"1,407,912,259.44"
"1,079,856,193.23"
"1,294,843,144.78"
"1251241,20.31"
"1191230,23.51"
"1085656,33.48"
"1154657,27.38"
"1,497,882,134.59"
"14,461,651,983.59"
"10,549,922,132.03"
"1331832,69.55"
"1,450,338,119.50"
"1,080,033,122.55"
"1310930,42.83"
"1136132,27.47"
"1343671,27.27"
"1307543,49.32"
"1227735,30.86"
"1424143,48.13"
"1218876,40.07"
"1,222,607,324.51"
"1,211,353,451.31"
"1,492,236,252.72"
"1,185,456,454.82"
"1,023,270,223.78"
"1,159,056,242.37"
"1448047,42.55"
"1,296,849,106.48"
"1390803,84.28"
"1,345,192,228.40"
"1,215,503,320.03"
"1,171,401,308.15"
"1379516,99.07"
"1209535,74.97"
"1373619,91.35"
"1,109,484,159.00"
"1,056,058,158.98"
"1,487,646,167.01"
"1135766,46.06"
"1144864,26.36"
"1414348,28.64"
"1269124,37.74"
"1,420,162,123.87"
"14,652,262,308.10"
"13,599,712,332.28"
"1146029,19.5"
"1305073,99.58"
"1,483,464,150.55"
"1,324,878,205.15"
"1438038,62.67"
"1424409,79.63"
"1283746,42.12"
"1,196,861,252.08"
"1,180,673,433.94"
"1,473,086,195.22"
"1,435,295,807.75"
"1,395,825,349.41"
"1,481,749,354.54"
"1376522,43.9"
"1,457,798,129.65"
"1083867,86.92"
"1,492,206,350.79"
"1,285,535,631.55"
"1,356,813,875.89"
"1,058,774,144.56"
"1,250,372,108.32"
"1,448,108,191.92"
"1,340,381,328.61"
"1,267,263,528.03"
"1,164,863,652.57"
"1195303,85.58"
"1241383,48.58"
"1493205,56.64"
"1283930,32.99"
"1237454,26.63"
"1003574,45.29"
"1305920,51.37"
"1,272,692,373.34"
"13,229,532,973.03"
"11,678,592,621.74"
"1150337,25.5"
"1345390,24.67"
"1,333,504,157.05"
"1,289,569,241.94"
"1,076,655,180.79"
"1,309,929,129.61"
"1276527,92.27"
"1,441,997,108.18"
"1314991,51.45"
"1,085,344,181.08"
"1,219,907,243.07"
"1329344,27.32"
"1226086,41.25"
"1389451,50.46"
"1,362,664,159.37"
"1,334,332,222.78"
"1,249,789,135.56"
"1363690,69.19"
"1201392,24.88"
"1,055,317,322.43"
"1,444,516,164.23"
"1,256,809,339.83"
"1,355,558,747.74"
"1,306,725,434.19"
"1,319,511,255.34"
"1490438,34.12"
"1,326,348,168.93"
"1108059,99.46"
"1,316,409,450.64"
"1,192,944,369.79"
"1,056,537,928.44"
"1,174,467,133.37"
"1,451,444,264.33"
"1,069,438,148.09"
"1,077,818,428.89"
"1,155,889,335.73"
"1,491,947,439.35"
"1176683,37.13"
"1372827,34.81"
"1416822,25.11"
"1022522,17.66"
"1,046,072,373.01"
"12,482,122,310.09"
"11,000,892,933.43"
"1216807,21.25"
"1,365,133,132.26"
"1228444,79.48"
"1343164,86.75"
"1419443,67.42"
"1245334,16.35"
"1305088,47.61"
"1,428,523,104.80"
"1,237,972,176.47"
"1,278,761,317.17"
"1380157,32.79"
"1268287,26.12"
"1040530,92.4"
"1322237,73.1"
"1236493,41.58"
"1164196,72.94"
"1406779,41.71"
"1,473,572,273.34"
"1,256,216,382.50"
"1,205,185,422.71"
"1,337,172,717.30"
"1,124,970,242.48"
"1429561,83.44"
"1413088,43.74"
"1,142,767,104.57"
"1,475,274,118.76"
"1,273,306,171.33"
"1,295,754,213.32"
"1,140,038,233.86"
"1035694,94.0"
"1343939,53.02"
"1,091,560,142.78"
"1,348,391,430.72"
"1,050,411,220.17"
"1,272,163,545.42"
"1,150,293,110.37"
"1397480,91.19"
"1335268,61.95"
"1459186,71.91"
"1,427,939,113.30"
"1,289,986,194.29"
"1171733,71.21"
"1035271,50.86"
"1,330,418,264.21"
"13,452,681,605.37"
"10,695,341,394.53"
"1180814,17.54"
"1066390,91.71"
"1,246,782,123.99"
"1,144,598,197.67"
"1054276,43.9"
"1308702,17.0"
"1048165,44.6"
"1026148,84.48"
"1356887,88.22"
"1,261,360,172.98"
"1370470,46.24"
"1158108,81.88"
"1310318,74.55"
"1,169,123,278.94"
"1,284,825,341.05"
"1,419,475,121.91"
"1,015,073,736.32"
"1,050,460,611.81"
"1,062,552,174.97"
"1442880,39.31"
"1,056,463,111.34"
"1092421,69.24"
"1,466,619,277.61"
"1,499,218,421.50"
"1,147,287,228.88"
"1405738,79.18"
"1105094,77.18"
"1,337,968,179.43"
"1,336,903,535.92"
"1,422,895,258.75"
"1,068,952,626.68"
"1,194,176,104.54"
"1141516,96.45"
"1391466,98.14"
"1,444,240,129.43"
"1,239,251,209.26"
"1377021,30.41"
"1089133,36.33"
"1051830,35.62"
"1,339,466,382.50"
"11,115,061,751.40"
"12,622,022,678.46"
"1317479,22.2"
"1052719,37.83"
"1460815,36.1"
"1,095,113,152.69"
"1,228,618,226.11"
"1,359,067,241.69"
"1352307,72.26"
"1069542,64.52"
"1121542,28.89"
"1,401,794,129.57"
"1,290,682,137.99"
"1,118,619,154.41"
"1348069,26.72"
"1216157,59.82"
"1,133,636,276.32"
"1,124,519,311.73"
"1,422,970,276.57"
"1,000,635,175.89"
"1,247,236,167.01"
"1287972,91.24"
"1476296,51.4"
"1,101,674,117.72"
"1051165,63.27"
"1,035,309,140.77"
"1,385,803,274.82"
"1,160,566,311.97"
"1,442,299,127.11"
"1457734,79.36"
"1,214,290,101.97"
"1,189,975,256.25"
"1353513,83.68"
"1,444,680,258.26"
"1190587,28.97"
"1320270,35.5"
"1196912,81.7"
"1254873,73.78"
"1438716,40.65"
"1226412,21.22"
"1,238,349,187.64"
"11,799,881,581.41"
"13,291,872,359.60"
"1266107,23.42"
"1276154,19.96"
"1,470,294,149.27"
"1,317,808,102.28"
"1,479,793,228.36"
"1,108,815,106.56"
"1,230,866,134.72"
"1,242,958,213.62"
"1,017,675,282.86"
"1,157,912,139.94"
"14,608,381,496.76"
"1,145,349,554.36"
"1,447,886,671.42"
"1140546,41.47"
"1,065,479,195.03"
"1,332,949,110.27"
"1,328,800,515.51"
"1,349,906,489.13"
"13,019,401,190.29"
"1,480,277,101.33"
"1060615,70.26"
"1,383,879,195.78"
"1,457,640,741.70"
"1,386,787,461.76"
"1,112,156,780.58"
"1,106,028,120.49"
"1,381,878,144.01"
"1,352,878,190.12"
"1,273,271,185.44"
"1,414,764,146.21"
"1416932,33.22"
"1324346,61.29"
"1317691,54.43"
"1,420,775,453.70"
"11,565,221,961.24"
"11,733,182,582.30"
"1483231,62.84"
"1216877,65.2"
"1,427,174,222.87"
"1,273,324,257.24"
"1393208,85.69"
"1,132,673,109.04"
"1195290,71.64"
"1225162,38.75"
"1,217,013,105.86"
"1,067,336,179.21"
"1,318,084,297.48"
"1409495,25.59"
"1162475,38.25"
"1,263,657,223.27"
"1,273,195,508.54"
"1,070,791,669.66"
"1108277,56.54"
"1,330,573,109.92"
"1286582,68.02"
"1,251,025,492.58"
"1,188,609,320.56"
"1,457,607,179.21"
"1,308,326,591.18"
"1,237,926,301.54"
"1,246,248,309.06"
"1,368,739,154.85"
"1,161,565,151.78"
"1130233,87.82"
"1,130,092,774.45"
"1,437,101,698.83"
"10,871,681,061.40"
"1,282,035,190.71"
"1,348,562,239.26"
"1,030,911,352.62"
"1,453,288,542.02"
"1,457,395,452.38"
"1,100,120,740.57"
"1038934,89.67"
"1278331,47.79"
"1277416,91.5"
"1487581,31.92"
"1369127,39.22"
"1129615,27.46"
"1402790,45.08"
"1405609,34.11"
"1,268,189,482.99"
"14,654,841,706.21"
"11,284,062,503.27"
"1428535,24.56"
"1,172,447,106.83"
"1468167,71.34"
"1183307,60.75"
"1,445,758,147.08"
"1077552,60.54"
"1363674,64.66"
"1,329,499,169.02"
"1,095,222,188.64"
"1,200,472,255.48"
"1183298,23.64"
"1,460,059,131.10"
"1,335,600,268.92"
"1,448,665,101.31"
"1208445,85.87"
"1224577,27.81"
"1,130,480,288.32"
"1,207,212,298.03"
"1,008,040,215.67"
"1,203,123,682.95"
"1,184,976,567.59"
"1,283,670,419.37"
"1467272,28.35"
"1,456,597,110.46"
"1069357,51.68"
"1,391,855,280.06"
"1,044,843,305.05"
"1,333,252,518.34"
"1,011,812,103.12"
"1,177,757,125.19"
"1,417,742,150.28"
"1,133,607,460.95"
"1,316,610,239.15"
"1,423,052,573.23"
"1,157,343,139.17"
"1492483,99.3"
"1183500,59.55"
"1,048,256,136.51"
"1,274,093,200.59"
"1,072,711,194.96"
"1039477,45.7"
"1126466,86.73"
"1009353,42.07"
"1,249,006,455.45"
"1,307,672,955.33"
"11,339,511,228.60"
"1033661,35.23"
"1323552,25.75"
"1,497,257,148.23"
"1,309,184,163.38"
"1,491,854,405.86"
"1056575,80.8"
"1028786,43.79"
"1,370,973,125.17"
"1092291,92.92"
"1,196,047,181.01"
"1178951,50.54"
"1064759,74.48"
"1209288,84.06"
"1,407,837,272.83"
"1,311,885,277.89"
"1,085,213,223.18"
"1,116,819,262.57"
"1,030,695,227.05"
"1,247,893,122.06"
"1299413,27.04"
"1083003,94.46"
"1415718,90.06"
"1,147,571,163.36"
"1,271,581,263.27"
"1,134,359,226.02"
"1427631,52.45"
"1486099,55.74"
"1,107,278,167.84"
"1,308,113,299.86"
"1,484,768,195.40"
"1,189,322,254.09"
"1412337,35.18"
"1430159,47.67"
"1324630,41.47"
"1,075,144,236.40"
"1,262,296,938.53"
"11,535,811,475.55"
"1,295,298,124.18"
"1,366,195,192.36"
"1,320,991,237.66"
"1331309,21.45"
"1,123,405,105.62"
"1008514,20.39"
"1463743,48.08"
"1142480,43.37"
"1282614,58.44"
"1060117,29.1"
"1,398,093,243.13"
"1,213,187,328.81"
"1,119,745,403.42"
"1,271,801,335.29"
"1,002,495,168.84"
"1,035,550,101.46"
"1,277,410,100.90"
"1,103,994,157.82"
"1,201,850,161.05"
"1,093,297,247.92"
"1,032,271,138.44"
"1,339,391,221.15"
"1,323,284,225.22"
"1,492,037,100.21"
"1,236,727,115.52"
"1423315,20.76"
"1409411,26.68"
"1464178,34.21"
"1039474,22.27"
"1235410,85.28"
"14,033,092,320.98"
"11,888,111,714.54"
"1310040,68.84"
"1,488,536,148.40"
"1,407,977,234.84"
"1,481,969,250.43"
"1397433,29.85"
"1356379,32.16"
"1057370,26.32"
"1114825,51.33"
"1119724,18.88"
"1,094,135,326.85"
"1,220,817,353.28"
"1,380,785,173.06"
"1,040,370,839.21"
"1,097,531,324.72"
"1,407,599,243.02"
"1348778,51.76"
"1,216,595,109.06"
"1084154,73.69"
"1,338,435,334.81"
"1,453,426,335.47"
"1,448,482,716.18"
"1,125,670,102.51"
"1293530,39.57"
"1,498,099,215.47"
"1,393,876,467.18"
"1,190,415,189.26"
"1,127,003,478.78"
"1160472,81.25"
"1482729,74.22"
"1340919,63.67"
"1214002,65.04"
"1,493,141,132.79"
"1344807,69.95"
"1067532,37.45"
"1260776,20.93"
"1189909,36.44"
"1,196,763,268.50"
"14,520,211,709.77"
"11,842,412,302.22"
"1235797,41.94"
"1313008,42.43"
"1345861,14.99"
"1,218,091,161.69"
"1,266,794,208.08"
"1,332,984,234.04"
"1,047,818,124.28"
"1085415,54.81"
"1282300,82.84"
"1055383,85.7"
"1,401,921,143.94"
"1,261,913,178.36"
"1456193,25.66"
"1391624,25.04"
"1319625,32.42"
"1,041,709,236.07"
"1,373,742,227.63"
"1206279,95.14"
"1082440,84.87"
"1,051,713,381.22"
"1,009,958,209.08"
"1,059,036,129.33"
"1,153,098,488.12"
"1,055,703,345.44"
"1,102,204,172.11"
"1127373,30.92"
"1301125,90.32"
"1,075,374,179.80"
"1,391,373,288.62"
"1,488,304,284.09"
"1,264,903,103.46"
"1,072,570,171.85"
"1,497,528,317.01"
"1,207,501,353.84"
"1,009,379,310.02"
"1,234,301,131.25"
"1,114,903,153.32"
"1478066,76.25"
"1490043,69.07"
"1,217,315,151.29"
"1,227,658,158.30"
"1137145,53.59"
"1126583,31.18"
"1409649,27.66"
"1,029,390,328.80"
"12,328,902,011.39"
"11,998,401,429.39"
"1023964,19.92"
"1327489,20.99"
"1355001,99.88"
"1,383,483,127.22"
"1,111,467,134.99"
"1007527,30.79"
"1348534,43.13"
"1,093,795,119.85"
"1,177,395,157.17"
"1,097,789,212.68"
"1373961,78.15"
"1296788,51.92"
"1,263,671,364.99"
"1,459,766,197.04"
"1,446,318,130.56"
"12,614,331,733.10"
"12,690,691,247.65"
"1,404,230,614.74"
"1336029,60.67"
"1,399,299,210.70"
"1,177,248,112.21"
"1,445,768,769.18"
"1,195,695,807.68"
"1,088,152,743.45"
"1,454,215,124.44"
"1,134,300,115.01"
"1,014,383,191.14"
"12,858,171,393.05"
"1,138,700,550.67"
"14,619,691,280.50"
"1128200,98.02"
"1,314,452,137.49"
"1315250,75.24"
"1,413,674,100.43"
"1,056,095,156.11"
"1,036,858,143.27"
"1,485,353,149.65"
"1390837,61.31"
"1,194,190,728.47"
"11,194,872,744.10"
"13,397,492,551.02"
"1061782,53.62"
"1135715,42.37"
"1164057,49.75"
"1,107,883,412.59"
"1,270,377,434.46"
"1,198,926,489.38"
"1,191,793,118.57"
"1,224,526,154.82"
"1006345,97.45"
"1,454,022,100.24"
"1,349,257,142.14"
"1,222,378,407.21"
"1214827,30.41"
"1,374,452,156.56"
"1,180,417,898.05"
"1,028,933,725.71"
"1210621,82.88"
"1,167,739,187.86"
"1088693,78.43"
"1,361,886,407.61"
"1,141,573,408.22"
"1,196,671,225.00"
"1,146,761,139.86"
"1,261,241,148.67"
"1443500,47.46"
"1,403,800,101.34"
"1466039,94.79"
"1,179,883,133.21"
"1,240,414,235.83"
"1,180,298,205.24"
"1490887,56.51"
"1256555,90.0"
"1,001,420,282.17"
"1,142,876,120.70"
"1,281,197,191.26"
"1455208,20.69"
"1253092,26.96"
"1135228,27.48"
"1177502,31.57"
"1,407,030,200.47"
"11,954,031,003.26"
"13,751,071,419.55"
"1429537,18.54"
"1,381,175,129.94"
"1,137,531,207.63"
"1,109,600,318.73"
"1421410,30.43"
"1486214,25.47"
"1,395,368,109.78"
"1397416,57.0"
"1,359,004,297.88"
"1,421,162,348.00"
"1,398,564,218.74"
"1,089,746,749.91"
"1,410,758,379.14"
"1,002,962,241.21"
"1351109,20.4"
"1,428,083,252.17"
"1,484,698,206.82"
"1,028,375,549.38"
"1,206,135,460.88"
"1,436,386,830.30"
"1,367,408,162.10"
"1053898,89.98"
"1,382,425,203.20"
"1,292,070,744.79"
"1,480,206,209.11"
"1,120,940,532.28"
"1468339,85.38"
"1136584,50.56"
"1211307,46.34"
"1369516,83.94"
"1184088,52.83"
"1105879,31.59"
"1143486,39.88"
"1,026,211,433.90"
"10,507,472,165.26"
"11,734,162,276.22"
"1415526,24.86"
"1167608,21.01"
"1,448,873,392.92"
"1,242,415,372.56"
"1,121,953,272.32"
"1403412,78.64"
"1035471,82.72"
"1,292,202,136.67"
"1,108,945,162.98"
"1,066,731,325.74"
"1258400,30.5"
"1,151,588,145.44"
"1,414,898,191.99"
"1327710,94.77"
"1064923,58.06"
"1420107,48.59"
"1,123,527,312.56"
"1,000,907,366.79"
"1,378,334,332.93"
"11,300,381,125.79"
"1,464,836,243.35"
"1,353,492,235.70"
"1484689,40.71"
"1,274,850,144.06"
"1,252,107,126.08"
"1,255,664,416.59"
"1,131,960,523.86"
"1,412,625,997.88"
"1440115,31.25"
"1382021,63.74"
"1,395,998,228.57"
"1,270,843,484.06"
"1,408,164,210.12"
"1,481,165,538.82"
"1,437,947,127.46"
"1,439,789,179.90"
"1275465,78.91"
"1,194,753,217.47"
"1,147,342,157.30"
"1103660,37.83"
"1247834,76.61"
"1422780,43.71"
"1,108,976,431.43"
"11,822,312,344.21"
"10,671,282,555.82"
"1200620,35.94"
"1385060,38.93"
"1088753,22.61"
"1,150,452,269.24"
"1,259,844,210.21"
"1,366,093,326.59"
"1,090,724,181.11"
"1,219,034,145.09"
"1,315,638,113.30"
"1360974,91.21"
"1,326,611,184.54"
"1,351,077,310.43"
"1391976,66.78"
"1495438,47.76"
"1241681,46.39"
"1,249,355,359.56"
"1,374,023,522.35"
"1,466,744,118.14"
"1399018,46.18"
"1004548,76.59"
"1139669,81.59"
"1,055,616,312.59"
"1,122,846,348.16"
"1,406,454,183.87"
"1039371,70.42"
"1121211,83.66"
"1264908,65.08"
"1296533,70.12"
"1,426,208,154.72"
"1,409,006,117.12"
"1173379,87.73"
"1,118,431,140.75"
"1,079,464,190.43"
"1,444,017,234.51"
"1,193,489,203.20"
"1,181,755,152.04"
"1246156,19.29"
"1044415,24.68"
"1363391,44.54"
"1039041,21.95"
"1493857,92.44"
"1,328,770,880.13"
"13,458,251,228.24"
"1,033,807,145.01"
"1,154,816,120.76"
"1,481,379,187.31"
"1369285,17.03"
"1308262,34.06"
"1072338,74.96"
"1,178,054,107.75"
"1198327,39.26"
"1,014,144,318.77"
"1,087,415,342.73"
"1,358,775,203.15"
"1,485,144,538.60"
"1,351,561,259.73"
"1,094,451,152.24"
"1403001,85.19"
"1319256,92.73"
"1,319,491,110.74"
"1,118,664,239.52"
"1,460,451,441.74"
"1,196,492,270.58"
"1195267,81.32"
"1382081,73.73"
"1,313,925,173.19"
"1,275,885,579.80"
"1,483,396,259.56"
"1,491,377,787.57"
"1,183,714,150.96"
"1070954,92.01"
"1051931,72.03"
"1,224,290,270.72"
"1,258,071,238.91"
"1044208,61.35"
"1,446,159,119.00"
"1246054,98.05"
"1,467,684,444.35"
"14,813,642,121.77"
"14,639,402,083.65"
"1363332,79.19"
"1154879,41.64"
"1,442,863,123.00"
"1,207,734,233.72"
"1,052,063,196.91"
"1,104,983,102.93"
"1387722,36.97"
"1263095,23.28"
"1,356,728,178.04"
"1,068,227,255.07"
"1,471,794,378.50"
"1254577,76.94"
"1485687,73.99"
"1,335,177,111.68"
"1,066,128,228.00"
"1,457,115,256.29"
"1,087,099,202.63"
"12,718,351,042.59"
"1,312,239,892.82"
"1,234,576,315.97"
"1100724,19.97"
"1335989,86.89"
"1345160,85.65"
"1,069,628,199.99"
"1,469,630,326.25"
"1,463,021,308.17"
"1,414,175,452.11"
"1,084,662,159.52"
"1,470,501,172.00"
"1,107,382,262.03"
"1,382,879,314.49"
"1,194,304,275.68"
"1274988,43.22"
"1240654,48.9"
"1483648,69.25"
"1269302,34.52"
"1052405,19.14"
"1027289,36.16"
"1,313,290,201.47"
"10,371,021,960.68"
"14,842,701,973.12"
"1158511,14.81"
"1,222,111,107.32"
"1,389,785,242.91"
"1,050,510,241.10"
"1168202,31.79"
"1052745,15.69"
"1,169,013,256.93"
"1040540,71.08"
"1,453,344,104.23"
"1051817,63.55"
"1029890,43.97"
"1,334,159,367.48"
"1,077,256,580.72"
"1,456,855,214.84"
"13,570,591,519.65"
"1,028,254,518.12"
"1,055,924,301.14"
"1353130,71.83"
"1,076,577,115.60"
"1421169,94.16"
"1,217,432,714.98"
"1,319,084,711.48"
"1,480,696,865.18"
"1,126,504,121.49"
"1,036,146,107.88"
"1,179,723,164.72"
"1,300,063,849.27"
"1,165,413,352.64"
"1,488,081,930.08"
"1073773,78.54"
"1083750,68.99"
"1334811,51.55"
"1283401,50.18"
"1307591,57.92"
"1325050,80.92"
"1,038,388,588.08"
"10,478,921,353.96"
"12,217,122,518.91"
"1032642,35.95"
"1098944,32.12"
"1,383,592,186.55"
"1,110,449,128.63"
"1,127,095,227.69"
"1,309,125,286.74"
"1,326,605,383.09"
"1,377,977,159.73"
"1,251,620,125.83"
"1,001,984,276.71"
"1,419,512,286.69"
"1428246,21.56"
"1343497,28.85"
"1120131,16.73"
"1,333,616,281.55"
"1,211,759,240.45"
"1,344,886,419.05"
"1442954,43.02"
"1147289,80.0"
"1344427,59.02"
"1,341,626,340.15"
"1,166,087,323.92"
"1,148,765,162.58"
"1,100,317,391.49"
"1,156,949,207.17"
"1134301,75.08"
"1304812,53.51"
"1,209,150,117.40"
"1221546,64.41"
"1,180,229,173.94"
"1,221,830,414.19"
"1,089,009,265.38"
"1177992,75.19"
"1,336,611,103.48"
"1,017,666,157.95"
"1,495,930,444.15"
"1,004,518,297.17"
"1,065,792,371.60"
"1163862,84.23"
"1167812,68.45"
"1279711,68.26"
"1294408,91.41"
"1,301,442,113.04"
"1337742,52.85"
"1471675,60.17"
"1441363,38.28"
"1,250,420,177.83"
"10,233,501,242.74"
"1,460,257,828.74"
"1243217,20.19"
"1,383,376,101.42"
"1,004,792,108.38"
"1,471,500,213.44"
"1388970,32.25"
"1255438,26.14"
"1496795,69.01"
"1346793,46.54"
"1273441,92.32"
"1208761,30.89"
"1315511,50.19"
"1123237,31.65"
"1,147,453,258.24"
"1,401,269,294.44"
"1,435,027,197.42"
"1,479,842,710.59"
"1,335,120,645.77"
"1,266,346,271.54"
"1443298,40.18"
"1,160,998,105.31"
"1433094,36.83"
"1,354,912,252.61"
"1,489,710,254.23"
"1,206,483,270.69"
"1,205,178,102.99"
"1382964,79.94"
"1,098,649,228.08"
"1,328,013,313.62"
"1,116,922,177.87"
"1,357,329,267.74"
"1154131,96.09"
"1203305,49.04"
"1405532,69.35"
"1,272,906,145.38"
"1,278,925,106.91"
"1214073,34.56"
"1131539,23.0"
"1,391,815,307.73"
"13,080,411,617.82"
"13,615,011,767.95"
"1359350,25.56"
"1,167,619,130.76"
"1,411,529,173.62"
"1,209,955,243.94"
"1,285,450,144.34"
"1323323,51.99"
"1,293,905,145.59"
"1159054,33.55"
"1478629,53.42"
"1401429,30.04"
"1,194,866,292.98"
"1,123,969,362.47"
"1,313,035,212.45"
"1,201,640,905.73"
"1,471,555,912.49"
"1,172,117,241.07"
"1283593,57.03"
"1,007,891,107.16"
"1464379,59.8"
"1,187,374,240.01"
"1,386,015,467.37"
"1,451,683,372.95"
"1,339,299,313.75"
"1,357,633,319.91"
"1,111,401,264.93"
"1,196,208,351.61"
"1,052,664,113.67"
"1,186,550,466.23"
"1326138,37.12"
"1427762,71.11"
"1361966,55.73"
"1383155,38.86"
"1030857,46.35"
"1139627,24.64"
"1,154,847,230.08"
"12,134,962,631.72"
"13,782,861,958.87"
"1460258,46.02"
"1186075,39.69"
"1017536,18.79"
"1450900,87.35"
"1,224,522,151.83"
"1,127,451,324.46"
"1318678,63.04"
"1,106,083,163.89"
"1482122,79.68"
"1,436,549,339.87"
"1093672,45.5"
"1469694,31.99"
"1276722,42.28"
"1,481,414,280.74"
"1,004,561,335.06"
"1,002,579,294.81"
"1,365,062,763.28"
"1,101,142,702.16"
"1,273,134,261.09"
"1134994,88.44"
"1154883,85.6"
"1,277,171,308.37"
"1,249,231,309.22"
"1,038,965,303.38"
"1,101,252,130.63"
"1114666,74.86"
"1,096,073,190.59"
"1,271,716,358.28"
"1,141,248,125.33"
"1,108,677,310.21"
"1270680,71.6"
"1131586,40.46"
"1407745,30.44"
"1,234,038,104.48"
"1,349,426,100.41"
"1281501,33.03"
"1357408,36.93"
"1442391,43.16"
"1,172,744,171.28"
"12,727,472,567.86"
"14,599,722,480.92"
"1040817,32.02"
"1216412,30.29"
"1,233,243,103.61"
"1,077,136,140.21"
"1,297,231,271.35"
"1050850,19.75"
"1183320,29.8"
"1214420,74.47"
"1298875,89.84"
"1,432,084,193.47"
"1474249,34.32"
"1335742,35.92"
"1,232,971,270.41"
"1,391,564,295.89"
"1,151,399,260.44"
"1,462,159,709.16"
"1,340,640,397.82"
"1,054,399,356.63"
"1,071,053,158.13"
"1,243,523,131.36"
"1349753,76.1"
"1,441,077,381.92"
"1,412,754,347.72"
"1,263,819,374.49"
"1,456,889,144.92"
"1,248,108,140.62"
"1,289,400,207.43"
"1,243,803,279.12"
"1,326,115,257.97"
"1,351,029,363.86"
"1284951,35.01"
"1046968,36.35"
"1494739,48.6"
"1334284,39.65"
"1221331,29.95"
"1,282,357,394.44"
"10,199,381,080.06"
"13,393,561,474.66"
"1393711,24.54"
"1028210,18.29"
"1,123,788,114.19"
"1,434,656,248.25"
"1208743,70.2"
"1045564,58.18"
"1312452,61.62"
"1275245,51.02"
"1,031,647,129.16"
"1,054,056,121.02"
"1118218,18.48"
"1245179,42.47"
"1,239,770,208.80"
"1,420,458,102.65"
"1313365,73.72"
"1070617,32.67"
"1392760,73.99"
"1015640,25.31"
"1,098,563,345.75"
"1,323,315,200.18"
"1,179,775,198.36"
"1,273,247,701.73"
"1,136,816,202.01"
"1,032,841,213.00"
"1207961,84.27"
"1347248,70.89"
"1,089,518,328.04"
"1,050,183,350.44"
"1,338,001,729.35"
"1,165,646,126.97"
"1391820,82.62"
"1,477,155,127.73"
"1,389,901,367.11"
"1,242,455,246.54"
"1,053,974,329.12"
"1498709,46.36"
"1428777,49.17"
"1046377,53.55"
"1254119,31.37"
"1085095,39.52"
"1485136,37.36"
"1157854,29.84"
"1,169,953,253.37"
"12,175,702,019.92"
"12,499,722,180.73"
"1169083,45.19"
"1475801,19.08"
"1,359,599,144.77"
"1,039,687,178.30"
"1,498,185,242.46"
"1131747,78.52"
"1403023,54.28"
"1108801,51.18"
"1,397,460,124.37"
"1,121,415,142.89"
"1282806,30.28"
"1,051,075,203.04"
"1,367,997,194.95"
"1041473,90.76"
"1315013,42.68"
"1041864,71.97"
"1171509,53.92"
"1,331,445,350.03"
"1,089,775,170.08"
"1472724,98.43"
"1,361,205,609.63"
"1,396,555,293.25"
"1,358,836,193.89"
"1331407,73.11"
"1,452,274,203.41"
"1,390,714,101.72"
"1,228,822,301.74"
"1,452,554,547.09"
"10,290,701,387.56"
"1,228,033,116.03"
"1,478,440,112.37"
"1,043,154,127.47"
"1,478,265,487.75"
"1,470,381,420.61"
"1,222,984,679.20"
"1052650,94.62"
"1372888,92.56"
"1293367,67.76"
"1165645,41.89"
"1154429,70.25"
"1021459,33.43"
"1422321,64.89"
"1366611,46.21"
"1,350,569,194.63"
"13,129,491,614.16"
"13,482,572,356.05"
"1440671,15.26"
"1,083,790,280.46"
"1,463,499,132.60"
"1,123,111,257.38"
"1,222,993,101.43"
"1261754,54.81"
"1374992,66.68"
"1181948,75.81"
"1,437,293,161.54"
"1,203,616,191.24"
"1410350,42.39"
"1,116,914,136.76"
"1,344,894,198.71"
"1,146,264,120.91"
"1415887,68.88"
"1127683,95.91"
"1146258,41.39"
"1,019,990,272.88"
"1,032,774,376.66"
"1,484,259,222.72"
"1,322,980,119.02"
"1,265,570,136.76"
"1231701,62.45"
"1119849,30.78"
"1173395,74.37"
"1036045,56.85"
"1,053,779,147.42"
"1,303,542,165.49"
"1,347,349,273.32"
"1,481,384,135.03"
"1,096,564,131.86"
"1,474,850,126.74"
"1,193,654,285.89"
"1,159,117,129.19"
"1,353,804,140.75"
"1375433,15.65"
"1146173,37.94"
"1353342,24.34"
"1,402,445,177.87"
"1,105,415,994.18"
"14,028,291,316.66"
"1036213,83.99"
"1,030,302,167.89"
"1,404,791,158.51"
"1093896,55.61"
"1402246,51.98"
"1287476,56.98"
"1,493,850,366.20"
"1,095,490,377.89"
"1,329,120,203.98"
"1,402,691,426.07"
"1,426,744,229.15"
"1,443,312,127.36"
"1298678,29.46"
"1156213,37.01"
"1363905,89.83"
"1,102,864,164.80"
"1,278,807,218.09"
"1308940,66.74"
"1396950,65.2"
"1302314,96.77"
"1,054,201,288.89"
"1,056,665,140.67"
"1,482,353,411.23"
"1440278,66.71"
"1330860,47.11"
"1148716,89.65"
"1,488,302,148.85"
"1,051,906,162.63"
"1152850,49.14"
"1320652,27.7"
"1386934,21.09"
"1,433,199,189.16"
"1,227,005,885.13"
"11,319,381,128.41"
"1120598,74.2"
"1355736,82.88"
"1,037,052,165.57"
"1329665,27.95"
"1055315,16.44"
"1088819,27.03"
"1,277,933,111.86"
"1166225,89.82"
"1,293,329,132.29"
"1349351,40.82"
"1,054,906,230.74"
"1,004,507,269.25"
"1,191,410,104.45"
"1,237,519,397.99"
"1,101,366,362.26"
"1,063,294,194.17"
"1417445,54.4"
"1,315,888,108.86"
"1392155,86.65"
"1,158,773,220.36"
"1,303,629,276.67"
"1,262,956,221.30"
"1143046,76.56"
"1084443,86.14"
"1,131,770,249.69"
"1,425,588,314.40"
"1,254,738,181.22"
"1,418,776,389.54"
"1041100,56.69"
"1433561,34.33"
"1,195,998,103.50"
"1356831,66.51"
"1431024,41.53"
"1229088,51.19"
"1490332,39.94"
"1,173,268,300.43"
"1,460,060,747.31"
"13,364,201,781.41"
"1369493,33.03"
"1167595,23.04"
"1213428,23.92"
"1,309,558,116.83"
"1170333,79.59"
"1,268,761,309.34"
"1326400,35.29"
"1355420,49.42"
"1117059,28.41"
"1,280,259,147.74"
"1,047,301,159.44"
"1,405,693,301.11"
"1192141,39.0"
"1,041,377,110.81"
"1488435,42.5"
"1,427,131,247.22"
"1,002,220,327.44"
"1,301,771,199.92"
"1,219,875,830.53"
"1,246,237,613.36"
"1,045,704,164.42"
"1023309,14.93"
"1228393,99.61"
"1187353,61.82"
"1,143,421,236.32"
"1,402,925,354.50"
"1,093,785,304.38"
"1,146,882,240.73"
"1,318,929,243.57"
"1,203,442,211.18"
"1,004,420,362.39"
"1,014,090,192.26"
"1,398,042,252.10"
"1264681,59.52"
"1017526,60.13"
"1458262,39.19"
"1150678,20.76"
"1,320,376,120.29"
"13,176,771,564.26"
"13,520,822,283.45"
"1,368,925,112.47"
"1,269,920,216.78"
"1,117,989,295.50"
"1041166,42.96"
"1045010,42.78"
"1304495,50.35"
"1416081,32.47"
"1031438,65.33"
"1180183,31.99"
"1,432,441,293.12"
"1,401,070,240.82"
"1,296,303,260.40"
"1,495,457,324.02"
"1,215,871,269.18"
"1,143,636,245.16"
"1058496,67.49"
"1443889,93.11"
"1180874,57.18"
"1,048,380,159.00"
"1,263,996,180.72"
"1,149,931,220.72"
"1022424,78.94"
"1,218,254,102.77"
"1,112,554,175.26"
"1,009,750,476.94"
"1,056,322,209.42"
"1,083,054,314.32"
"1200089,32.28"
"1318982,24.22"
"1363303,49.66"
"1042514,71.22"
"1137634,44.17"
"1495807,27.39"
"1466731,23.76"
"1,080,998,165.27"
"1,397,257,874.69"
"13,252,993,280.90"
"1205461,30.63"
"1386895,49.05"
"1170771,21.47"
"1,381,779,148.73"
"1,136,184,148.83"
"1,389,254,311.64"
"1162273,31.96"
"1490297,25.29"
"1,198,587,128.74"
"1006648,68.07"
"1357410,90.91"
"1066458,55.09"
"1,126,128,132.56"
"1481585,62.54"
"1,081,125,213.62"
"1,316,293,343.44"
"1,233,845,188.70"
"1,395,557,917.22"
"1,175,595,706.16"
"1,462,272,410.23"
"1168538,31.89"
"1,096,333,109.75"
"1200477,57.3"
"1,101,186,281.52"
"1,030,030,297.77"
"1,151,876,325.18"
"1,404,563,152.93"
"1224600,96.17"
"1,386,814,220.11"
"1,329,521,520.89"
"1,107,904,219.94"
"1,026,288,461.32"
"1,063,382,132.50"
"1072318,50.4"
"1,336,287,110.78"
"1,388,838,123.41"
"1,231,318,162.54"
"1460552,46.97"
"1494117,58.29"
"1419467,25.37"
"1,247,675,213.44"
"12,572,891,561.70"
"11,875,811,979.50"
"1250575,28.19"
"1355719,31.86"
"1322958,88.56"
"1,110,998,181.36"
"1,026,632,258.79"
"1468197,35.6"
"1429143,34.99"
"1,110,002,207.66"
"1,353,989,259.50"
"1,368,664,241.94"
"1233222,47.57"
"1483390,91.59"
"1025301,25.44"
"1,348,159,298.48"
"1,404,114,312.29"
"1,137,543,202.70"
"1,315,211,771.78"
"1,153,898,521.08"
"1,281,814,364.47"
"1416927,43.82"
"1,128,826,186.35"
"1,471,144,101.92"
"1,049,350,660.09"
"1,131,538,629.79"
"11,635,741,146.51"
"1,208,422,203.91"
"1,494,813,176.18"
"1,166,910,438.98"
"1,400,040,631.20"
"1,392,051,474.76"
"1,061,242,743.01"
"1,230,087,108.79"
"1062235,57.78"
"1330041,67.02"
"1,250,606,192.86"
"1000748,35.2"
"1065507,52.54"
"1399913,25.38"
"1,164,086,442.22"
"11,994,541,266.22"
"14,849,322,658.02"
"1057929,19.71"
"1,318,694,391.18"
"1,244,936,301.92"
"1,103,112,450.40"
"1198144,61.15"
"1454651,58.33"
"1125120,55.71"
"1,367,873,155.65"
"1,152,380,176.81"
"1,425,925,329.31"
"1387841,39.56"
"1325701,25.47"
"1,297,570,144.27"
"1,193,708,335.87"
"1,216,003,535.17"
"1189783,25.73"
"1009315,76.01"
"1333953,46.38"
"1,036,613,525.35"
"1,134,711,412.88"
"1,053,860,230.48"
"1,438,974,282.03"
"1095568,96.69"
"1369255,98.79"
"1370235,17.43"
"1,055,921,121.90"
"1104908,41.7"
"1,323,957,317.98"
"1,067,345,279.88"
"1,483,471,287.10"
"1376912,74.21"
"1,078,062,124.35"
"1,443,211,190.13"
"1,083,456,256.51"
"1,100,793,162.94"
"1,290,854,405.68"
"1089558,77.34"
"1100250,92.36"
"1420158,92.1"
"1,267,746,248.15"
"1,283,121,213.97"
"1,422,003,119.50"
"1228679,60.42"
"1399603,51.19"
"1,133,114,177.21"
"12,137,382,245.04"
"11,099,192,487.40"
"1076832,33.35"
"1067896,62.21"
"1009282,22.38"
"1,047,239,139.04"
"1,133,053,141.51"
"1,219,095,308.79"
"1410114,52.68"
"1386771,30.16"
"1322930,60.36"
"1,400,695,102.26"
"1,361,334,109.87"
"1,242,163,141.77"
"1324093,53.51"
"1,122,716,152.80"
"1082302,16.29"
"1,436,025,290.43"
"1,136,040,166.01"
"1,363,491,252.29"
"1,469,698,699.32"
"1,470,409,713.01"
"1,044,051,242.06"
"1238870,63.71"
"1256441,99.94"
"1,209,146,387.94"
"1,256,407,528.27"
"1,221,582,370.07"
"1383790,75.12"
"1325056,86.78"
"1,265,434,180.48"
"1,388,704,448.12"
"1,313,545,196.25"
"1,395,631,276.80"
"1051001,26.35"
"1431352,42.01"
"1410965,55.97"
"1483756,28.36"
"1290899,24.36"
"1199703,58.3"
"1,237,610,214.42"
"14,449,121,782.04"
"14,206,802,732.96"
"1,483,148,144.47"
"1,107,862,221.36"
"1337109,24.6"
"1247940,32.03"
"1,429,379,155.00"
"1495441,57.87"
"1010582,20.93"
"1,442,966,112.87"
"1147172,50.4"
"1,183,397,496.20"
"1,205,751,428.01"
"1,094,254,423.42"
"1,412,751,560.03"
"1,006,145,476.25"
"1,175,281,332.83"
"1493704,49.04"
"1,226,267,102.89"
"1255164,60.56"
"1,310,037,287.22"
"1,457,996,433.93"
"1,294,289,464.75"
"1,320,535,210.65"
"1,216,489,204.59"
"1157061,81.29"
"1,173,815,487.21"
"1,354,780,211.21"
"1,305,979,526.89"
"1432851,86.28"
"1007110,94.68"
"1,419,717,120.02"
"1276891,61.87"
"1034437,43.41"
"1449768,59.75"
"1,397,560,244.63"
"13,108,511,436.03"
"14,368,561,603.87"
"1265589,40.12"
"1,445,268,117.37"
"1,075,807,172.95"
"1,109,491,268.13"
"1018204,42.92"
"1469298,44.2"
"1345768,47.94"
"1087184,81.6"
"1325614,93.35"
"1,005,390,180.94"
"1381072,43.04"
"1372407,96.01"
"1472769,62.46"
"1,089,646,247.06"
"1,490,925,565.57"
"1,175,440,209.29"
"12,324,861,055.19"
"1,426,884,364.03"
"1,018,982,234.26"
"1024533,23.09"
"1,423,458,140.51"
"1,256,007,121.76"
"1,072,327,294.43"
"1,200,918,271.59"
"1,031,606,584.24"
"1,171,496,111.87"
"1,125,996,107.20"
"1,283,888,200.66"
"1,418,131,327.58"
"1,400,837,266.96"
"1,471,564,320.26"
"1348293,44.02"
"1360248,27.97"
"1037188,32.76"
"1275453,69.99"
"1153084,59.17"
"1476703,26.1"
"1214045,24.89"
"1339201,32.67"
"1,430,832,236.13"
"14,295,171,164.51"
"11,829,532,140.24"
"1459302,30.61"
"1177955,19.15"
"1,157,643,277.58"
"1,284,388,178.51"
"1,364,451,245.95"
"1156252,50.19"
"1375220,46.47"
"1261074,50.5"
"1147021,71.7"
"1,456,278,104.18"
"1,054,169,151.64"
"1110323,52.03"
"1,289,831,219.67"
"1,149,805,150.12"
"1,266,061,415.02"
"1,220,931,167.32"
"1021717,41.01"
"1,323,802,264.16"
"1,422,028,211.36"
"1,291,601,166.96"
"1,094,087,752.62"
"1,347,974,359.83"
"1,347,782,338.29"
"1,215,159,103.17"
"1,456,299,189.41"
"1,165,289,136.51"
"1,047,535,314.01"
"1,067,260,448.79"
"11,602,191,254.32"
"1,231,638,161.25"
"1,189,643,193.12"
"1,061,333,143.56"
"1,152,031,454.23"
"1,157,645,337.94"
"1,455,353,387.02"
"1307614,63.32"
"1,122,805,115.40"
"1200378,31.75"
"1277405,63.51"
"1118213,32.13"
"1111285,59.78"
"1333036,24.56"
"1,292,612,603.87"
"12,650,261,501.11"
"10,634,322,288.46"
"1490530,23.53"
"1199264,20.66"
"1315953,20.46"
"1,325,057,264.23"
"1,000,967,109.01"
"1102240,98.7"
"1094031,66.96"
"1,461,407,123.39"
"1,296,839,194.70"
"1,285,572,254.07"
"1486559,32.25"
"1438178,29.06"
"1,429,602,126.23"
"1,007,013,108.63"
"1,413,676,126.17"
"1324205,27.25"
"1,052,327,106.13"
"1051118,62.52"
"1,063,944,319.45"
"1,327,596,334.29"
"1,271,465,164.50"
"11,126,051,438.95"
"1,215,120,558.59"
"1,334,605,422.76"
"1089940,85.09"
"1,493,329,186.67"
"1,310,666,121.77"
"1,226,985,546.61"
"1,157,971,655.41"
"14,061,091,125.01"
"1,158,730,118.73"
"1,192,020,160.83"
"1,488,470,190.36"
"13,995,841,084.86"
"1,186,148,545.43"
"12,951,431,153.68"
"1,033,644,186.17"
"1,043,832,161.78"
"1,278,865,101.85"
"1,122,933,395.05"
"1,099,771,215.36"
"1,342,064,156.67"
"1087115,28.3"
"1021203,71.32"
"1158238,41.12"
"1,374,260,699.44"
"14,023,241,407.91"
"14,127,442,544.66"
"1482782,40.59"
"1046637,67.27"
"1498015,24.02"
"1,312,237,273.60"
"1,171,583,382.92"
"1,439,200,556.46"
"1,365,652,122.02"
"1116454,96.06"
"1,329,325,117.46"
"1,398,733,143.71"
"1,175,214,185.52"
"1,235,841,501.30"
"1467381,57.09"
"1129652,50.62"
"1025418,44.82"
"1,107,242,256.13"
"1,225,616,620.23"
"1,399,642,229.72"
"1002587,91.03"
"1353808,49.08"
"1,261,445,366.81"
"1,315,349,354.36"
"1,032,554,264.27"
"10,446,662,025.09"
"1,126,295,948.97"
"1,031,019,461.25"
"1351254,70.33"
"1,303,377,185.44"
"1,360,145,123.36"
"1,339,191,686.89"
"1,263,562,680.73"
"12,495,061,645.93"
"1,072,489,125.65"
"1,054,327,122.00"
"1,301,459,227.30"
"11,641,301,055.02"
"1,292,366,447.84"
"12,270,511,001.14"
"1,052,043,129.54"
"1270293,95.12"
"1149914,53.38"
"1,476,554,133.32"
"1205729,42.24"
"1,211,146,136.20"
"1193406,26.89"
"1256086,76.23"
"1119492,22.12"
"1,424,001,529.68"
"13,188,733,057.84"
"14,972,291,689.14"
"1411464,49.47"
"1275922,27.92"
"1067311,36.81"
"1,063,232,205.14"
"1,263,804,247.60"
"1,119,525,364.75"
"1,042,841,158.86"
"1,163,114,172.66"
"1394950,91.46"
"1,083,661,153.94"
"1,353,626,241.31"
"1,238,795,319.75"
"1257162,38.86"
"1407540,17.82"
"1087300,35.83"
"1,016,398,139.33"
"1,031,482,486.70"
"1,476,710,195.99"
"1424685,83.56"
"1,087,043,136.12"
"1241336,49.24"
"1,126,102,304.97"
"1,388,334,515.83"
"1,075,523,342.93"
"1,216,578,171.97"
"1,351,219,147.32"
"1287845,97.24"
"1147190,38.72"
"1,419,860,100.31"
"1023806,54.07"
"1,185,678,307.25"
"1,353,996,300.19"
"1,471,183,296.52"
"1,054,272,115.70"
"1005347,74.45"
"1,327,124,198.42"
"1,234,527,377.14"
"1,077,178,240.42"
"1,066,705,229.12"
"1072459,34.9"
"1003680,33.81"
"1416476,35.83"
"1167184,38.2"
"1077352,30.79"
"1354900,25.19"
"1,260,212,214.58"
"11,308,881,224.98"
"11,641,371,320.85"
"1047397,21.27"
"1,497,822,106.53"
"1,366,177,188.19"
"1,235,630,116.68"
"1161125,39.26"
"1214466,60.09"
"1379939,43.8"
"1397477,63.68"
"1,490,466,101.76"
"1402609,37.88"
"1,254,730,520.40"
"1,025,202,439.65"
"1,373,526,206.38"
"1,203,194,383.20"
"1,364,965,261.36"
"1,403,750,153.89"
"1205495,67.84"
"1399393,81.05"
"1114827,57.47"
"1,209,003,175.66"
"1,068,087,199.38"
"1,157,260,235.54"
"1286151,80.35"
"1,287,783,107.26"
"1,246,214,121.88"
"1,103,243,267.76"
"1,412,094,187.53"
"1,435,140,195.25"
"1246825,30.25"
"1159089,32.96"
"1049141,26.84"
"1246940,57.46"
"1378005,43.65"
"1433386,22.38"
"1207002,35.37"
"1,051,838,228.63"
"1,376,509,824.59"
"11,102,191,412.71"
"1331890,23.37"
"1253163,27.13"
"1302373,25.52"
"1,434,614,106.25"
"1148001,80.92"
"1,212,594,170.59"
"1105749,19.09"
"1410871,25.53"
"1,125,176,126.81"
"1432030,26.39"
"1,134,077,126.19"
"1017556,28.78"
"1222099,87.27"
"1381777,35.0"
"1,459,975,296.09"
"1,163,173,318.28"
"1,496,357,161.97"
"14,275,451,051.43"
"1,095,607,186.52"
"1039372,93.92"
"1265219,19.13"
"1,406,375,169.25"
"1,448,552,122.27"
"1,059,119,162.48"
"1359625,43.52"
"1,255,874,108.12"
"1,338,420,207.98"
"1,402,396,277.72"
"1,478,102,337.44"
"1,471,087,659.25"
"1284661,38.47"
"1420413,23.74"
"1364745,21.57"
"1019952,93.41"
"13,870,282,237.81"
"12,157,112,726.54"
"1435910,50.72"
"1452281,28.25"
"1,170,208,105.09"
"1,443,567,102.34"
"1,390,206,238.71"
"1,089,737,301.59"
"1279096,68.75"
"1301192,67.73"
"1,191,560,316.14"
"1,117,758,174.92"
"1,243,690,134.21"
"10,418,841,089.18"
"1,490,464,372.65"
"1,041,468,358.52"
"1491705,37.05"
"1,288,797,142.95"
"1472568,96.03"
"1,202,662,415.49"
"1,285,966,388.76"
"1,068,045,342.93"
"1,274,550,138.15"
"1321002,96.02"
"1,094,705,219.90"
"1,021,807,352.90"
"1,302,798,347.70"
"1,060,391,670.07"
"1006816,45.55"
"1095767,45.2"
"1,101,734,107.06"
"1,171,313,136.06"
"1281698,89.95"
"1435552,27.32"
"1018032,30.4"
"1463075,28.08"
"1,055,113,397.51"
"14,164,921,440.48"
"13,573,433,073.92"
"1290035,40.97"
"1253166,19.43"
"1173529,21.75"
"1,315,404,179.41"
"1,068,463,214.14"
"1,140,698,287.58"
"1449468,85.07"
"1093081,71.09"
"1,357,469,125.14"
"1,076,524,137.08"
"1,324,338,211.53"
"1,306,071,296.51"
"1099884,30.11"
"1010388,38.36"
"1,404,662,347.84"
"1,129,536,309.79"
"1,425,079,110.67"
"1217642,87.12"
"1063344,43.54"
"1,104,032,314.09"
"1,289,590,371.11"
"1,037,247,171.32"
"1,441,494,630.78"
"1,111,278,216.11"
"1,111,214,203.35"
"1409949,39.03"
"1,408,381,131.51"
"1,487,695,115.72"
"1,086,128,343.96"
"1,051,069,420.45"
"1,033,575,632.83"
"1134606,88.06"
"1,335,692,103.64"
"1220076,68.14"
"1,045,804,361.81"
"1,410,900,179.44"
"1,491,784,463.41"
"1155929,37.93"
"1421340,36.98"
"1247621,34.22"
"1112082,60.0"
"1352909,52.11"
"1,209,918,303.22"
"11,019,491,987.57"
"13,071,992,159.63"
"1340615,29.06"
"1265011,74.86"
"1,349,155,286.85"
"1,295,471,158.39"
"1,465,044,113.29"
"1,122,408,131.75"
"1357576,38.62"
"1,395,249,108.80"
"1,167,154,137.86"
"1,338,367,153.37"
"1335658,17.57"
"1259183,98.07"
"1,380,027,252.75"
"1,291,944,117.52"
"1066693,29.64"
"1463866,91.6"
"1496936,46.2"
"1,083,629,321.27"
"1,458,918,235.55"
"1,181,328,101.78"
"13,815,861,527.41"
"10,114,141,017.06"
"1,474,243,296.34"
"1394187,66.33"
"1,196,663,200.77"
"1,088,646,110.65"
"1,342,720,394.62"
"1,102,185,512.43"
"13,335,521,067.75"
"1410152,59.13"
"1,372,949,109.55"
"1,131,961,149.22"
"1,318,987,731.43"
"1,309,137,351.59"
"1,358,786,827.23"
"1032920,72.09"
"1262458,86.53"
"1,327,846,153.37"
"1,429,378,125.73"
"1,136,853,102.26"
"1274362,26.04"
"1455282,31.67"
"1201206,33.9"
"1,484,461,421.15"
"12,294,411,936.74"
"10,253,392,320.14"
"1299332,26.07"
"1,103,612,238.09"
"1,444,918,300.79"
"1,199,571,382.10"
"1083814,67.55"
"1030045,64.16"
"1083856,60.13"
"1041927,72.13"
"1,132,474,137.36"
"1,326,550,147.51"
"1203590,65.3"
"1468345,30.24"
"1062614,24.23"
"1,252,301,226.98"
"1,312,450,360.88"
"1,227,321,119.14"
"1143199,60.05"
"1388818,67.98"
"1045336,52.06"
"1,208,100,365.99"
"1,487,438,281.60"
"1,314,619,173.62"
"1,446,773,176.58"
"1,379,642,180.23"
"1463434,50.9"
"1359547,92.44"
"1,189,931,119.07"
"1,104,414,100.65"
"1,294,658,179.93"
"1,041,008,214.90"
"1,388,157,207.96"
"1,036,924,250.27"
"1412783,49.68"
"1,239,271,161.18"
"1,164,460,346.46"
"1,120,076,116.86"
"1,033,560,251.16"
"1241991,27.92"
"1050973,36.66"
"1488516,17.53"
"1487269,25.76"
"1494672,61.96"
"1055343,24.22"
"1276086,31.72"
"1,427,992,124.37"
"10,627,852,057.40"
"13,932,391,763.50"
"1359687,19.86"
"1185486,32.86"
"1,237,451,130.83"
"1,383,706,156.81"
"1,484,601,145.82"
"1293278,20.02"
"1302677,34.54"
"1,202,037,127.59"
"1430558,43.39"
"1338945,75.83"
"1078324,32.82"
"1,387,934,105.39"
"1478529,43.36"
"1,120,072,223.59"
"1,377,968,309.80"
"1,391,988,215.29"
"1,265,634,562.23"
"1,223,460,613.04"
"1,487,411,320.71"
"1038260,72.86"
"1446962,79.0"
"1307990,76.07"
"1,159,283,143.81"
"1,072,744,228.31"
"1,433,307,316.49"
"1350267,79.92"
"1340706,81.16"
"1,108,874,102.67"
"1,317,740,281.02"
"1,274,663,190.50"
"1,245,642,439.71"
"1,331,308,136.98"
"1490846,94.75"
"1216717,73.08"
"1,155,386,100.66"
"1287061,58.16"
"1,425,115,177.25"
"1060856,65.77"
"1473341,69.73"
"1423483,66.6"
"1,199,882,340.99"
"13,352,491,678.48"
"10,753,992,244.87"
"1485349,29.54"
"1346518,18.72"
"1180232,75.73"
"1,180,958,145.02"
"1,268,970,329.98"
"1438275,30.41"
"1252259,26.62"
"1293873,17.69"
"1372471,93.97"
"1,207,091,142.24"
"1,191,139,168.29"
"1464373,28.46"
"1,342,435,159.36"
"1,481,479,328.35"
"1,265,718,373.98"
"1,330,306,198.36"
"1,088,146,523.02"
"1,230,739,192.06"
"1,479,461,101.46"
"1119000,27.21"
"1,253,188,131.37"
"1420681,57.96"
"1,497,042,227.56"
"1,075,573,302.84"
"1,283,010,316.18"
"1,248,990,113.99"
"1,076,397,178.51"
"1,295,928,220.47"
"1,072,277,281.35"
"1,334,546,266.66"
"1,293,060,231.33"
"1358416,19.24"
"1040086,23.78"
"1465977,46.91"
"1130549,42.38"
"1039323,33.5"
"1440240,43.66"
"1362578,84.21"
"11,428,382,001.08"
"12,603,942,118.04"
"1162316,87.01"
"1,133,943,115.21"
"1,094,696,137.73"
"1141999,46.94"
"1185462,27.38"
"1484087,35.03"
"1,295,267,144.20"
"1127473,32.44"
"1005070,52.53"
"1132370,43.94"
"1,162,807,360.67"
"1,410,300,563.96"
"1,411,549,231.43"
"13,157,371,566.06"
"1,026,727,370.57"
"1,392,552,393.94"
"1,273,175,173.04"
"1,359,183,450.14"
"1,349,227,388.25"
"1,187,267,951.73"
"1,077,876,968.71"
"12,550,871,562.50"
"1,367,217,232.42"
"1,250,173,140.38"
"1,080,258,210.94"
"14,660,201,974.02"
"1,103,105,947.46"
"14,114,271,643.84"
"1,099,736,320.88"
"1,456,472,303.80"
"1,295,531,208.36"
"1,182,553,210.91"
"1,037,013,221.28"
"1071289,76.15"
"1,348,850,105.66"
"1,145,843,172.48"
"1290610,51.28"
"1,107,751,721.96"
"13,036,803,481.79"
"11,066,203,863.58"
"1368612,79.49"
"1195396,22.64"
"1349623,66.4"
"1,140,431,556.75"
"1,239,272,767.04"
"1,408,309,590.38"
"1,272,864,104.07"
"1,084,623,164.64"
"1382786,58.94"
"1,045,869,157.51"
"1,205,492,324.86"
"1,337,089,602.10"
"1196960,51.6"
"1359976,30.97"
"1173584,43.65"
"1,080,752,393.35"
"1,438,049,803.18"
"1,376,120,726.91"
"1,200,743,178.57"
"1,160,087,292.91"
"1,250,538,252.38"
"1,385,364,650.75"
"1,421,477,486.13"
"1,001,956,508.74"
"1,233,884,640.69"
"1,467,909,181.63"
"1,301,887,201.31"
"1048759,26.29"
"1,270,199,131.71"
"1282739,79.77"
"1,154,085,504.48"
"1,260,035,417.34"
"13,774,421,000.41"
"1,281,129,254.71"
"1,307,389,218.48"
"1,143,368,351.31"
"1,378,838,269.94"
"1,095,292,349.98"
"1,293,301,486.27"
"1234965,22.63"
"1375305,38.34"
"1439037,42.7"
"1181412,32.15"
"1067610,30.34"
"1431745,33.61"
"1,295,753,425.66"
"13,347,952,399.93"
"11,661,472,098.59"
"1431774,16.98"
"1,177,789,145.19"
"1407626,63.12"
"1344425,95.0"
"1,499,073,112.26"
"1,096,086,140.33"
"1,356,796,127.23"
"1,368,295,128.00"
"1,186,984,230.53"
"1,334,468,242.33"
"1024033,15.92"
"1177177,24.72"
"1070701,23.7"
"1,210,286,122.27"
"1190645,93.02"
"1109523,91.35"
"1384852,39.74"
"1140087,59.2"
"1,381,531,336.24"
"1,029,762,386.51"
"1,387,532,341.12"
"1,429,694,707.00"
"1,344,145,380.10"
"1,021,666,234.25"
"1,460,994,109.45"
"1,496,025,158.29"
"1,223,663,319.38"
"1,166,855,537.40"
"1,159,755,544.76"
"1,078,871,113.23"
"1343181,78.25"
"1,251,460,173.24"
"1,167,686,355.92"
"1,309,041,531.63"
"1,351,501,736.10"
"1411712,25.22"
"1389300,64.5"
"1043407,75.93"
"1137195,33.2"
"1133355,44.13"
"1382856,29.17"
"1117090,25.0"
"1,152,195,693.35"
"11,249,881,480.61"
"13,256,392,966.75"
"1010613,35.87"
"1077074,32.87"
"1,339,373,109.30"
"1082030,54.94"
"1,374,234,171.01"
"1,498,214,115.84"
"1219081,74.62"
"1,472,375,102.76"
"1,472,124,106.74"
"1,004,268,168.60"
"1,295,832,222.71"
"1396477,23.97"
"1157026,36.26"
"1154504,23.02"
"1,425,009,104.07"
"1,319,225,109.21"
"1487214,88.84"
"1202811,84.28"
"1422934,39.69"
"1,006,749,335.93"
"1,417,732,359.32"
"1,092,905,269.53"
"13,535,631,244.43"
"1,157,213,466.08"
"1,037,186,520.95"
"1,161,156,135.01"
"1,309,382,326.48"
"1,300,405,254.53"
"1,403,354,920.83"
"10,762,511,064.29"
"13,015,311,947.47"
"1,354,098,163.34"
"1,013,097,114.67"
"1,138,810,270.26"
"12,472,952,187.08"
"1,396,363,672.36"
"14,289,231,622.48"
"1,392,386,128.48"
"1310472,84.14"
"1310422,53.8"
"1,496,663,109.12"
"1,192,395,217.91"
"1011221,69.58"
"1336867,25.97"
"1,063,685,119.79"
"1208004,69.68"
"1,444,591,820.61"
"10,933,602,282.49"
"13,384,793,785.71"
"1018381,46.66"
"1247641,31.23"
"1260258,33.2"
"1,156,774,722.96"
"13,092,781,109.05"
"1,394,148,911.89"
"1,445,687,161.41"
"1,268,572,161.50"
"1,243,616,126.51"
"1,414,107,178.38"
"1,407,146,110.31"
"1,352,012,297.32"
"1390158,41.04"
"1091996,38.18"
"1318802,40.67"
"1,452,309,358.86"
"1,334,101,752.89"
"1,002,773,139.61"
"1029414,66.72"
"1,374,360,183.68"
"1,096,139,118.80"
"1,166,020,313.08"
"1,136,726,401.14"
"1,170,441,619.26"
"1,003,197,725.24"
"1,195,560,591.58"
"1,233,590,322.13"
"1499053,56.51"
"1,008,764,107.38"
"1171263,78.34"
"1,235,632,303.53"
"1,086,505,382.88"
"1,124,751,414.11"
"1,022,768,112.20"
"1,342,069,251.29"
"1,319,985,104.94"
"1,086,535,522.40"
"1,193,059,253.76"
"1,005,399,571.59"
"1,217,409,149.64"
"1388371,80.47"
"1240574,58.54"
"1,296,492,103.21"
"1,490,920,393.59"
"1,407,025,274.68"
"1349568,51.19"
"1150094,54.53"
"1234359,39.94"
"1,487,971,556.46"
"1,061,979,810.41"
"10,754,101,549.80"
"1183464,43.99"
"1218599,46.76"
"1238332,20.78"
"1,126,306,171.07"
"1,250,167,216.94"
"1,425,272,370.98"
"1421359,40.26"
"1227369,34.23"
"1245910,34.86"
"1,469,390,209.07"
"1,285,058,179.91"
"1,221,848,394.90"
"1256714,48.11"
"1481494,69.22"
"1355892,82.25"
"1,163,601,356.56"
"1,235,352,304.36"
"1,486,990,285.46"
"1,088,403,160.85"
"1,215,826,285.96"
"1,077,243,125.34"
"1250701,45.9"
"1,081,976,140.99"
"1,212,321,149.10"
"1,356,165,197.57"
"1,102,468,315.08"
"1,248,921,268.87"
"1,168,286,112.63"
"1073998,82.88"
"1,106,972,365.96"
"1,415,496,340.92"
"1,430,286,404.56"
"1058741,40.6"
"1305701,50.32"
"1063055,77.08"
"1129309,38.08"
"1190160,40.11"
"1,275,767,226.80"
"13,703,491,723.97"
"11,956,401,682.51"
"1358027,24.28"
"1060469,99.5"
"1,397,621,150.61"
"1,321,235,219.02"
"1036985,37.32"
"1314238,67.52"
"1184897,59.88"
"1109511,74.16"
"1,134,380,136.30"
"1,438,318,967.94"
"10,459,781,065.38"
"1,039,535,244.40"
"1,222,762,934.90"
"1,108,547,762.91"
"1,136,233,175.81"
"1113557,52.23"
"1433288,90.62"
"1280956,80.43"
"1,409,185,207.70"
"1,001,062,361.25"
"1,455,302,429.43"
"1473716,76.74"
"1108944,72.6"
"1,281,283,299.88"
"1,295,121,227.70"
"1,271,387,308.30"
"1,042,450,206.41"
"1232986,45.82"
"1262098,23.65"
"1355822,15.93"
"1,235,127,114.07"
"13,157,251,993.08"
"11,056,912,450.64"
"1,423,554,130.15"
"1,291,911,170.19"
"1,063,335,190.71"
"1017067,22.96"
"1295378,79.75"
"1358044,25.9"
"1475790,44.8"
"1463160,20.41"
"1020603,39.63"
"1,345,207,531.01"
"1,395,178,424.70"
"1,408,825,251.94"
"1,494,027,412.97"
"1,224,076,340.40"
"1,353,310,111.24"
"1435474,60.76"
"1006574,98.12"
"1388278,74.81"
"1,139,612,392.27"
"1,375,571,323.06"
"1,088,656,287.85"
"1448606,71.66"
"1291487,74.47"
"1,465,487,227.66"
"1,240,567,501.39"
"1,078,554,273.70"
"1,081,079,355.45"
"1203974,73.6"
"1303970,82.13"
"1426761,56.0"
"1303570,37.61"
"1,150,022,188.81"
"1217185,76.09"
"1125302,46.29"
"1442229,43.85"
"1,002,560,222.44"
"13,714,871,906.40"
"14,467,991,385.37"
"1036706,22.8"
"1491686,22.79"
"1,399,772,127.18"
"1,494,276,178.27"
"1,217,848,237.46"
"1092082,26.91"
"1126590,47.63"
"1,010,315,118.48"
"1303501,68.78"
"1,290,736,186.07"
"1027752,33.81"
"1386011,89.76"
"1,204,889,379.19"
"1,114,235,308.75"
"1,034,417,205.56"
"1,082,554,769.12"
"1,290,939,489.75"
"1,177,275,227.04"
"1291984,29.57"
"1,489,334,128.20"
"1,312,498,127.05"
"1,237,487,535.43"
"1,017,032,627.07"
"1,226,117,910.73"
"1,282,653,123.48"
"1,363,989,119.57"
"1,359,946,130.88"
"1,319,162,502.97"
"1,402,594,215.31"
"1,217,911,584.98"
"1464254,86.58"
"1,341,715,104.11"
"1,349,950,145.29"
"1,162,925,100.11"
"1,270,167,123.17"
"1057728,27.9"
"1058797,57.92"
"1,403,400,601.33"
"13,028,531,298.51"
"10,799,682,353.34"
"1440844,33.78"
"1104148,39.43"
"1,287,932,236.60"
"1,017,601,200.57"
"1,026,204,225.90"
"1075937,95.79"
"1,346,881,109.55"
"1,223,669,100.20"
"1,301,241,103.54"
"1,277,374,276.57"
"1,023,855,380.28"
"1069619,30.41"
"1141140,29.11"
"1,398,600,136.18"
"1,432,032,373.09"
"1,424,160,206.52"
"1231250,32.15"
"1,201,874,116.55"
"1460942,59.25"
"1,141,667,273.58"
"1,445,891,354.69"
"1,350,725,225.20"
"1,303,762,648.12"
"1,414,123,268.37"
"1,333,339,119.62"
"1249853,29.25"
"1,254,272,101.77"
"1404012,68.71"
"1,086,893,532.44"
"1,490,001,549.23"
"1,335,737,512.65"
"1,026,870,106.84"
"1157723,65.83"
"1,083,428,192.60"
"1,041,969,464.95"
"1,242,079,299.55"
"1,157,372,626.70"
"1,186,919,101.93"
"1250645,45.76"
"1318234,33.14"
"1135964,22.87"
"1040065,37.96"
"1498396,34.13"
"1,015,144,570.09"
"14,529,191,670.24"
"10,455,832,451.21"
"1230784,42.67"
"1078483,17.31"
"1223872,92.3"
"1399477,88.1"
"1245737,76.27"
"1,217,377,219.19"
"1,055,993,132.64"
"1,032,317,178.44"
"1442709,90.94"
"1341438,99.35"
"1,045,265,252.32"
"1081143,36.26"
"1241028,28.18"
"1,487,433,121.57"
"1,344,474,157.94"
"1249086,38.97"
"1167009,76.88"
"1001468,45.18"
"1,056,008,342.88"
"1,352,502,200.73"
"1,138,191,163.30"
"1,195,304,584.61"
"1,485,133,244.65"
"1,230,602,182.91"
"1246844,71.53"
"1,420,947,111.33"
"1073477,82.6"
"1,174,807,335.29"
"1,101,194,591.78"
"1,479,242,509.88"
"1,163,821,121.84"
"1,053,387,182.23"
"1,030,257,179.77"
"1,066,609,382.64"
"1,104,677,484.14"
"1,145,504,591.93"
"1058968,23.37"
"1029048,49.68"
"1341299,48.61"
"1233321,51.88"
"1,155,890,376.73"
"14,120,061,921.88"
"10,590,861,797.33"
"1457634,47.84"
"1382023,21.79"
"1,450,781,142.64"
"1,393,398,124.37"
"1347554,66.73"
"1,208,168,131.23"
"1,003,353,138.72"
"1,054,844,245.24"
"1,199,186,257.69"
"1094514,38.6"
"1182396,37.42"
"1335483,79.58"
"1231690,44.69"
"1,227,412,137.26"
"1006640,72.25"
"1430130,28.95"
"1,124,497,325.86"
"1,311,902,363.87"
"1,091,585,517.39"
"1,011,846,322.92"
"1,183,235,292.07"
"1,138,279,231.82"
"1,400,961,114.09"
"1342320,82.03"
"1,073,456,196.61"
"1,463,003,330.27"
"1,291,939,342.76"
"1201023,82.14"
"1131342,72.95"
"1,350,514,139.11"
"1,019,288,400.34"
"1,338,351,226.23"
"1,441,003,451.18"
"1089983,81.64"
"1098314,82.39"
"1319200,54.58"
"1007242,76.86"
"1,348,829,132.24"
"1,356,631,126.56"
"1007766,26.45"
"1482800,33.15"
"1,160,805,242.94"
"1,386,804,776.41"
"12,919,001,299.35"
"1467342,36.97"
"1079749,21.0"
"1,163,707,114.73"
"1,267,211,139.02"
"1,477,931,292.07"
"1488200,49.92"
"1286968,43.13"
"1204701,37.08"
"1,262,783,140.70"
"1,129,825,184.71"
"1,314,953,216.42"
"1373676,48.83"
"1431261,74.17"
"1307454,46.19"
"1,441,368,233.94"
"1,340,082,300.66"
"1,290,045,195.96"
"10,701,011,406.21"
"1,413,562,455.10"
"1,192,976,378.34"
"1304626,56.38"
"1,358,552,168.08"
"1,246,966,269.43"
"1,121,684,604.73"
"1,422,241,653.94"
"14,638,061,512.37"
"1,133,186,154.87"
"1,186,594,113.08"
"1,332,523,225.67"
"12,287,931,020.93"
"1,106,195,451.55"
"1,149,489,887.04"
"1239648,73.48"
"1167480,73.7"
"1006634,52.07"
"1067884,63.83"
"1158916,87.19"
"1,392,561,100.32"
"1253660,30.77"
"1371428,69.17"
"1413435,55.16"
"1,202,213,698.98"
"12,361,342,959.49"
"12,856,532,618.37"
"1086947,31.28"
"1413457,24.88"
"1275145,30.47"
"1,394,552,116.02"
"1,041,277,152.05"
"1,219,014,315.28"
"1131289,93.4"
"1,393,954,138.20"
"1114558,48.18"
"1058025,90.26"
"1,146,280,246.76"
"1,259,161,366.85"
"1211180,53.45"
"1085281,28.76"
"1450681,25.86"
"1,191,059,327.16"
"1,160,873,667.70"
"1,112,783,512.97"
"1482831,62.53"
"1,416,477,127.40"
"1302018,60.2"
"1,411,743,325.13"
"1,209,263,362.86"
"1,375,615,261.47"
"12,518,051,510.47"
"1,469,059,563.26"
"1,265,505,176.57"
"1110999,37.32"
"1,490,160,141.59"
"1253502,87.24"
"1,126,623,222.62"
"1,130,658,343.40"
"1,387,143,456.56"
"1,362,544,127.51"
"1459085,78.83"
"1,341,726,150.35"
"1,208,714,456.78"
"1,473,910,228.76"
"1,113,140,461.25"
"1287268,68.66"
"1017414,48.02"
"1329315,43.48"
"1,437,265,187.05"
"1,441,114,145.59"
"1207802,32.53"
"1284532,49.97"
"1428659,24.93"
"1,247,559,277.45"
"11,425,951,911.03"
"12,212,242,616.93"
"1440966,39.0"
"1244156,92.93"
"1,432,921,161.83"
"1,253,903,151.95"
"1109308,45.32"
"1160233,32.09"
"1265029,25.56"
"1200538,98.31"
"1,349,362,104.22"
"1,216,484,166.33"
"1470437,45.59"
"1389801,69.5"
"1273640,28.47"
"1,398,971,254.71"
"1,110,361,421.34"
"1,132,811,246.48"
"1,358,429,505.97"
"1,499,021,140.26"
"1251893,23.48"
"1189345,78.78"
"1217593,48.74"
"1,435,232,257.58"
"1,214,504,277.63"
"1,240,856,257.43"
"1310777,79.5"
"1,473,466,106.79"
"1,182,198,191.80"
"1,442,839,212.61"
"1,105,223,435.33"
"1,050,999,316.11"
"1140478,20.91"
"1160572,25.97"
"1294587,15.27"
"1483004,48.32"
"1085945,22.4"
"1,334,365,199.93"
"11,795,472,366.44"
"12,127,681,657.76"
"1075990,20.79"
"1,248,167,121.42"
"1,261,113,163.19"
"1,429,763,148.87"
"1151884,85.05"
"1313839,93.49"
"1,216,798,135.96"
"1492488,21.17"
"1180550,25.74"
"1300636,29.79"
"1111154,28.73"
"1329598,41.7"
"1,170,529,350.03"
"1,450,808,362.96"
"1,258,777,178.54"
"11,953,641,327.72"
"1,469,941,387.14"
"1,070,129,367.72"
"1,259,870,103.49"
"1,489,091,627.92"
"1,253,895,890.77"
"1,245,836,901.98"
"1,493,689,157.46"
"1,301,362,137.32"
"1,426,995,216.86"
"11,858,201,017.69"
"1,170,494,521.18"
"13,155,271,031.62"
"1,284,731,126.65"
"1,233,512,150.67"
"1,229,478,122.94"
"1118707,98.4"
"1483287,37.74"
"1483261,94.78"
"1218561,75.96"
"1,228,734,672.18"
"11,002,991,652.37"
"10,626,541,714.95"
"1424258,57.07"
"1287339,53.02"
"1,313,588,158.12"
"1,258,153,249.00"
"1,477,668,332.53"
"1,146,680,155.53"
"1,076,977,242.11"
"1130360,98.36"
"1,038,432,134.93"
"1,301,753,210.53"
"1,191,627,408.93"
"1030017,36.46"
"1471259,43.74"
"1154260,33.73"
"1,313,142,179.91"
"1,303,136,279.42"
"1,287,870,272.35"
"1,331,178,248.73"
"1,098,622,140.16"
"1,184,587,359.89"
"1,025,379,387.53"
"1,358,189,161.21"
"10,303,331,555.83"
"1,187,463,384.65"
"1,212,464,403.57"
"1124574,97.16"
"1226727,78.25"
"1052272,78.67"
"1,223,406,740.11"
"1,431,890,770.16"
"11,180,421,142.77"
"1358230,72.19"
"1,160,706,121.08"
"1,142,445,203.53"
"1,124,659,715.61"
"1,141,542,573.35"
"1,188,019,944.46"
"1,045,061,114.36"
"1297612,77.25"
"1136555,90.28"
"1473948,69.82"
"1187248,70.8"
"1,222,655,544.82"
"12,258,452,429.74"
"11,470,301,878.77"
"1,361,909,264.45"
"1,483,607,412.94"
"1,222,059,628.83"
"1,285,518,122.97"
"1,270,509,145.76"
"1,415,427,120.01"
"1,078,686,140.16"
"1,406,717,181.76"
"1,418,362,367.44"
"1413791,38.08"
"1493718,25.19"
"1,308,101,217.45"
"1,068,287,233.73"
"1,290,408,180.18"
"1448703,52.7"
"1,307,736,117.73"
"1023715,67.23"
"1,269,555,461.60"
"1,107,012,289.68"
"1,352,569,301.79"
"1,080,746,809.44"
"1,035,233,494.64"
"1,192,047,206.37"
"1423989,82.5"
"1,473,901,103.44"
"1330572,74.19"
"1,124,262,287.59"
"1,340,904,508.04"
"1,466,477,427.79"
"1,030,896,167.25"
"1,102,297,152.29"
"1,458,313,275.18"
"1,347,385,380.33"
"1,349,361,261.64"
"1,036,701,478.27"
"1291765,64.19"
"1375038,56.03"
"1366075,36.67"
"1139550,42.22"
"1,101,934,116.68"
"1,106,379,112.89"
"1183999,30.14"
"1139782,41.66"
"1126514,31.92"
"1,035,826,308.30"
"13,777,241,612.28"
"11,649,862,370.52"
"1140696,34.79"
"1479578,46.15"
"1458427,22.04"
"1,037,543,138.20"
"1,376,454,178.38"
"1,034,409,215.57"
"1017883,43.54"
"1126137,41.75"
"1,414,891,166.60"
"1082444,32.75"
"1,402,014,237.50"
"1091685,36.01"
"1,334,897,101.98"
"1202906,72.17"
"1,037,004,320.82"
"1,077,171,311.40"
"1,025,143,249.13"
"1,045,356,335.77"
"1,456,111,340.02"
"1,023,599,113.44"
"1224009,74.9"
"1412451,89.55"
"1410443,76.03"
"1,262,498,285.54"
"1,430,898,372.74"
"1,219,927,319.40"
"1,037,300,100.61"
"1,253,597,171.51"
"1,102,839,183.22"
"1,122,466,389.35"
"1,118,519,249.75"
"1,495,715,385.17"
"1128963,98.88"
"1121948,68.82"
"1285970,60.69"
"1467232,47.66"
"1,261,676,148.86"
"1,130,285,105.45"
"1454866,54.8"
"1403469,29.03"
"1083782,33.51"
"1,368,535,295.81"
"12,051,061,014.74"
"10,664,181,255.49"
"1147439,32.61"
"1143501,27.51"
"1396542,15.89"
"1280071,93.73"
"1,342,409,185.75"
"1,022,802,226.96"
"1444289,42.09"
"1436774,32.4"
"1254330,69.74"
"1112142,49.01"
"1,409,870,117.79"
"1338379,30.3"
"1,242,046,115.74"
"1494119,42.59"
"1,031,550,486.55"
"1,374,335,410.34"
"1,202,732,200.50"
"10,900,892,255.33"
"13,907,832,059.58"
"1,336,436,527.86"
"1,300,574,135.08"
"1,334,557,219.98"
"1,262,288,133.90"
"1,290,777,747.31"
"1,132,437,855.09"
"12,420,562,159.52"
"1,323,943,125.28"
"1,395,556,122.78"
"1,021,300,241.84"
"12,565,631,922.88"
"1,082,880,846.18"
"14,086,152,065.80"
"1,034,550,278.11"
"1,273,740,267.24"
"1,375,700,143.23"
"1,484,176,227.51"
"1,188,547,404.65"
"1,107,386,145.58"
"1266898,97.47"
"1,426,808,170.76"
"1151394,76.66"
"13,626,451,065.92"
"13,943,052,521.43"
"12,752,331,992.63"
"1287197,94.21"
"1120268,82.71"
"1341978,56.79"
"1,005,261,478.26"
"1,356,969,710.16"
"1,429,995,639.71"
"1,231,854,204.52"
"1,004,831,217.04"
"1,196,682,194.79"
"1,110,823,212.34"
"1,050,864,236.58"
"1,453,468,714.64"
"1386342,54.85"
"1,304,635,182.52"
"1,374,704,151.15"
"1,304,912,949.64"
"1,399,265,551.28"
"1,430,604,429.67"
"1,020,769,108.28"
"1,124,544,259.83"
"1,230,695,130.46"
"1,022,544,477.45"
"1,392,027,431.47"
"1,227,348,368.42"
"1,427,333,803.53"
"1,207,963,358.70"
"1,358,659,202.98"
"1017948,40.73"
"1470042,58.22"
"1302705,55.13"
"1,107,897,416.73"
"1,025,988,443.38"
"1,146,886,555.63"
"1,214,823,147.26"
"1,097,271,119.26"
"1403913,92.76"
"1,153,862,384.48"
"1,177,612,247.58"
"1,105,240,439.24"
"1368073,37.1"
"1021984,39.66"
"1114177,65.14"
"1012363,25.41"
"1145179,48.25"
"1161370,35.49"
"1,167,123,416.07"
"10,953,012,565.59"
"13,296,752,362.54"
"1276937,27.92"
"1,069,331,131.10"
"1,348,050,342.68"
"1,320,534,451.20"
"1292579,35.06"
"1263128,34.43"
"1488407,95.24"
"1,025,243,157.19"
"1,156,703,256.76"
"1131763,30.7"
"1133958,33.81"
"1,241,310,162.52"
"1298978,86.28"
"1334203,85.37"
"1037484,63.33"
"1183511,88.9"
"1213380,44.89"
"1,479,982,318.89"
"1,295,433,425.08"
"1,383,868,237.79"
"13,235,601,518.37"
"1,444,798,537.12"
"1,069,100,482.20"
"1439256,95.99"
"1,184,813,189.09"
"1,494,605,122.08"
"1,070,775,727.56"
"11,537,181,041.02"
"12,624,711,340.54"
"1,263,194,124.87"
"1,058,052,120.96"
"1,253,782,232.15"
"1,374,690,970.62"
"1,075,536,745.95"
"14,048,211,230.87"
"1,390,833,142.15"
"1,007,031,144.54"
"1054115,70.81"
"1,120,318,111.56"
"1,431,813,177.80"
"1,298,538,130.84"
"1448350,34.75"
"1,137,247,106.14"
"1378187,87.36"
"1,313,682,615.26"
"13,901,782,053.93"
"12,548,652,398.23"
"1036898,55.66"
"1062100,59.42"
"1,077,395,506.47"
"1,274,271,759.24"
"1,413,868,545.43"
"1,063,439,132.73"
"1,121,493,127.85"
"1,429,093,116.09"
"1,170,897,147.68"
"1,402,018,284.25"
"1,129,849,397.02"
"1348414,58.1"
"1007581,26.51"
"1140044,47.11"
"1,464,692,275.05"
"1,251,999,426.04"
"1,204,026,253.64"
"1274820,94.95"
"1,346,088,188.41"
"1499150,94.92"
"1,141,237,335.32"
"1,216,971,417.85"
"1,478,789,444.52"
"1,182,896,328.55"
"1,093,179,249.84"
"1,014,154,134.04"
"1030496,36.02"
"1460483,24.29"
"1320980,20.29"
"1,019,808,264.35"
"1,362,163,374.92"
"1,360,746,243.77"
"1362049,38.81"
"1,111,825,237.74"
"1,081,167,119.23"
"1,032,184,374.36"
"1,092,132,166.89"
"1,024,838,396.71"
"1015959,81.56"
"1494129,51.63"
"1030352,52.77"
"1255183,57.52"
"1087358,99.65"
"1441485,70.04"
"1292750,24.23"
"1187461,29.39"
"1219150,28.66"
"1,192,877,263.07"
"12,564,382,125.33"
"14,801,161,497.68"
"1218838,20.09"
"1,404,354,113.07"
"1,127,637,184.90"
"1,196,866,247.89"
"1471619,29.73"
"1342397,31.88"
"1320006,28.1"
"1,350,494,131.45"
"1437438,30.11"
"1058833,46.28"
"1244799,68.41"
"1,439,843,218.88"
"1,019,892,327.79"
"1,219,560,234.68"
"1,462,013,287.67"
"1,119,683,253.20"
"1273171,77.53"
"1113566,22.0"
"1487073,70.08"
"1062422,21.37"
"1,028,047,200.12"
"1,010,820,302.13"
"1,120,927,248.65"
"1033949,88.09"
"1315041,80.85"
"1,308,393,184.11"
"1,200,879,190.27"
"1,097,184,138.72"
"1,451,230,312.57"
"1064428,44.93"
"1445895,33.45"
"1,281,062,101.39"
"1050958,39.47"
"1195326,24.16"
"1361791,47.31"
"1055072,30.58"
"1,218,586,172.96"
"10,085,081,001.14"
"1,398,646,853.01"
"1,174,817,101.84"
"1,343,235,142.49"
"1,033,329,171.38"
"1401816,28.18"
"1471444,26.56"
"1298818,29.52"
"1274831,39.76"
"1383271,43.57"
"1165516,60.44"
"1096371,31.82"
"1302501,55.65"
"1,204,458,242.77"
"1,205,882,332.17"
"1,318,748,166.37"
"1,307,226,370.78"
"1,320,342,366.25"
"1,016,929,225.71"
"1043385,69.73"
"1,264,716,113.84"
"1486057,96.94"
"1,389,329,214.81"
"1,154,554,588.55"
"1,277,844,379.63"
"1302647,76.63"
"1443356,45.21"
"1,385,189,775.75"
"1,272,811,275.38"
"1,032,054,847.84"
"1,378,361,113.91"
"1094700,92.31"
"1040158,76.22"
"1,036,702,163.44"
"1,238,939,288.95"
"1,389,102,281.60"
"1097704,69.6"
"1,137,161,138.03"
"1028769,31.9"
"1,453,498,631.69"
"1,346,249,982.73"
"13,815,351,408.68"
"1252711,72.42"
"1178509,60.14"
"1,220,519,117.69"
"1,309,498,184.59"
"1,196,756,203.90"
"1478663,42.6"
"1216016,40.64"
"1328575,36.14"
"1,373,422,150.07"
"1,324,684,273.75"
"1,066,118,247.58"
"1079799,91.83"
"1,045,943,185.87"
"1,318,034,120.74"
"1,014,030,328.80"
"1,343,998,337.33"
"1,162,586,168.73"
"1,164,334,115.16"
"1,194,180,116.33"
"1,046,431,189.70"
"1074853,26.38"
"1017798,48.83"
"1278377,18.4"
"1,183,107,221.45"
"1,105,779,534.65"
"1,355,275,228.44"
"1,075,114,143.79"
"1,163,517,154.48"
"1,049,629,168.18"
"1,446,984,284.23"
"1,166,586,194.79"
"1,308,629,136.22"
"1054675,27.26"
"1209839,19.84"
"1350207,39.3"
"1294881,26.72"
"1,104,126,144.80"
"12,344,291,880.60"
"14,240,272,047.04"
"1158324,72.44"
"1,140,085,113.02"
"1,415,642,131.83"
"1026843,31.81"
"1412237,16.95"
"1088888,38.83"
"1302670,44.88"
"1167285,57.91"
"1,202,378,355.73"
"1,201,369,451.68"
"1,168,750,252.84"
"1,450,862,454.82"
"1,495,450,214.37"
"1,302,378,241.84"
"1058173,35.79"
"1433596,43.47"
"1475741,71.51"
"1,487,792,211.95"
"1,239,569,348.05"
"1,186,923,295.46"
"1093013,68.33"
"1456302,76.74"
"1093145,81.95"
"1,107,714,239.23"
"1,310,662,145.28"
"1,042,342,178.91"
"1267957,46.06"
"1311445,31.06"
"1,331,177,109.98"
"11,418,602,221.84"
"13,685,592,331.48"
"1239403,14.38"
"1080487,23.41"
"1005418,92.83"
"1,395,407,159.87"
"1,049,721,244.87"
"1111071,29.91"
"1365299,28.23"
"1301300,50.84"
"1443046,21.8"
"1335563,52.01"
"1444198,45.02"
"1,337,536,229.48"
"1,139,384,444.52"
"1,415,610,184.96"
"1,346,982,859.94"
"1,386,899,409.00"
"1,216,902,329.95"
"1331312,41.36"
"1145318,75.08"
"1,038,082,318.42"
"1,493,498,584.55"
"1,435,344,901.24"
"1,031,584,142.41"
"1,006,089,103.15"
"1,464,025,218.34"
"1,471,793,390.04"
"1,055,918,446.65"
"1,392,002,633.39"
"1,389,536,105.13"
"1379284,48.58"
"1461580,64.38"
"1165506,32.99"
"1026662,53.9"
"1307597,34.38"
"1136626,49.9"
"1402463,25.19"
"1,026,490,369.74"
"14,856,191,616.93"
"11,519,692,308.44"
"1482885,60.09"
"1,426,546,142.19"
"1,318,211,185.38"
"1,081,706,207.34"
"1,385,475,139.53"
"1205823,99.98"
"1,291,316,112.03"
"1434599,49.74"
"1,165,006,181.38"
"1,044,361,244.95"
"1060659,36.35"
"1324219,56.19"
"1456024,60.76"
"1,282,704,143.33"
"1,284,319,145.17"
"1127161,74.43"
"1364496,43.85"
"1396538,80.59"
"1041425,22.44"
"1,403,310,292.10"
"1,412,875,372.12"
"1,186,105,155.32"
"1,042,282,741.20"
"1,355,897,306.53"
"1,163,430,255.81"
"1377459,62.02"
"1025298,96.8"
"1292720,76.65"
"1,394,640,432.10"
"1,405,148,403.36"
"1,255,064,492.72"
"1,076,674,148.75"
"1,001,753,121.67"
"1,171,702,148.09"
"1,431,835,478.84"
"1,190,568,345.93"
"1,494,597,434.93"
"1236232,26.19"
"1022366,39.22"
"1296198,25.45"
"1044644,23.99"
"1190225,24.8"
"1021330,33.99"
"1,442,812,483.96"
"11,447,932,247.25"
"13,166,002,797.40"
"1033770,24.18"
"1374497,20.8"
"1,201,008,128.04"
"1433924,75.58"
"1,114,869,134.12"
"1302328,58.36"
"1471348,24.25"
"1158546,47.61"
"1,056,581,103.59"
"1,078,865,176.47"
"1,182,751,351.40"
"1224624,25.18"
"1016217,23.63"
"1242062,18.9"
"1356548,88.44"
"1131755,82.12"
"1073235,43.95"
"1350052,39.92"
"1067861,63.77"
"1363499,37.62"
"1,156,194,397.95"
"1,497,839,387.83"
"1,362,253,460.64"
"1,127,689,274.13"
"1,131,633,260.30"
"1379641,79.32"
"1375547,39.36"
"1,362,483,110.15"
"1318787,31.64"
"1,040,504,175.14"
"1,383,355,336.63"
"1,483,664,287.76"
"1470238,93.45"
"1224754,98.77"
"1357578,56.38"
"1,427,610,493.95"
"1,313,326,242.01"
"1,187,745,647.41"
"1,050,718,120.56"
"1104924,53.88"
"1128265,62.5"
"1159770,83.85"
"1,066,486,114.08"
"1,421,436,205.02"
"1200066,41.69"
"1416057,71.21"
"1085183,63.97"
"1,349,506,253.76"
"12,615,491,510.17"
"12,928,841,142.81"
"1453903,49.98"
"1025892,29.84"
"1,199,793,108.74"
"1,068,780,123.99"
"1,085,401,195.64"
"1037192,43.34"
"1400718,39.04"
"1073403,80.62"
"1456771,85.53"
"1,250,564,149.83"
"1487779,49.97"
"1336818,76.56"
"1010555,64.14"
"1,002,043,311.64"
"1,242,012,325.17"
"1,166,145,126.22"
"1,440,436,712.99"
"1,146,215,632.15"
"1,043,014,178.08"
"1310723,30.61"
"1,008,614,101.96"
"1076975,42.57"
"1,149,000,304.29"
"1,415,442,503.30"
"1,136,838,554.04"
"1070227,71.84"
"1297253,69.52"
"1,061,532,219.26"
"1,221,557,615.43"
"1,213,113,228.84"
"1,101,454,617.48"
"1,199,855,104.54"
"1258187,76.01"
"1176775,94.41"
"1,406,839,169.58"
"1,016,677,197.53"
"1219958,30.41"
"1102306,70.01"
"1394484,34.66"
"1,237,611,402.99"
"10,016,801,720.88"
"14,087,621,813.45"
"1096050,20.5"
"1253938,37.83"
"1494171,23.18"
"1,202,063,146.87"
"1,269,353,213.32"
"1,425,528,249.66"
"1083018,72.26"
"1254356,49.38"
"1096392,28.18"
"1,291,874,129.57"
"1012825,67.78"
"1,411,856,136.35"
"1389546,72.19"
"1332496,33.06"
"1,218,626,387.26"
"1,060,240,286.89"
"1,051,688,284.62"
"1,070,142,161.34"
"1,261,392,152.61"
"1206482,79.58"
"1205025,30.29"
"1414894,40.17"
"1,201,822,323.36"
"1,065,852,253.81"
"1,010,653,349.28"
"1,393,959,101.87"
"1,238,587,118.79"
"1,410,003,159.38"
"1,420,919,249.50"
"1247163,86.05"
"1,494,734,223.19"
"1421622,31.29"
"1076991,32.82"
"1455585,72.99"
"1199090,83.83"
"1417240,18.63"
"1,252,660,176.11"
"12,513,331,996.10"
"13,537,341,494.97"
"1107468,20.06"
"1,173,002,132.34"
"1329582,84.23"
"1,144,663,169.17"
"1107196,27.04"
"1144647,33.67"
"1,161,763,109.35"
"1091117,31.04"
"1327267,39.23"
"1214601,58.66"
"1136504,22.53"
"1,221,756,212.16"
"1,394,196,285.87"
"1,376,542,147.76"
"13,775,191,512.05"
"1,373,036,916.61"
"1,414,248,629.55"
"1303417,97.13"
"1374782,57.96"
"1119799,51.37"
"1,238,224,433.98"
"1,368,565,464.70"
"1,209,454,847.37"
"1,465,217,144.14"
"1326935,67.04"
"1,418,145,158.31"
"1,496,743,588.66"
"1,391,503,435.87"
"1,014,063,901.96"
"1,072,843,135.59"
"1,179,267,136.21"
"1,086,413,194.63"
"1,379,056,185.44"
"1,321,694,147.56"
"1474917,27.05"
"1046579,60.89"
"1378510,53.77"
"1,264,839,472.06"
"13,874,142,555.48"
"10,116,283,242.07"
"1361035,62.84"
"1288726,57.93"
"1,063,469,308.62"
"1,153,382,374.05"
"1,437,433,261.19"
"1,448,288,113.79"
"1001552,73.23"
"1375215,46.53"
"1257492,83.39"
"1,112,246,189.05"
"1,484,213,297.03"
"1427638,55.16"
"1327005,33.21"
"1315112,46.98"
"1,354,041,190.31"
"1,388,619,298.91"
"1,284,859,325.01"
"1123242,52.27"
"1093878,99.49"
"1201131,68.02"
"1,134,701,330.73"
"1,351,203,427.24"
"1,167,481,269.50"
"1,242,087,664.04"
"1,492,615,330.69"
"1,200,152,324.57"
"1,126,912,235.91"
"1106260,68.05"
"1461252,47.73"
"1,098,918,535.64"
"1,029,001,720.56"
"1,367,814,877.40"
"1,302,999,203.51"
"1,144,931,223.91"
"1,248,673,281.98"
"1,313,222,769.97"
"1,158,067,421.32"
"1,432,675,690.62"
"1012475,83.41"
"1177901,49.53"
"1495339,56.25"
"1476033,47.47"
"1055591,42.89"
"1452758,27.46"
"1161069,45.08"
"1,186,251,500.26"
"10,338,771,636.50"
"14,132,582,793.90"
"1211863,22.5"
"1498754,33.85"
"1119251,37.03"
"1,305,260,103.38"
"1219991,62.14"
"1120047,94.44"
"1488566,62.35"
"1449824,73.56"
"1,433,843,141.90"
"1,061,572,200.13"
"1,309,177,258.41"
"1174310,24.09"
"1450619,31.09"
"1110276,28.28"
"1,327,917,134.38"
"1,028,529,199.45"
"1229877,91.7"
"1303565,37.89"
"1094342,81.16"
"1424443,27.81"
"1,444,668,286.54"
"1,484,000,375.21"
"1,280,618,215.67"
"1,480,428,652.44"
"1,455,643,587.34"
"1,285,656,391.61"
"1372762,52.25"
"1,432,834,113.06"
"1237460,83.16"
"1,295,014,278.04"
"1,244,513,466.36"
"1,385,541,511.12"
"1035060,85.85"
"1,121,323,117.38"
"1,085,830,189.98"
"1,462,127,434.92"
"1,295,783,233.88"
"1,326,454,552.06"
"1,055,864,148.26"
"1234254,90.78"
"1041769,51.73"
"1,160,937,136.51"
"1,342,313,203.82"
"1,016,474,152.21"
"1110194,42.32"
"1251550,54.24"
"1431845,45.01"
"1,353,126,486.16"
"1,056,291,925.34"
"13,256,641,480.09"
"1459553,40.2"
"1254297,50.79"
"1449312,31.24"
"1,458,496,148.23"
"1,378,698,148.86"
"1,234,170,313.88"
"1226667,50.56"
"1397179,37.55"
"1034705,45.54"
"1,140,008,123.52"
"1158536,62.59"
"1,000,316,153.39"
"1025702,49.93"
"1260965,78.62"
"1071743,84.06"
"1,209,313,243.82"
"1,339,877,277.89"
"1,061,709,222.61"
"1,252,003,479.49"
"1,254,045,194.40"
"1,455,149,106.70"
"1037986,41.7"
"1243872,54.1"
"1481039,56.86"
"1,287,198,165.42"
"1,467,395,343.49"
"1,433,692,347.23"
"1090565,59.3"
"1048727,54.56"
"1,431,670,134.33"
"1,351,526,375.28"
"1,468,658,185.43"
"1,140,102,227.25"
"1191743,29.71"
"1021450,52.45"
"1272459,24.18"
"1222494,30.74"
"1207845,26.35"
"1,283,850,314.96"
"12,545,661,016.84"
"10,657,431,630.25"
"1293087,21.56"
"1,211,532,117.99"
"1,336,103,202.23"
"1,248,026,235.30"
"1334098,21.11"
"1354295,39.1"
"1335974,25.75"
"1277523,21.66"
"1178038,31.4"
"1108132,38.75"
"1476589,61.57"
"1095707,29.49"
"1,342,490,218.88"
"1,112,212,302.68"
"1,251,432,230.22"
"1,345,064,305.73"
"1,365,578,119.19"
"1,430,307,198.61"
"1097311,33.29"
"1179754,58.17"
"1,093,267,166.28"
"1,268,084,151.77"
"1,027,654,102.30"
"1,304,946,104.06"
"1,308,505,186.71"
"1,355,349,225.85"
"1151988,74.14"
"1,066,688,128.13"
"1265837,20.76"
"1451100,26.23"
"1129429,28.38"
"1,360,992,118.55"
"10,920,341,795.38"
"14,313,591,873.50"
"1020389,39.93"
"1495262,47.79"
"1,416,203,151.93"
"1,026,691,206.43"
"1,038,947,257.90"
"1,280,856,142.45"
"1267098,16.7"
"1063760,44.12"
"1070558,24.68"
"1,316,514,333.67"
"1,246,990,350.20"
"1,278,694,216.63"
"1,044,833,669.44"
"1,082,537,324.72"
"1,290,623,226.96"
"1002960,78.59"
"1,097,353,100.77"
"1197924,47.5"
"1,447,615,346.35"
"1,073,580,398.91"
"1,459,132,581.75"
"1229468,69.04"
"1436975,56.85"
"1,209,334,193.24"
"1,162,245,455.05"
"1,128,432,215.48"
"1,266,348,477.42"
"1156193,75.18"
"1058895,63.06"
"1342347,63.67"
"1186897,64.72"
"1,093,559,124.20"
"1189431,67.32"
"1464252,34.62"
"1378898,22.94"
"1307236,34.31"
"1,278,502,210.45"
"12,103,781,624.99"
"12,749,342,302.22"
"1091749,23.98"
"1381034,42.72"
"1421914,15.99"
"1,456,658,237.67"
"1,137,166,269.54"
"1,144,564,264.48"
"1,181,209,109.51"
"1134920,54.81"
"1460464,91.16"
"1235873,78.39"
"1,104,114,129.28"
"1,404,886,178.36"
"1191448,27.37"
"1270020,32.93"
"1,349,855,166.96"
"1,038,419,143.45"
"1372105,83.84"
"1466539,44.66"
"1049894,79.99"
"1165845,47.17"
"1,184,351,335.36"
"1,020,232,203.73"
"1,176,566,145.87"
"1,142,567,409.07"
"1,247,424,328.66"
"1,331,093,174.83"
"1065120,36.3"
"1379552,82.84"
"1373275,63.61"
"1,044,528,282.67"
"1,405,516,310.48"
"1,480,437,322.66"
"1116430,67.06"
"1094315,74.1"
"1,115,681,181.05"
"1,487,577,366.64"
"1,206,620,230.85"
"1,006,717,317.44"
"1,455,478,130.70"
"1,473,148,126.45"
"1108700,59.88"
"1494266,69.07"
"1,142,552,151.29"
"1,119,868,146.84"
"1112572,71.49"
"1001450,27.66"
"1,035,747,274.64"
"14,260,811,455.83"
"13,026,431,440.57"
"1091771,23.16"
"1368796,22.04"
"1418344,58.96"
"1,213,867,126.13"
"1,428,614,209.77"
"1323445,43.38"
"1400294,29.95"
"1,202,102,122.25"
"1,351,443,106.59"
"1,469,614,184.07"
"1241717,34.64"
"1435336,85.67"
"1129632,24.74"
"1,497,604,361.64"
"1,153,131,173.40"
"1,165,802,128.85"
"1,397,430,692.70"
"14,217,001,240.76"
"1,199,301,614.74"
"1217162,70.42"
"1,314,371,139.54"
"1438430,54.84"
"1,161,906,701.95"
"1,437,201,822.51"
"1,105,750,764.66"
"1276479,89.04"
"1,385,089,123.68"
"1,363,114,236.77"
"13,864,341,423.46"
"1,009,855,519.26"
"14,565,561,330.35"
"1362834,87.35"
"1,397,380,113.22"
"1148711,76.73"
"1,425,133,150.92"
"1,406,516,157.55"
"1,410,348,156.52"
"1080589,29.42"
"1,257,696,139.17"
"1197163,33.97"
"1,492,896,755.86"
"13,909,661,269.79"
"13,008,692,105.02"
"1346062,52.66"
"1440801,48.5"
"1,457,400,421.06"
"1,129,511,236.39"
"1,206,563,498.34"
"1,463,167,122.38"
"1,127,290,148.37"
"1,152,630,104.75"
"1319449,81.83"
"1,085,416,148.54"
"1,148,437,407.21"
"1021989,28.88"
"1222373,36.62"
"1487297,36.66"
"1,464,106,157.22"
"1,120,848,426.01"
"1,161,361,212.89"
"1385103,82.88"
"1,035,520,151.90"
"1272865,78.43"
"1,115,214,296.25"
"1,482,473,408.22"
"1,173,061,225.00"
"1,160,004,138.88"
"1,209,168,143.42"
"1131071,49.31"
"1437124,33.1"
"1,132,303,119.35"
"1066597,47.4"
"1,204,147,191.48"
"1,347,735,376.16"
"1,471,974,184.91"
"1006545,87.78"
"1181713,93.96"
"1,310,282,311.07"
"1,403,767,148.63"
"1,142,620,190.18"
"1101218,23.08"
"1064390,29.3"
"1302997,46.41"
"1,394,499,228.51"
"1,220,035,854.21"
"13,016,101,731.67"
"1,192,894,139.47"
"1,086,367,106.22"
"1,024,610,171.71"
"1066449,33.39"
"1014622,25.01"
"1102434,40.86"
"1,094,038,121.90"
"1024198,60.71"
"1,480,962,239.78"
"1,058,212,290.71"
"1,034,193,270.33"
"1,133,734,846.47"
"1,368,841,411.64"
"1,307,976,223.10"
"1353818,34.64"
"1203717,60.48"
"1261194,56.44"
"1,429,330,412.40"
"1,093,502,449.91"
"1,396,514,673.35"
"1,164,080,144.93"
"1,496,571,140.42"
"1,456,487,261.49"
"1,124,122,712.00"
"1,344,652,237.54"
"1,045,314,467.30"
"1313065,85.38"
"1453858,48.79"
"1391383,47.35"
"1386732,82.89"
"1131958,63.2"
"1411353,30.35"
"1183217,37.92"
"1004907,39.88"
"1,370,612,468.00"
"10,592,273,111.87"
"10,440,762,315.77"
"1461383,23.67"
"1370497,20.76"
"1,201,558,414.29"
"1,009,155,422.92"
"1,108,733,274.59"
"1067902,69.15"
"1182115,80.24"
"1,275,446,119.15"
"1,303,182,142.32"
"1,347,823,289.73"
"1193439,38.11"
"1,093,068,131.75"
"1313752,67.21"
"1431000,67.48"
"1405764,61.97"
"1167876,58.2"
"1216873,51.5"
"1,219,158,351.13"
"1,140,986,366.79"
"1,225,887,255.12"
"11,369,541,156.51"
"1,072,381,293.55"
"1,466,210,232.72"
"1224719,82.59"
"1275996,64.54"
"1014424,92.68"
"1,343,873,325.92"
"1,215,447,434.02"
"1,047,563,800.35"
"1,130,244,116.52"
"1144237,92.93"
"1,375,781,190.96"
"1,074,647,496.07"
"1,266,701,215.88"
"1,022,706,609.21"
"1,125,457,127.46"
"1,291,420,160.93"
"1309030,82.94"
"1090177,93.95"
"1,027,770,175.96"
"1320976,36.02"
"1086618,43.23"
"1426062,48.04"
"1,386,393,476.19"
"13,657,081,756.65"
"12,962,882,349.47"
"1105095,42.89"
"1490527,30.29"
"1290461,21.84"
"1,207,023,434.10"
"1,161,985,290.13"
"1,091,579,246.11"
"1,083,415,152.81"
"1,481,004,178.52"
"1,210,068,160.80"
"1092395,87.51"
"1,098,833,149.10"
"1,276,935,243.16"
"1232445,56.65"
"1334966,49.33"
"1170489,68.55"
"1,051,286,295.70"
"1,172,343,269.43"
"1,063,250,146.15"
"1262276,39.39"
"1086671,93.99"
"1403410,69.12"
"1,416,327,314.68"
"1,466,980,348.16"
"1,209,617,183.87"
"1358442,58.55"
"1021640,83.66"
"1458255,53.82"
"1076401,95.78"
"1,466,523,132.57"
"1,009,398,233.12"
"1365750,82.9"
"1,020,333,101.74"
"1,302,929,118.38"
"1,049,098,251.85"
"1,275,886,243.51"
"1,377,436,226.62"
"1,339,401,182.17"
"1296573,35.56"
"1382490,15.83"
"1,105,475,369.81"
"13,458,692,234.99"
"12,460,511,600.92"
"1,395,793,120.81"
"1,161,426,131.40"
"1,169,752,183.32"
"1075712,24.35"
"1396750,20.73"
"1369446,97.65"
"1250772,35.5"
"1,228,466,315.41"
"1,363,888,342.62"
"1,346,906,204.15"
"1,440,877,542.70"
"1,284,314,239.70"
"1,469,441,156.12"
"1434417,59.71"
"1,137,425,122.57"
"1043915,45.71"
"1,470,343,256.70"
"1,348,031,454.38"
"1,153,756,597.82"
"1236706,72.54"
"1,140,362,103.77"
"1,385,981,170.76"
"1,479,530,667.05"
"1,117,421,275.17"
"1,464,250,780.72"
"1,407,622,121.10"
"1036421,71.77"
"1002959,76.25"
"1,426,563,259.05"
"1,247,670,267.74"
"1462768,58.34"
"1,334,259,107.47"
"1454376,64.51"
"1,489,795,466.31"
"11,269,402,171.92"
"10,676,831,405.03"
"1052663,40.7"
"1135752,39.42"
"1027714,42.0"
"1,083,688,128.99"
"1,118,433,231.81"
"1,393,099,236.84"
"1009083,78.66"
"1218541,32.06"
"1238031,29.16"
"1,105,141,180.73"
"1,098,287,185.14"
"1,299,929,391.99"
"1192747,59.9"
"1,353,255,129.79"
"1370526,86.97"
"1,034,948,289.98"
"1,443,790,279.65"
"1,258,783,195.28"
"1,266,289,998.74"
"1,371,943,892.82"
"1,134,369,288.03"
"1439573,74.46"
"1162693,70.77"
"1337595,23.45"
"1,476,185,248.98"
"1,277,210,557.62"
"1,353,948,269.32"
"1,481,232,151.18"
"1,489,354,163.63"
"1,015,807,135.55"
"1,430,066,255.12"
"1,456,342,284.30"
"1,113,435,183.98"
"1427628,40.94"
"1200050,46.55"
"1406961,70.1"
"1042014,24.99"
"1378115,33.18"
"1,080,704,167.05"
"14,274,001,929.11"
"11,831,691,997.27"
"1337149,17.69"
"1147099,14.24"
"1082994,18.17"
"1,438,733,105.47"
"1,105,548,236.27"
"1,115,545,345.52"
"1,331,116,256.93"
"1146566,39.57"
"1211395,68.99"
"1499922,41.08"
"1,491,288,426.75"
"1,417,275,580.72"
"1,248,994,347.57"
"12,587,091,526.28"
"1,394,819,541.04"
"1,135,533,304.51"
"1051730,80.38"
"1165520,74.85"
"1197088,42.62"
"1,465,199,655.76"
"1,401,826,834.85"
"1,392,220,907.23"
"1,021,878,118.61"
"1,400,369,141.26"
"1,021,693,214.43"
"1,483,559,762.08"
"1,475,544,323.84"
"1,300,625,951.79"
"1197565,78.54"
"1355784,62.03"
"1111727,63.77"
"1376997,48.11"
"1244359,58.01"
"1373136,80.52"
"1083651,68.43"
"1,410,171,577.32"
"13,270,451,449.27"
"13,430,532,523.37"
"1499459,40.69"
"1381205,28.06"
"1308369,37.68"
"1,236,789,119.23"
"1,322,057,138.50"
"1,402,380,237.21"
"1,495,133,288.85"
"1,135,723,382.81"
"1,177,453,159.73"
"1,237,932,110.14"
"1,265,825,219.68"
"1,407,678,306.40"
"1166219,20.99"
"1472113,23.11"
"1,149,680,337.19"
"1,280,831,165.28"
"1,099,376,220.90"
"1310205,43.02"
"1,100,532,118.68"
"1232899,57.96"
"1,231,600,343.02"
"1,116,674,344.80"
"1,422,960,364.69"
"1,050,205,500.15"
"1,416,864,194.44"
"1337366,72.63"
"1125197,39.92"
"1086371,83.59"
"1,341,997,227.82"
"1,032,394,442.81"
"1,447,457,269.80"
"1243007,75.3"
"1,303,301,131.76"
"1106702,63.42"
"1,385,548,481.29"
"1,216,801,309.08"
"1,313,139,367.46"
"1230530,85.16"
"1229440,50.73"
"1173475,64.25"
"1361085,95.59"
"1,012,153,106.78"
"1010245,55.37"
"1425334,68.27"
"1009825,35.41"
"1,271,945,195.42"
"10,845,681,301.82"
"1,021,535,759.53"
"1011457,22.43"
"1429661,28.87"
"1,429,395,101.42"
"1,391,550,115.20"
"1,476,176,204.25"
"1346514,32.25"
"1257642,41.91"
"1437428,34.16"
"1093473,69.56"
"1321968,48.52"
"1262804,55.33"
"1226903,43.24"
"1280458,64.55"
"1232919,31.65"
"1,017,140,259.04"
"1,322,867,281.70"
"1,196,131,188.74"
"1,141,874,391.85"
"1,377,332,382.63"
"1,377,521,269.24"
"1292453,47.32"
"1056097,34.57"
"1271999,18.3"
"1,036,445,224.19"
"1,469,373,354.91"
"1,339,817,374.03"
"1210375,78.44"
"1,041,090,245.36"
"1,299,861,148.98"
"1,439,928,342.23"
"1,174,553,177.87"
"1,084,641,330.22"
"1172007,94.5"
"1276111,56.07"
"1222758,42.61"
"1,123,142,135.21"
"1,200,813,104.41"
"1058764,34.56"
"1105638,17.53"
"1,386,900,393.43"
"10,902,232,325.45"
"11,685,001,788.39"
"1478388,16.22"
"1018488,17.46"
"1,365,428,141.19"
"1,354,563,141.88"
"1,074,154,221.66"
"1012293,67.1"
"1317898,16.28"
"1,326,234,144.34"
"1231970,34.13"
"1462420,61.95"
"1356535,33.55"
"1282500,57.45"
"1234238,25.15"
"1,287,568,235.03"
"1,336,390,328.42"
"1,416,376,220.56"
"14,120,721,802.28"
"1,157,631,918.38"
"1,460,512,257.98"
"1238865,54.86"
"1077300,65.35"
"1,247,292,241.33"
"1,015,227,454.54"
"1,029,269,271.81"
"1,074,211,299.64"
"1,069,951,321.53"
"1,455,666,216.92"
"1,369,533,354.40"
"1,221,494,114.33"
"1,030,934,451.74"
"1454801,26.39"
"1055201,67.47"
"1228440,53.53"
"1448901,47.28"
"1180107,26.44"
"1,461,549,252.56"
"12,328,091,788.26"
"13,564,021,996.10"
"1258158,42.68"
"1420628,34.65"
"1059120,97.57"
"1,478,189,149.01"
"1,363,426,181.21"
"1071794,28.05"
"1,455,436,161.12"
"1214569,39.68"
"1,463,916,117.03"
"1305060,57.12"
"1233157,55.95"
"1042434,37.68"
"1,185,694,219.28"
"1,293,729,335.06"
"1,136,776,306.73"
"1,413,517,754.74"
"1,259,598,501.98"
"1,436,258,276.06"
"1382915,21.14"
"1,378,089,102.69"
"1,020,754,267.54"
"1,311,330,375.58"
"1,347,849,395.60"
"1,223,036,121.91"
"1,443,948,155.54"
"1,031,537,228.17"
"1,241,557,346.47"
"1,080,727,118.61"
"1,304,133,314.99"
"1376166,60.54"
"1040003,64.08"
"1169082,39.64"
"1186723,29.77"
"1,038,950,119.12"
"1,004,288,105.55"
"1307572,31.74"
"1286873,40.64"
"1141389,40.66"
"1,031,169,173.97"
"11,821,722,112.96"
"10,256,451,816.42"
"1109353,25.02"
"1310175,46.3"
"1241604,35.03"
"1,149,972,103.61"
"1,119,709,134.26"
"1,016,210,342.19"
"1143861,87.36"
"1448070,54.83"
"1,180,256,104.75"
"1028658,44.36"
"1385596,48.5"
"1,224,224,312.78"
"1,321,495,399.44"
"1,044,081,243.02"
"1,262,088,476.76"
"1,165,396,394.18"
"1,030,700,343.96"
"1260150,44.59"
"1443457,73.24"
"1249975,69.17"
"1,325,306,288.73"
"1,032,733,359.45"
"1,307,045,651.10"
"1,478,238,142.22"
"1,403,904,136.52"
"1,159,996,202.01"
"1,393,212,392.07"
"1,144,115,269.60"
"1,231,616,388.84"
"1175049,35.01"
"1073731,27.28"
"1133318,57.78"
"1025446,39.98"
"1029180,40.73"
"1072871,25.66"
"1,019,252,404.99"
"12,314,751,223.79"
"12,519,092,311.75"
"1259666,38.76"
"1,347,514,151.57"
"1,421,537,279.86"
"1490547,70.2"
"1031512,61.55"
"1201497,91.51"
"1358702,52.67"
"1,294,819,127.29"
"1,252,270,119.14"
"1404874,18.48"
"1052619,22.17"
"1,415,070,162.77"
"1131404,60.77"
"1114748,33.18"
"1478278,43.71"
"1385580,76.92"
"1053602,25.31"
"1,373,446,358.72"
"1,254,188,200.18"
"1,064,722,180.30"
"1,017,611,733.63"
"1,478,736,272.08"
"1,319,448,212.99"
"1068050,47.26"
"1168512,68.71"
"1225854,41.63"
"1,281,168,238.32"
"1,090,747,404.54"
"1,334,066,445.19"
"1,109,736,111.60"
"1444828,44.33"
"1,370,445,203.55"
"1,434,316,338.84"
"1,158,124,245.74"
"1,149,325,379.04"
"1125965,64.34"
"1084734,44.26"
"1149415,52.53"
"1209328,38.95"
"1163249,36.83"
"1380450,34.26"
"1053981,28.71"
"1,414,115,248.57"
"10,261,202,154.72"
"10,967,942,378.81"
"1,146,050,150.29"
"1,331,189,223.96"
"1,382,755,233.59"
"1041188,70.46"
"1184878,53.97"
"1480216,49.14"
"1,397,576,114.22"
"1,048,682,153.22"
"1233664,28.31"
"1016670,37.27"
"1,178,070,235.92"
"1,278,946,105.24"
"1166260,63.27"
"1046348,47.37"
"1335428,77.84"
"1,293,935,342.86"
"1,287,888,196.34"
"1,359,856,113.17"
"1,020,415,623.42"
"1,082,289,345.88"
"1,099,898,208.99"
"1358318,47.97"
"1,086,585,106.74"
"1111735,81.68"
"1,358,085,346.03"
"1,238,125,581.13"
"1,035,424,480.13"
"1,356,727,103.17"
"1,329,534,119.40"
"1,099,878,225.72"
"1,268,385,487.16"
"1,209,282,407.21"
"1,245,282,582.83"
"1288831,90.18"
"1425235,81.97"
"1383338,73.48"
"1217413,58.84"
"1,476,508,100.36"
"1391751,34.02"
"1331642,64.89"
"1031204,49.19"
"1,466,616,197.81"
"10,797,102,329.99"
"12,643,752,326.00"
"1042616,32.42"
"1,240,964,176.73"
"1,160,082,150.94"
"1,039,277,239.50"
"1,353,139,101.43"
"1333671,49.52"
"1290071,60.65"
"1403753,75.81"
"1,243,092,156.16"
"1,280,359,248.03"
"1087974,22.81"
"1239630,27.75"
"1,234,605,129.49"
"1,340,890,104.09"
"1163887,64.08"
"1426026,70.38"
"1,427,154,102.27"
"1044017,56.43"
"1,279,847,273.42"
"1,456,120,417.20"
"1,253,370,229.31"
"1,278,810,128.02"
"1,117,394,147.08"
"1012670,82.52"
"1025188,70.62"
"1332233,28.93"
"1323407,37.43"
"1,034,869,241.53"
"1,376,226,257.98"
"1,309,756,189.67"
"1,303,248,122.99"
"1,298,371,151.61"
"1,228,447,138.41"
"1,392,600,334.39"
"1,210,989,145.19"
"1,224,929,135.77"
"1006863,18.44"
"1046576,38.4"
"1131373,39.68"
"1099601,41.79"
"1,165,145,156.27"
"12,434,491,083.64"
"12,725,321,268.13"
"1038824,67.13"
"1,274,071,172.29"
"1,035,671,129.56"
"1143118,28.65"
"1284066,54.98"
"1346299,37.5"
"1019250,16.19"
"1148436,72.43"
"1002446,50.37"
"1,367,571,308.35"
"1,430,226,350.16"
"1,459,893,203.98"
"1,435,663,496.67"
"1,145,434,216.75"
"1,165,874,126.83"
"1480615,60.3"
"1,465,173,147.96"
"1,377,131,235.17"
"1,499,074,202.41"
"1458855,27.51"
"1264284,86.3"
"1380981,92.53"
"1,408,379,299.48"
"1,355,328,154.86"
"1,046,966,426.72"
"1406927,75.34"
"1049031,51.51"
"1404257,78.66"
"1,355,175,148.95"
"1,107,709,115.72"
"1449044,47.92"
"1347707,19.66"
"1121174,21.09"
"1,117,633,179.01"
"12,425,231,049.69"
"14,158,561,108.15"
"1449012,14.75"
"1027293,73.41"
"1409385,93.23"
"1,302,226,186.25"
"1454173,18.69"
"1055319,22.84"
"1,104,911,108.89"
"1073327,58.66"
"1,247,615,103.82"
"1081843,61.81"
"1085992,40.82"
"1114342,38.02"
"1,181,597,228.31"
"1,109,296,238.84"
"1275019,98.88"
"1,414,111,398.84"
"1,410,252,353.78"
"1,023,485,190.63"
"1008417,38.46"
"1,228,962,110.56"
"1255627,77.68"
"1,228,545,330.24"
"1,291,262,377.50"
"1,122,503,410.56"
"1456341,66.16"
"1075103,75.02"
"1,194,241,314.99"
"1,447,660,283.23"
"1,384,680,167.67"
"1,073,552,367.44"
"1004768,56.9"
"1143648,37.27"
"1187892,36.44"
"1107358,83.23"
"1156352,72.7"
"1133290,40.7"
"1341616,51.55"
"1415018,38.92"
"1,267,108,303.51"
"1,360,251,891.05"
"10,440,361,382.37"
"1231149,25.57"
"1,030,937,112.81"
"1436012,79.59"
"1,092,893,167.08"
"1026836,30.32"
"1311633,32.26"
"1,026,271,145.12"
"1367333,37.48"
"1087697,92.12"
"1402406,48.92"
"1,007,970,110.57"
"1110234,42.5"
"1,042,031,213.42"
"1,354,819,319.18"
"1,088,259,225.05"
"1,085,852,815.56"
"1,468,989,612.52"
"1,403,733,164.00"
"1344775,33.58"
"1,442,285,104.57"
"1250784,51.12"
"1,408,134,311.16"
"1,323,039,369.45"
"1,066,138,682.27"
"1256418,78.74"
"1,077,102,219.27"
"1,061,292,438.49"
"1,077,010,392.79"
"1,477,799,198.27"
"1,146,321,246.39"
"1086118,39.19"
"1329979,42.24"
"1,108,620,127.81"
"13,143,381,881.53"
"12,777,182,353.62"
"1020303,22.72"
"1,376,133,108.93"
"1,451,917,187.99"
"1,037,515,234.39"
"1095876,32.91"
"1484068,37.57"
"1418055,20.86"
"1189836,31.05"
"1196248,32.47"
"1064741,65.33"
"1476995,24.6"
"1,489,210,338.20"
"1,105,338,265.25"
"1,209,310,259.32"
"1,193,672,285.49"
"1,015,109,250.26"
"1451337,85.29"
"1070810,77.59"
"1252731,51.56"
"1337324,33.13"
"1,464,476,262.46"
"1,325,073,274.74"
"1,476,644,231.95"
"1471167,80.91"
"1177828,72.0"
"1,012,132,175.26"
"1,457,332,491.63"
"1,420,723,182.23"
"1,379,716,335.03"
"1461586,57.31"
"1014910,35.36"
"1062544,19.06"
"1228539,59.59"
"1315305,70.19"
"1171787,42.08"
"1320329,27.39"
"1378417,34.83"
"1,352,952,165.27"
"14,223,861,944.89"
"12,038,251,503.59"
"1498811,24.17"
"1,389,677,117.96"
"1,458,614,220.10"
"1394090,34.04"
"1,074,370,157.43"
"1258772,44.06"
"1207443,53.11"
"1135503,78.65"
"1,417,871,132.80"
"1190598,62.62"
"1,397,164,212.55"
"1,184,400,306.82"
"1,002,018,190.28"
"13,821,481,092.00"
"1,381,389,666.47"
"1,487,211,437.49"
"1007065,68.65"
"1339580,82.9"
"1409201,19.37"
"1,472,746,290.13"
"1,102,375,340.01"
"1,473,267,329.64"
"1,048,698,147.22"
"1379561,88.44"
"1,301,623,147.31"
"1,014,278,481.08"
"1,330,464,217.11"
"1,342,395,484.49"
"1,375,806,123.04"
"1,096,741,101.17"
"1,041,615,141.49"
"1,342,423,129.07"
"1059627,44.42"
"1409682,58.29"
"1059549,27.8"
"1,210,915,241.75"
"14,500,421,984.79"
"12,101,491,772.57"
"1179255,35.66"
"1101161,28.69"
"1,268,053,120.85"
"1,352,488,167.83"
"1,221,355,351.12"
"1067239,27.62"
"1111111,33.09"
"1313652,27.72"
"1,480,871,361.19"
"1,422,291,338.43"
"1,179,933,266.72"
"1274357,35.37"
"1298823,82.9"
"1046935,23.35"
"1,016,063,276.66"
"1,455,416,312.78"
"1,313,904,272.62"
"14,280,931,378.86"
"1,198,610,499.70"
"1,157,707,364.47"
"1189918,34.13"
"1174307,81.52"
"1000187,48.74"
"1,342,306,484.59"
"1,318,282,701.06"
"1,270,201,856.58"
"1,280,808,135.58"
"1,150,862,218.81"
"1,021,413,276.43"
"1,094,162,510.87"
"1,118,654,491.33"
"1,429,684,755.47"
"1190688,86.59"
"1426016,48.3"
"1009331,67.38"
"1404482,94.37"
"1320186,35.19"
"1485305,57.0"
"1320053,26.51"
"1,276,724,457.40"
"12,167,811,282.76"
"14,032,792,559.19"
"1,269,402,392.93"
"1,367,021,271.37"
"1,371,505,428.92"
"1330348,80.2"
"1103851,56.49"
"1077092,46.09"
"1,339,617,125.37"
"1,110,478,193.95"
"1,228,645,304.80"
"1170029,28.27"
"1192549,35.89"
"1176563,25.75"
"1,413,110,127.21"
"1,435,293,237.46"
"1,113,104,132.69"
"1029982,37.59"
"1387250,82.12"
"1188932,43.9"
"1,067,502,481.62"
"1,372,355,421.42"
"1,010,398,314.63"
"1,002,774,306.55"
"1,300,715,149.49"
"1,034,963,101.98"
"1450299,21.75"
"1,101,152,106.14"
"1225707,20.82"
"1,280,976,493.38"
"1,272,924,345.93"
"1,157,862,580.03"
"1308727,86.93"
"1396355,53.33"
"1,319,853,114.62"
"1,025,693,367.59"
"1,174,284,149.45"
"1,127,315,404.95"
"1365949,91.93"
"1,217,224,109.76"
"1380028,32.43"
"1171896,84.0"
"1,232,711,184.51"
"1,101,191,293.19"
"1,261,322,119.50"
"1015454,60.13"
"1496729,50.54"
"1,388,842,172.20"
"12,414,132,408.81"
"14,274,062,345.66"
"1221106,46.76"
"1140020,25.6"
"1,229,693,139.04"
"1,251,379,161.54"
"1,376,260,278.60"
"1156319,41.11"
"1228144,33.32"
"1014899,63.0"
"1,431,873,104.24"
"1020355,70.05"
"1,430,423,139.82"
"1457210,44.12"
"1,406,481,158.34"
"1220988,20.72"
"1,290,134,255.13"
"1,415,673,174.99"
"1,263,946,260.19"
"1,157,662,573.16"
"1,342,442,709.42"
"1,372,892,233.61"
"1444251,94.54"
"1084196,36.45"
"1,336,601,238.60"
"1,046,867,480.65"
"1,101,521,196.52"
"1,236,459,149.37"
"1145992,97.11"
"1,338,064,146.74"
"1,050,100,441.42"
"1,220,899,239.27"
"1,498,515,324.65"
"1056902,41.97"
"1377760,25.41"
"1267745,45.51"
"1132536,51.75"
"1362590,34.17"
"1,069,068,223.89"
"10,211,212,197.14"
"14,874,012,866.68"
"1,084,470,157.97"
"1,295,002,148.79"
"1,445,770,213.58"
"1102502,20.74"
"1,084,519,148.54"
"1263659,46.91"
"1279234,30.79"
"1,460,038,118.03"
"1449879,76.41"
"1,352,135,496.20"
"1,210,368,482.03"
"1,331,126,424.67"
"1,112,151,560.03"
"1,441,960,479.22"
"1,145,346,337.01"
"1258825,56.47"
"1207668,58.99"
"1,383,149,293.68"
"1,343,838,619.22"
"1,439,672,327.43"
"1,184,574,201.47"
"1,023,277,191.39"
"1,248,368,221.34"
"1,227,706,363.76"
"1,479,882,201.95"
"1,337,785,465.74"
"1004906,85.12"
"1174598,94.68"
"1,051,295,120.02"
"1017785,64.85"
"1310192,59.48"
"1028507,76.76"
"1,373,044,333.51"
"13,040,531,573.14"
"14,487,381,614.16"
"1071840,22.42"
"1313954,25.19"
"1,309,908,116.64"
"1,342,142,185.88"
"1,473,460,239.69"
"1370089,42.92"
"1004343,44.63"
"1222106,34.61"
"1002928,81.6"
"1058873,43.87"
"1,044,864,134.10"
"1,486,442,101.58"
"1425021,68.42"
"1,008,397,319.17"
"1,391,911,429.55"
"1,182,013,195.00"
"11,656,631,024.64"
"1,223,006,277.60"
"1,206,804,258.76"
"1027745,26.81"
"1314357,68.46"
"1288466,65.51"
"1,358,293,300.22"
"1,489,205,291.22"
"1,133,029,548.20"
"1341287,86.15"
"1015315,99.85"
"1,218,770,210.95"
"1,011,342,330.11"
"1,386,993,233.25"
"1,207,436,308.82"
"1188771,34.05"
"1205146,68.18"
"1154191,58.47"
"1138460,22.81"
"1039828,25.87"
"1255252,39.74"
"1,481,540,202.05"
"12,114,531,141.57"
"14,315,762,463.49"
"1335487,26.03"
"1214871,33.65"
"1,014,275,166.58"
"1,298,741,123.03"
"1,404,202,309.65"
"1338188,46.63"
"1280709,49.35"
"1165109,50.5"
"1,476,298,114.94"
"1,199,618,102.54"
"1,285,808,151.64"
"1011785,19.51"
"1,387,575,173.84"
"1038249,66.17"
"1011495,53.74"
"1295212,34.62"
"1,336,050,187.23"
"1428648,58.63"
"1,194,854,323.57"
"1,474,301,347.59"
"1,095,188,155.24"
"1,140,825,752.62"
"1,012,491,344.61"
"1,497,644,345.34"
"1151991,61.5"
"1315803,65.0"
"1,233,071,378.71"
"1,435,116,392.49"
"1,266,694,458.69"
"1,418,807,185.01"
"1067946,87.17"
"1,315,882,228.27"
"1,244,420,392.40"
"1,239,651,378.20"
"1,139,412,555.17"
"1086494,63.32"
"1454318,26.57"
"1451628,40.04"
"1425203,70.02"
"1035969,32.13"
"1378876,48.15"
"1219684,20.63"
"1,036,703,598.24"
"12,548,471,428.02"
"13,671,682,591.15"
"1472953,23.15"
"1245301,21.47"
"1,447,359,126.22"
"1,068,290,115.86"
"1,028,432,109.01"
"1,293,894,103.00"
"1319514,66.21"
"1,421,014,131.67"
"1,043,326,240.67"
"1,115,177,268.87"
"1492822,34.07"
"1432265,17.29"
"1,231,740,126.52"
"1099596,81.03"
"1159070,39.93"
"1162208,50.63"
"1496945,16.83"
"1,118,760,319.45"
"1,003,526,329.72"
"1,416,907,189.16"
"12,970,111,529.61"
"1,428,408,548.39"
"1,410,693,440.10"
"1200410,63.44"
"1012549,64.18"
"1232566,62.86"
"1,376,393,430.84"
"1,376,744,771.05"
"1,097,535,989.31"
"1408804,60.2"
"1,057,605,101.03"
"1,463,699,223.43"
"1,115,966,950.42"
"1,381,909,545.43"
"13,475,301,165.28"
"1,081,570,214.74"
"1,073,718,129.38"
"1258520,88.99"
"1,244,035,361.97"
"1,199,619,239.19"
"1,181,360,127.73"
"1438920,66.77"
"1245281,41.11"
"1,043,910,710.88"
"12,647,471,534.01"
"10,464,741,974.35"
"1138104,29.42"
"1493956,67.27"
"1311461,41.54"
"1,418,312,274.92"
"1,321,027,388.93"
"1,281,767,442.79"
"1,431,943,123.80"
"1337912,97.58"
"1,212,536,114.58"
"1,499,629,150.06"
"1,183,617,167.09"
"1,023,943,521.14"
"1374112,43.85"
"1401086,48.75"
"1112152,39.18"
"1,078,963,256.13"
"1,440,398,334.33"
"1,345,916,384.09"
"1059854,46.98"
"1191834,91.42"
"1444602,74.71"
"1,353,033,316.06"
"1,480,966,345.57"
"1,271,162,215.63"
"1,022,214,781.88"
"1,322,521,704.77"
"1,451,871,449.68"
"1216122,70.33"
"1,370,092,108.10"
"1419779,71.05"
"1,217,665,725.16"
"1,450,493,693.91"
"11,724,131,246.36"
"1,428,154,128.75"
"1,402,384,119.00"
"1,376,519,241.15"
"13,048,281,004.78"
"1,050,874,472.95"
"11,915,311,115.53"
"1,334,827,123.58"
"1,074,290,112.22"
"1399635,58.68"
"1437531,42.24"
"1,447,746,133.04"
"1286648,26.89"
"1471256,74.54"
"1111125,27.73"
"1,280,472,530.21"
"14,052,022,430.95"
"14,128,552,357.33"
"1255011,55.62"
"1444429,42.34"
"1431689,31.92"
"1,057,013,232.35"
"1,062,879,316.28"
"1,475,701,383.34"
"1,283,397,159.98"
"1,379,872,153.39"
"1270313,88.71"
"1,468,982,161.73"
"1,480,847,242.22"
"1,445,130,370.87"
"1122641,37.44"
"1039587,16.25"
"1343012,31.54"
"1,077,222,170.29"
"1,274,961,312.79"
"1,175,881,304.42"
"1365452,83.82"
"1,369,894,128.83"
"1340262,65.19"
"1,016,428,307.25"
"1,462,301,521.45"
"1,488,572,340.64"
"1,347,909,189.67"
"1,085,203,145.16"
"1,052,223,109.26"
"1222718,77.31"
"1253183,27.52"
"1,210,461,251.61"
"1,449,409,377.45"
"1,229,870,299.57"
"1,238,139,179.30"
"1,112,819,266.95"
"1,498,591,383.50"
"1,412,257,240.42"
"1,443,612,256.44"
"1143336,37.67"
"1022823,32.76"
"1237795,48.75"
"1400097,47.95"
"1118613,32.32"
"1425005,45.0"
"1,010,680,173.77"
"11,365,121,796.60"
"13,217,751,585.37"
"1439583,68.21"
"1,150,078,182.15"
"1238367,96.15"
"1052769,15.5"
"1060114,44.79"
"1265100,72.43"
"1307344,47.69"
"1455678,30.32"
"1,344,579,101.43"
"1011086,38.1"
"1,028,198,526.61"
"1,064,176,434.29"
"1,219,223,178.51"
"1,182,935,385.05"
"1,323,652,269.27"
"1,021,705,145.10"
"1166342,51.29"
"1,041,932,106.48"
"1278141,57.53"
"1,083,324,180.03"
"1,128,618,319.10"
"1,012,488,381.64"
"1,166,709,110.48"
"1,145,228,161.91"
"1,120,213,196.76"
"1,220,509,162.24"
"1,268,931,179.75"
"1469555,29.29"
"1074239,33.03"
"1222461,40.94"
"1408874,46.16"
"1142667,33.5"
"1,006,214,214.75"
"1,052,051,804.75"
"13,986,031,150.18"
"1,335,959,111.08"
"1458865,66.12"
"1,026,960,172.49"
"1179700,19.09"
"1162651,25.66"
"1,427,076,126.81"
"1119155,24.39"
"1379147,44.97"
"1017987,39.71"
"1289441,90.08"
"1137331,35.86"
"1,214,021,216.28"
"1,174,671,316.90"
"1,461,201,173.30"
"1,398,303,713.69"
"1,367,089,296.88"
"1256674,81.88"
"1199333,19.13"
"1,254,323,231.22"
"1,438,074,112.86"
"1344297,75.93"
"1185356,40.85"
"1480365,89.99"
"1,234,957,109.58"
"1,215,113,286.78"
"1,025,390,275.37"
"1,049,389,169.65"
"1008860,77.21"
"1016268,27.08"
"1342540,23.33"
"1217742,16.63"
"1310874,54.6"
"10,611,342,221.98"
"12,343,031,464.94"
"1059861,24.37"
"1133468,51.92"
"1097908,92.99"
"1,060,435,164.66"
"1,067,572,276.68"
"1,399,894,342.88"
"1251454,17.04"
"1451676,79.34"
"1482243,31.79"
"1,044,549,316.16"
"1,452,199,174.92"
"1,144,351,149.05"
"11,615,711,167.23"
"1,245,748,363.39"
"1,038,351,344.94"
"1438548,55.72"
"1038899,80.82"
"1,257,054,454.05"
"1,234,568,455.87"
"1,068,382,531.70"
"1,179,351,128.69"
"1,466,438,123.85"
"1,035,017,231.82"
"1,130,037,389.40"
"1,140,942,358.41"
"1,296,093,673.15"
"1284992,38.09"
"1479107,50.02"
"1310017,82.48"
"1,235,880,136.76"
"1170505,93.83"
"1303906,27.32"
"1450217,29.42"
"1474709,30.48"
"1,319,063,357.88"
"11,132,531,512.29"
"14,157,912,558.55"
"1184610,43.1"
"1349187,19.43"
"1,275,358,140.29"
"1,098,663,122.60"
"1,220,959,276.58"
"1027500,93.45"
"1479989,81.28"
"1,485,800,143.12"
"1,166,204,122.66"
"1,321,628,198.25"
"1,382,323,288.11"
"1445659,37.93"
"1363337,35.33"
"1343554,32.68"
"1,396,212,329.55"
"1,261,211,169.36"
"1197475,89.91"
"1014814,24.48"
"1,058,775,107.25"
"1,328,757,334.40"
"1,140,301,356.73"
"1,282,209,204.06"
"1,146,752,559.20"
"1,442,651,293.44"
"1,456,596,190.61"
"1144878,39.03"
"1,272,485,136.58"
"1,185,809,133.44"
"1,157,763,300.69"
"1,116,511,337.16"
"1,209,870,379.74"
"1113723,77.69"
"1099468,73.86"
"1,336,292,204.54"
"1,156,318,448.05"
"1,029,010,179.44"
"1,439,153,477.08"
"1314559,39.61"
"1220168,75.55"
"1022520,49.82"
"1187105,24.02"
"1426235,51.6"
"1337721,31.37"
"1,154,373,293.86"
"11,101,111,519.19"
"14,768,942,629.88"
"1033712,28.61"
"1287693,22.7"
"1,133,560,131.37"
"1,454,309,247.73"
"1,078,557,124.90"
"1,288,182,123.24"
"1,382,330,134.91"
"1065959,65.27"
"1,037,450,116.72"
"1,476,614,145.26"
"1,393,195,191.29"
"1377502,17.57"
"1038259,27.22"
"1060062,32.61"
"1,070,288,109.91"
"1,114,802,135.90"
"1436867,73.36"
"1379819,52.47"
"1009706,56.23"
"1,368,507,316.02"
"1,101,879,314.04"
"1,102,835,101.78"
"14,869,891,527.41"
"13,684,891,019.89"
"1,017,840,307.87"
"1348427,34.67"
"1,124,985,104.89"
"1392976,62.65"
"1,306,068,324.18"
"1,015,283,579.39"
"1,303,490,712.65"
"1220929,53.41"
"1,095,880,111.00"
"1,243,385,170.11"
"1,397,343,811.21"
"1,237,369,376.77"
"1,090,286,789.54"
"1138081,65.92"
"1449096,72.61"
"1,203,267,169.23"
"1,366,456,295.98"
"1494238,54.07"
"1029262,25.47"
"1496731,37.96"
"1,284,339,421.15"
"14,239,532,418.48"
"10,247,222,690.43"
"1481106,49.43"
"1421779,25.13"
"1352223,27.74"
"1,393,402,163.03"
"1,433,357,283.28"
"1,266,900,239.36"
"1489761,56.37"
"1261209,64.16"
"1361332,49.76"
"1,189,301,110.90"
"1,151,371,136.20"
"1,354,092,177.42"
"1454122,68.06"
"1393161,31.26"
"1060096,31.43"
"1,392,558,235.74"
"1,001,732,174.18"
"1,197,558,162.95"
"1278126,53.68"
"1,058,809,104.60"
"1186000,39.43"
"1,103,916,374.10"
"1,427,474,387.38"
"1,140,198,125.37"
"1,000,259,179.62"
"1,244,589,186.55"
"1181187,65.52"
"1410710,36.88"
"1,213,578,127.66"
"1394387,47.53"
"1,109,580,251.33"
"1,191,686,377.52"
"1,165,523,190.55"
"1,018,734,148.42"
"1384724,69.39"
"1,343,596,211.35"
"1,260,186,332.99"
"1,304,941,169.67"
"1,099,076,211.51"
"1319873,45.89"
"1152002,30.1"
"1358467,42.27"
"1410651,26.57"
"1110968,76.76"
"1288751,68.37"
"1027386,24.79"
"1282178,24.23"
"1170610,30.42"
"1,319,455,187.38"
"13,653,561,504.71"
"14,962,202,003.64"
"1478163,28.72"
"1,223,865,133.68"
"1,123,698,142.33"
"1,176,259,145.82"
"1225808,20.31"
"1154154,36.27"
"1,131,039,152.65"
"1166112,42.42"
"1320612,67.12"
"1189106,34.88"
"1,085,459,105.39"
"1376960,48.74"
"1,142,743,310.80"
"1,180,975,304.53"
"1,325,950,212.69"
"1,490,788,601.63"
"1,140,043,544.00"
"1,332,302,389.07"
"1096751,54.14"
"1194289,60.66"
"1393706,36.98"
"1,165,972,198.48"
"1,009,271,206.75"
"1,061,618,335.26"
"1384048,79.09"
"1362799,80.27"
"1294741,58.97"
"1,086,077,272.64"
"1,311,575,201.86"
"1,145,973,442.71"
"1,395,057,116.98"
"1313483,90.57"
"1067885,65.61"
"1,409,690,100.85"
"1115066,70.15"
"1,479,423,158.85"
"1412869,64.3"
"1224761,67.17"
"1412050,72.4"
"1,499,647,281.52"
"12,836,802,210.59"
"12,154,852,125.41"
"1357170,18.53"
"1278322,38.15"
"1401883,22.09"
"1248961,80.67"
"1,236,313,159.33"
"1,175,091,247.68"
"1055999,33.57"
"1127793,26.85"
"1,029,950,113.00"
"1,302,076,112.19"
"1,365,136,185.58"
"1414357,34.12"
"1237820,86.51"
"1432803,69.94"
"1,284,324,292.98"
"1,170,956,368.83"
"1,276,537,197.09"
"1,384,893,505.76"
"1,117,763,158.21"
"1,208,718,112.94"
"1027462,46.83"
"1018552,90.96"
"1046677,44.17"
"1,363,181,315.74"
"1,349,629,515.76"
"1,394,082,404.46"
"1,106,562,122.90"
"1,455,589,284.10"
"1,287,051,234.06"
"1,314,839,340.00"
"1,166,553,329.18"
"1,084,654,250.45"
"1020212,18.47"
"1412950,21.7"
"1276636,47.27"
"1468217,41.4"
"1174079,35.61"
"1313487,43.63"
"1488686,34.06"
"1,094,443,126.44"
"13,501,872,218.52"
"12,367,841,707.89"
"1473799,18.16"
"1158244,65.95"
"1,134,075,115.51"
"1,268,433,137.99"
"1040229,29.89"
"1,459,297,107.67"
"1133119,21.96"
"1171397,18.8"
"1456419,37.22"
"1019974,52.53"
"1087561,36.17"
"1,212,269,353.09"
"1,101,704,578.24"
"1,202,252,244.22"
"10,392,691,566.06"
"1,077,204,390.63"
"1,281,620,389.88"
"1,248,159,149.99"
"1,259,615,295.65"
"1,368,165,246.73"
"1,044,893,592.95"
"14,790,021,393.45"
"11,691,091,191.27"
"1,416,683,143.04"
"1,152,295,169.21"
"1,497,570,170.29"
"10,517,171,868.81"
"1,360,988,884.30"
"10,335,121,746.90"
"1,070,940,335.49"
"1,387,675,303.61"
"1,280,308,199.85"
"1,312,899,188.33"
"1,030,517,214.33"
"1230721,72.62"
"1379341,69.14"
"1,310,857,181.39"
"1145669,79.6"
"1,448,045,704.91"
"13,998,802,433.34"
"12,778,742,045.13"
"1,175,687,113.80"
"1271245,20.77"
"1431405,69.81"
"1,013,079,527.43"
"1,022,695,588.17"
"1,053,367,590.63"
"1133154,64.68"
"1,486,084,141.95"
"1259677,58.16"
"1,284,400,156.87"
"1,459,875,323.76"
"1,436,130,575.98"
"1119175,51.6"
"1054274,30.97"
"1362180,39.4"
"1,006,812,397.70"
"1,197,105,478.68"
"1,407,386,311.31"
"1,436,480,181.37"
"1,449,481,272.70"
"1,199,727,164.16"
"1,387,510,643.50"
"1,010,322,491.62"
"1,114,835,442.27"
"1,315,294,664.77"
"1,347,977,191.55"
"1,020,443,217.43"
"1073586,41.46"
"1252414,57.15"
"1256432,54.43"
"1,483,205,442.36"
"1,119,877,411.93"
"1,113,981,680.52"
"1,135,082,222.23"
"1,488,789,209.86"
"1,147,171,247.32"
"1,402,916,250.72"
"1,292,161,349.98"
"1,242,985,503.25"
"1321783,34.71"
"1241472,38.34"
"1251058,43.61"
"1450588,17.77"
"1409084,32.66"
"1,228,425,440.31"
"14,657,462,210.39"
"13,873,652,413.13"
"1259885,29.32"
"1,314,218,165.45"
"1499434,58.98"
"1205825,70.38"
"1,201,097,112.15"
"1,215,049,183.82"
"1,414,563,128.61"
"1,371,908,127.26"
"1,171,282,241.29"
"1,227,184,242.33"
"1197503,15.17"
"1239490,31.7"
"1,097,524,115.74"
"1461607,62.09"
"1365702,28.75"
"1012906,33.17"
"1012078,65.3"
"1389080,24.07"
"1,032,631,344.31"
"1,489,207,385.35"
"1,337,131,173.06"
"1,029,910,769.83"
"1,430,031,404.43"
"1,283,025,257.85"
"1165027,43.79"
"1440018,54.15"
"1158456,72.42"
"1,285,597,307.71"
"1,316,448,528.25"
"1,061,646,622.69"
"1,031,293,229.08"
"1,488,101,180.28"
"1,073,802,112.67"
"1,361,654,286.25"
"1,272,308,523.41"
"1,485,680,490.05"
"1005877,39.83"
"1451554,22.75"
"1159245,83.12"
"1444521,30.81"
"1469869,26.52"
"1225464,55.58"
"1407934,24.74"
"1305028,26.09"
"1,042,129,686.76"
"10,345,451,827.76"
"14,134,442,689.95"
"1066882,29.29"
"1,152,169,100.23"
"1307675,78.6"
"1,488,555,138.77"
"1,059,414,111.07"
"1189218,83.41"
"1,320,171,126.35"
"1,146,016,105.00"
"1,136,398,169.05"
"1,059,505,196.05"
"1293366,29.74"
"1182802,35.35"
"1253115,23.02"
"1,159,178,103.77"
"1446058,37.35"
"1064794,45.86"
"1141553,35.94"
"1006695,47.98"
"1272585,27.08"
"1,070,762,339.07"
"1,106,209,354.53"
"1,102,625,280.40"
"1,460,117,944.04"
"1,168,450,301.13"
"1,174,472,520.64"
"1091126,89.97"
"1,327,692,214.51"
"1,369,944,100.86"
"1,076,195,873.03"
"12,303,701,238.54"
"12,198,571,350.29"
"1,392,774,140.14"
"1,490,074,125.87"
"1,142,707,283.17"
"12,563,351,793.45"
"1,022,752,694.84"
"11,994,041,629.41"
"1,089,782,128.48"
"1012275,95.77"
"1108032,42.56"
"1376737,91.75"
"1,095,976,196.40"
"1459794,62.41"
"1336320,30.86"
"1,141,097,119.79"
"1173016,69.68"
"1,062,590,828.85"
"14,940,112,406.73"
"12,903,193,785.71"
"1255521,63.74"
"1323579,38.13"
"1118887,31.65"
"1,020,945,762.38"
"12,082,351,001.79"
"12,416,951,030.81"
"1,001,480,162.62"
"1,179,178,170.80"
"1,356,902,106.37"
"1,108,487,177.01"
"1,123,371,147.81"
"1,115,630,355.61"
"1494723,41.02"
"1276791,41.76"
"1,264,964,273.29"
"1,339,935,397.03"
"1,142,372,266.12"
"1456131,66.72"
"1,376,618,159.82"
"1,460,120,163.99"
"1,180,767,325.78"
"1,298,827,357.44"
"1,373,829,397.75"
"1,289,790,725.24"
"1,000,845,550.22"
"1,175,552,294.08"
"1034495,44.16"
"1095641,48.23"
"1116171,33.38"
"1,045,651,296.82"
"1,494,879,340.91"
"1,340,094,494.34"
"1380047,76.67"
"1,451,824,113.46"
"1,118,019,171.85"
"1,319,044,522.42"
"1,083,302,279.97"
"1,006,498,579.35"
"1,044,635,149.66"
"1191040,95.02"
"1046701,58.88"
"1271141,91.93"
"1,064,573,328.63"
"1,221,491,265.51"
"1296974,63.28"
"1047082,42.62"
"1,123,740,573.62"
"11,668,782,254.67"
"12,611,581,415.22"
"1372710,43.99"
"1414865,52.27"
"1343421,19.08"
"1,339,455,152.43"
"1,284,344,197.39"
"1,331,011,448.91"
"1316044,75.18"
"1417012,40.3"
"1335062,42.2"
"1,479,042,212.59"
"1,281,399,124.58"
"1,445,942,166.14"
"1426027,51.33"
"1,103,454,116.48"
"1354917,82.1"
"1,181,945,384.71"
"1,068,392,302.38"
"1,094,413,286.21"
"1,133,590,208.30"
"1,198,539,251.46"
"1,228,516,113.14"
"1470418,93.29"
"1,282,233,200.30"
"1,119,341,114.72"
"1,350,163,233.36"
"1,446,868,338.15"
"1,117,788,272.91"
"1084785,87.09"
"1,027,170,124.64"
"1,256,383,393.70"
"1,111,687,385.41"
"1,161,810,278.04"
"1108175,30.99"
"1291832,16.23"
"1363596,42.24"
"1344083,76.02"
"1165848,29.87"
"1167386,47.63"
"1488976,40.11"
"1,110,700,297.01"
"11,805,801,068.92"
"10,321,811,538.25"
"1297855,35.49"
"1273681,18.91"
"1013479,79.09"
"1,195,397,127.42"
"1,238,309,207.87"
"1170347,37.32"
"1253863,18.31"
"1497076,23.74"
"1399955,67.97"
"1,345,131,214.75"
"1,193,006,137.69"
"1,130,482,940.17"
"13,466,351,083.19"
"1,386,232,240.90"
"1,324,076,540.85"
"1,238,197,359.16"
"1,226,958,156.59"
"1167651,35.14"
"1377265,39.87"
"1093956,27.44"
"1,186,891,187.17"
"1,329,524,395.74"
"1,166,094,351.51"
"1,157,852,157.85"
"1,393,643,156.53"
"1,040,223,207.04"
"1,132,197,217.58"
"1,318,938,221.45"
"1,031,516,235.78"
"1021553,43.62"
"1099673,41.48"
"1404951,18.7"
"1293997,18.84"
"1,008,418,130.55"
"13,439,842,581.42"
"10,551,511,894.38"
"1182352,30.24"
"1,478,005,136.90"
"1,425,808,187.57"
"1,247,373,230.62"
"1478214,33.36"
"1370534,85.19"
"1373810,17.64"
"1471246,29.26"
"1181627,20.41"
"1324824,46.26"
"1230085,20.73"
"1,338,642,385.90"
"1,490,842,377.00"
"1,235,778,232.34"
"1,265,348,708.16"
"1,140,817,369.92"
"1,151,804,115.19"
"1294014,45.37"
"1,100,330,118.96"
"1483740,60.33"
"1,498,209,322.96"
"1,188,956,431.14"
"1,299,376,445.67"
"1410308,89.49"
"1166161,77.03"
"1,116,043,202.53"
"1,424,215,503.32"
"1,495,417,241.41"
"1,404,092,397.46"
"1039123,78.92"
"1111277,79.11"
"1139068,49.57"
"1,086,312,184.92"
"1259287,74.15"
"1463066,25.9"
"1065535,51.66"
"1,156,579,286.73"
"13,796,051,477.24"
"14,869,441,580.56"
"1173657,21.8"
"1180510,21.29"
"1,044,288,128.24"
"1,004,602,178.27"
"1,298,548,251.16"
"1227429,24.48"
"1017637,45.08"
"1374626,87.81"
"1176686,40.23"
"1259881,93.66"
"1374717,25.82"
"1286552,38.74"
"1143236,91.86"
"1,169,118,380.12"
"1,035,523,310.80"
"1,153,354,209.02"
"1,353,572,744.65"
"1,401,750,504.43"
"1,379,838,280.25"
"1364501,23.1"
"1272770,53.29"
"1136753,62.51"
"1,445,380,348.10"
"1,074,980,567.60"
"1,018,768,790.53"
"1,425,189,147.16"
"1,410,687,124.95"
"1,311,666,221.09"
"1,196,160,550.31"
"1,180,246,203.14"
"1,445,424,631.99"
"1140293,79.13"
"1459707,86.2"
"1,340,917,109.03"
"1,129,751,106.29"
"1,040,828,105.51"
"1269429,31.46"
"1296440,47.35"
"1156987,50.32"
"1,084,536,545.62"
"10,114,991,685.21"
"13,319,362,742.96"
"1478284,37.17"
"1193669,36.25"
"1,314,601,270.73"
"1,180,813,190.80"
"1,325,430,272.52"
"1025820,87.08"
"1,417,343,129.76"
"1480159,98.16"
"1184839,96.78"
"1,030,600,144.25"
"1,497,263,366.61"
"1315618,34.7"
"1,300,190,155.07"
"1,485,473,305.76"
"1,466,699,166.81"
"1060841,43.13"
"1153088,39.44"
"1156794,72.23"
"1,354,571,286.21"
"1,306,540,356.04"
"1,126,286,275.01"
"1,272,724,719.93"
"1,250,749,289.14"
"1,491,136,118.50"
"1223675,87.25"
"1461596,74.36"
"1323173,60.32"
"1,170,114,395.87"
"1,486,353,481.36"
"1,082,713,794.19"
"1,368,359,104.74"
"1,071,832,139.15"
"1,315,271,213.90"
"1,350,903,484.16"
"1,282,712,284.37"
"1,035,677,580.04"
"1214037,94.19"
"1363943,45.65"
"1283246,36.62"
"1064678,22.87"
"1494499,35.61"
"1176996,34.13"
"1354566,33.27"
"1,264,805,596.00"
"11,494,901,696.61"
"10,527,242,451.21"
"1190650,40.57"
"1128180,16.27"
"1,056,054,151.26"
"1,464,990,144.91"
"1,209,341,105.73"
"1,443,512,254.49"
"1,386,679,192.37"
"1,455,226,176.87"
"1036582,89.72"
"1,104,071,193.54"
"1,296,384,228.36"
"1010965,37.35"
"1076152,28.18"
"1,022,987,121.57"
"1,438,853,116.33"
"1266241,64.21"
"1327869,37.64"
"1245685,76.88"
"1067176,44.99"
"1,078,061,338.60"
"1,184,457,221.27"
"1,432,490,163.06"
"1,211,091,584.61"
"1,011,810,245.46"
"1,223,589,186.48"
"1382200,64.7"
"1281621,48.66"
"1200055,52.34"
"1,135,854,419.29"
"1,152,426,537.88"
"1,457,016,372.93"
"1,169,619,164.98"
"1,009,972,140.38"
"1,044,613,197.39"
"1,486,088,448.08"
"1,160,493,482.27"
"1,266,884,622.01"
"1490414,33.52"
"1435013,20.29"
"1182337,38.72"
"1367579,26.02"
"1368544,56.53"
"1,143,009,328.25"
"12,414,061,983.77"
"11,707,452,880.05"
"1103739,17.24"
"1210148,28.07"
"1270934,27.56"
"1162454,20.06"
"1,254,800,142.64"
"1127680,80.57"
"1036573,66.73"
"1,041,890,137.72"
"1,286,252,125.79"
"1,053,706,245.24"
"1,042,536,257.69"
"1148882,29.19"
"1002965,44.3"
"1,201,957,100.84"
"1253859,37.89"
"1022589,52.09"
"1303470,33.48"
"1046575,79.82"
"1488705,35.49"
"1,035,904,325.96"
"1,442,346,379.00"
"1,153,982,499.43"
"1,036,998,319.33"
"1,278,095,319.24"
"1,411,809,201.02"
"1020805,66.46"
"1328836,32.85"
"1,181,173,191.47"
"1,025,274,354.93"
"1,470,656,311.99"
"1164774,80.65"
"1380580,80.35"
"1,326,021,142.54"
"1,413,176,355.13"
"1,301,867,224.60"
"1,386,255,508.57"
"1234828,70.04"
"1159403,62.36"
"1468811,50.28"
"1053458,76.86"
"1,171,409,131.35"
"1,464,535,120.05"
"1069545,42.1"
"1454545,37.03"
"1306570,33.2"
"1,049,976,197.90"
"11,539,571,841.63"
"13,030,571,547.24"
"1348621,23.89"
"1055667,37.21"
"1058365,19.14"
"1,243,932,149.58"
"1,239,395,138.55"
"1,161,696,295.54"
"1474139,37.9"
"1345464,41.58"
"1,278,245,140.70"
"1,400,537,174.85"
"1,129,714,163.01"
"1015578,59.4"
"1068792,84.23"
"1293285,46.33"
"1,060,968,247.93"
"1,239,108,300.66"
"1,470,601,200.06"
"11,491,101,554.24"
"1,129,712,393.84"
"1,112,770,322.01"
"1292616,68.49"
"1,121,022,822.24"
"1,456,174,465.29"
"1,335,302,536.04"
"1,214,165,699.12"
"1,293,785,745.95"
"1,122,416,116.97"
"1,076,876,110.68"
"1,299,844,262.99"
"10,426,101,061.41"
"1,362,527,464.57"
"1,389,759,896.56"
"1,320,070,121.17"
"1218228,80.8"
"1226340,52.07"
"1072910,72.75"
"1148925,89.4"
"1037381,86.88"
"1410707,30.77"
"1218504,85.63"
"1311896,55.16"
"1,112,551,569.94"
"14,205,791,710.16"
"12,869,182,599.14"
"1449835,32.64"
"1400554,28.38"
"1,081,878,143.91"
"1,390,925,158.82"
"1,329,042,190.05"
"1416439,93.4"
"1,421,839,112.57"
"1007921,38.91"
"1004209,98.03"
"1,328,949,237.45"
"1,170,392,391.83"
"1004884,67.6"
"1173989,28.76"
"1230794,24.16"
"1,226,492,274.01"
"1,390,275,213.17"
"1,153,201,212.51"
"1387153,62.53"
"1,213,176,121.02"
"1194770,59.87"
"1,371,064,319.08"
"1,058,889,274.01"
"1,491,239,284.09"
"1,390,565,969.64"
"1,067,430,555.71"
"1,415,266,194.80"
"1133144,57.05"
"1498026,90.18"
"1449527,38.26"
"1,225,608,339.19"
"1,117,216,319.58"
"1,376,447,320.28"
"1365100,91.21"
"1,472,642,223.03"
"1,084,459,161.71"
"1,257,730,515.80"
"1,081,562,169.11"
"1,365,891,552.85"
"1090421,45.0"
"1,400,908,195.39"
"1,322,295,109.27"
"1217120,29.99"
"1151282,60.3"
"1236742,24.93"
"1,012,208,444.88"
"13,418,062,128.36"
"10,302,681,429.71"
"1020768,49.95"
"1349171,26.22"
"1,197,199,103.70"
"1,499,865,154.64"
"1,182,041,148.54"
"1155018,38.99"
"1371818,35.18"
"1489037,96.04"
"1,498,376,119.06"
"1,083,050,115.85"
"1472579,53.01"
"1061995,74.28"
"1,191,159,378.57"
"1,498,310,365.00"
"1,036,698,253.12"
"1,475,006,363.93"
"1,384,202,184.50"
"1490265,76.25"
"1136291,55.35"
"1,143,903,257.78"
"1,305,039,272.65"
"1,007,680,263.40"
"1455214,62.0"
"1,107,803,213.62"
"1,497,051,124.30"
"11,372,921,178.73"
"1,119,382,428.96"
"1,481,138,321.06"
"1110622,28.89"
"1156847,18.32"
"1294222,27.35"
"1465355,48.35"
"1,424,034,221.54"
"1,432,135,387.08"
"1,401,817,237.03"
"1177475,14.37"
"1,392,970,144.57"
"1,387,450,111.04"
"1,092,832,211.89"
"1187774,98.98"
"1,230,384,110.75"
"1,413,073,140.58"
"1057181,97.92"
"1384325,37.64"
"1197779,31.96"
"1246576,38.93"
"1281547,26.43"
"1,273,445,354.77"
"1,298,458,367.40"
"1,159,193,238.36"
"1,301,491,955.75"
"1,288,037,445.13"
"1,394,194,369.85"
"1342405,96.37"
"1,485,086,633.29"
"1,165,678,875.93"
"1,275,241,787.66"
"1,039,169,147.17"
"1232376,84.35"
"1,310,613,166.13"
"13,563,331,833.18"
"1,488,737,563.31"
"13,693,991,039.74"
"1,172,680,110.39"
"1446589,47.88"
"1,406,320,142.96"
"1,213,094,125.54"
"1021503,98.57"
"1188526,79.84"
"1,413,577,102.57"
"1466508,72.93"
"1,427,970,661.37"
"1,081,163,340.87"
"1,201,316,235.64"
"1114584,48.7"
"1307947,57.77"
"1,315,048,185.47"
"1,404,475,212.18"
"1,093,917,302.10"
"1,134,271,150.61"
"1,054,344,186.47"
"1,140,184,102.96"
"1,336,056,134.93"
"1,404,546,242.78"
"1,102,060,305.51"
"1000438,36.46"
"1498881,45.99"
"1488663,36.14"
"1,317,341,225.59"
"1,347,698,249.37"
"1,193,177,289.31"
"1,257,741,205.32"
"1,207,399,152.49"
"1,029,660,363.80"
"1,477,569,387.53"
"1,257,386,161.05"
"12,499,821,570.57"
"1,082,477,384.65"
"1,458,850,403.57"
"1369044,98.83"
"1088993,78.25"
"1102729,73.88"
"1,165,398,729.50"
"1,142,113,770.70"
"14,334,541,065.34"
"1,245,395,169.54"
"1,389,486,136.24"
"1,334,127,188.44"
"14,034,913,795.81"
"1,254,313,515.36"
"1,393,545,950.19"
"1403443,66.46"
"1461030,73.05"
"1400194,90.44"
"1366087,80.89"
"1,113,434,103.27"
"1083699,64.35"
"1052075,70.8"
"1164383,25.66"
"1,413,603,533.05"
"1,449,493,805.22"
"1,374,174,329.92"
"1453386,34.71"
"1060343,48.01"
"1,484,093,351.93"
"1,465,019,511.75"
"1,179,976,618.91"
"1,080,615,219.75"
"1,023,956,135.68"
"1,238,698,148.59"
"1,442,361,139.60"
"1,439,670,181.76"
"1,118,797,374.89"
"1162264,55.97"
"1490069,35.26"
"1289654,30.55"
"1,295,480,740.21"
"1,032,470,233.73"
"1,044,002,171.52"
"1291242,54.31"
"1169772,94.67"
"1010857,91.48"
"1,250,542,434.37"
"1,484,291,284.17"
"1,480,595,341.23"
"1,296,937,816.35"
"1,011,404,514.08"
"1,267,180,206.37"
"1191319,57.45"
"1278620,47.2"
"1,054,665,293.45"
"1,171,791,525.86"
"1,464,177,597.39"
"1,088,431,272.93"
"1,216,870,107.54"
"1,081,002,149.07"
"13,304,822,788.39"
"1,168,663,239.25"
"1,492,648,481.62"
"1315398,86.46"
"1027496,63.13"
"1117973,36.51"
"1171872,52.21"
"1,227,132,119.87"
"1,398,968,132.79"
"1042446,30.14"
"1022113,41.66"
"1432466,33.2"
"1,394,665,289.02"
"1,237,631,538.12"
"1,031,723,310.79"
"1348589,29.34"
"1288087,35.91"
"1341137,24.68"
"1,034,628,131.10"
"1,181,980,178.38"
"1,125,602,215.57"
"1452460,50.31"
"1347859,38.41"
"1289761,84.9"
"1,455,705,169.36"
"1231667,44.73"
"1,242,573,257.80"
"1464998,35.76"
"1079864,75.4"
"1148817,38.61"
"1,069,941,343.21"
"1,296,692,336.73"
"1,292,861,233.01"
"1,121,593,319.79"
"1,311,369,337.04"
"1,442,172,115.28"
"1092076,40.91"
"1352136,85.46"
"1277208,70.25"
"1,373,759,287.26"
"1,492,660,299.47"
"1,111,265,333.21"
"1221223,86.55"
"1,131,618,109.82"
"1,083,225,240.97"
"10,172,662,642.82"
"1,327,104,221.34"
"1,399,551,379.27"
"1094414,79.44"
"1021401,53.55"
"1347126,69.29"
"1023000,44.31"
"1,377,965,126.71"
"1,350,042,102.58"
"1101141,48.26"
"1432116,31.47"
"1318780,29.88"
"1,437,216,296.80"
"1,101,970,691.74"
"1,410,131,216.49"
"1441218,21.76"
"1,345,002,108.11"
"1,003,012,185.75"
"1,166,846,229.85"
"1211619,71.29"
"1442543,67.56"
"1385952,56.95"
"1343542,51.05"
"1,419,636,118.02"
"1069031,75.47"
"1,410,134,119.55"
"1405706,46.71"
"1,058,951,492.37"
"1,055,230,409.11"
"1,091,243,195.52"
"11,288,502,251.05"
"10,834,602,059.45"
"1,432,832,534.06"
"1,207,105,133.84"
"1,243,318,214.10"
"1,069,047,107.27"
"1,287,202,604.52"
"11,158,051,085.21"
"11,290,812,192.82"
"1,064,030,160.01"
"1,005,813,126.43"
"1,490,308,240.73"
"11,232,853,685.06"
"1,355,118,992.36"
"10,238,461,835.11"
"1,050,805,280.55"
"1,181,728,166.57"
"1,089,820,148.76"
"1,028,575,248.19"
"1,197,855,312.50"
"1,065,339,165.59"
"1151883,94.11"
"1,296,652,165.86"
"1287520,71.45"
"14,188,891,062.34"
"11,809,621,158.97"
"1,238,848,308.95"
"1290426,91.01"
"1346817,72.34"
"1017304,50.8"
"1,252,533,370.27"
"1,305,931,602.60"
"1,118,227,635.18"
"1,219,611,206.05"
"1,153,638,201.19"
"1,175,536,194.79"
"1,211,565,213.84"
"1,438,304,232.91"
"1,361,280,696.42"
"1143967,78.54"
"1,205,095,180.66"
"1,285,971,170.99"
"1,116,992,948.94"
"1,458,672,595.31"
"1,263,640,423.29"
"1,400,947,100.71"
"1,079,989,273.35"
"1,242,560,134.00"
"1,022,578,459.11"
"1,316,583,434.48"
"1,255,226,349.40"
"1,157,382,803.53"
"1,224,651,321.35"
"1,465,329,235.56"
"1155477,28.05"
"1425214,82.67"
"1017688,60.97"
"1,355,123,336.74"
"1,092,801,443.38"
"1,075,732,700.76"
"1,395,004,145.00"
"1341114,96.51"
"1,493,423,221.21"
"10,263,112,798.95"
"1,208,371,261.85"
"1,275,872,454.65"
"1087742,29.79"
"1019163,39.66"
"1,432,227,105.40"
"1318880,31.71"
"1072806,55.26"
"1212692,42.79"
"1,186,034,455.03"
"1,129,955,437.24"
"1,296,742,243.57"
"1347479,27.95"
"1095511,19.03"
"1025011,24.39"
"1,434,986,155.53"
"1,058,578,403.66"
"1,077,386,317.12"
"1444618,35.06"
"1188114,45.48"
"1280734,86.78"
"1,301,264,153.68"
"1,347,366,270.97"
"1063451,36.77"
"1199519,32.62"
"1345899,33.94"
"1,311,108,142.12"
"1,207,170,105.50"
"1011084,85.37"
"1455758,62.25"
"1474158,54.75"
"1449132,55.24"
"1,250,243,317.11"
"1,187,828,400.68"
"1,419,894,213.48"
"10,662,291,292.18"
"1,059,223,469.40"
"1,251,110,495.24"
"1,303,607,122.31"
"1,243,023,268.82"
"1,370,522,104.67"
"1,090,686,642.26"
"1,092,779,671.55"
"1,040,294,816.20"
"1,473,297,168.16"
"1180711,95.3"
"1,164,408,240.05"
"11,163,274,054.76"
"1,248,608,814.37"
"13,842,731,222.33"
"1130338,86.11"
"1252790,87.93"
"1454949,56.28"
"1195881,84.45"
"1,244,857,137.51"
"1,134,036,102.96"
"1421711,37.96"
"1,325,543,117.20"
"1095715,75.94"
"1,446,388,811.69"
"1,319,088,820.49"
"1,446,649,236.06"
"1255825,68.36"
"1406646,25.32"
"1464385,59.88"
"1,140,455,419.87"
"1,377,695,737.58"
"1,162,780,562.72"
"1,408,273,135.84"
"1,300,038,107.83"
"1,207,337,116.09"
"1,077,235,156.63"
"1,408,756,291.66"
"1,491,799,396.45"
"1390594,35.38"
"1007038,26.51"
"1453448,22.22"
"1,205,643,275.05"
"1,188,139,419.56"
"1,058,780,260.96"
"1,498,345,109.98"
"1,309,473,198.14"
"1076176,75.73"
"1,220,100,324.47"
"1,314,150,398.33"
"1,191,669,222.38"
"1,205,862,319.47"
"1,305,192,265.93"
"1,145,983,130.41"
"1133342,54.91"
"1412024,48.43"
"1234430,66.29"
"1,053,634,243.19"
"1,014,376,399.06"
"1,452,041,259.00"
"1305031,51.37"
"1447194,81.42"
"1,087,268,208.29"
"14,617,681,682.33"
"1,024,168,165.64"
"1,334,533,403.98"
"1296737,97.66"
"1407133,47.63"
"1062484,91.56"
"1022671,72.53"
"1211721,24.71"
"1026257,29.39"
"1,221,066,276.96"
"1,202,794,541.56"
"1,416,723,270.56"
"1401330,15.38"
"1,489,408,124.05"
"1,452,181,167.65"
"1,421,929,238.40"
"1,084,847,100.63"
"1320336,49.44"
"1286910,47.48"
"1,464,443,100.77"
"1334218,33.82"
"1211291,43.0"
"1294628,24.48"
"1180905,81.16"
"1160861,81.48"
"1,408,670,243.13"
"1,069,139,298.92"
"1,082,763,228.90"
"1,464,784,273.07"
"1,351,878,259.66"
"1,310,686,138.02"
"1210002,77.9"
"1152761,63.29"
"1,111,646,192.60"
"1,015,441,245.74"
"1,270,649,244.10"
"1049040,82.37"
"1337564,83.35"
"1,176,480,139.94"
"13,549,612,692.72"
"1,140,272,141.98"
"1,204,224,260.65"
"1044578,42.48"
"1493529,31.28"
"1,128,363,100.31"
"1105354,38.27"
"1142156,47.48"
"1295169,31.84"
"1,305,277,191.75"
"1,390,829,391.39"
"1,124,512,119.13"
"1054161,19.08"
"1,486,767,112.50"
"1,409,057,130.42"
"1,214,830,171.38"
"1088743,49.53"
"1443416,35.64"
"1179858,56.28"
"1202928,45.36"
"1178834,36.39"
"1232019,73.61"
"1414904,33.33"
"1,007,438,113.97"
"1222138,50.47"
"1,349,810,238.19"
"1,370,541,343.00"
"1,417,446,164.93"
"1,425,834,382.91"
"1,021,911,292.20"
"1,100,790,208.80"
"1154027,60.47"
"1145320,64.46"
"1,108,768,250.00"
"1,197,778,609.67"
"1,327,740,367.24"
"1441050,53.75"
"1021862,85.08"
"1394751,74.07"
"13,274,281,696.01"
"1,137,638,272.56"
"1,007,532,943.44"
"1047794,86.87"
"1010401,71.91"
"1255792,75.14"
"1,098,488,128.88"
"1,158,689,292.46"
"1,355,724,281.60"
"1017698,56.6"
"1037024,99.57"
"1313984,38.87"
"1,107,034,515.90"
"1,329,704,565.10"
"1,069,435,203.78"
"1066432,75.03"
"1266557,73.39"
"1168203,98.15"
"1,137,040,164.03"
"1,173,632,203.90"
"1312163,53.59"
"1228377,71.64"
"1281640,72.05"
"1,420,267,146.15"
"1,044,984,165.50"
"1,389,581,215.35"
"1427116,97.25"
"1,070,522,153.34"
"1,066,826,127.00"
"1,335,399,320.04"
"1,052,262,334.81"
"1,058,953,171.28"
"1,300,150,119.32"
"1,474,476,133.39"
"1,068,378,113.64"
"1078602,62.28"
"1048840,17.87"
"1,111,109,312.68"
"1,376,356,471.52"
"1,152,106,251.98"
"1055398,86.21"
"1,474,008,152.44"
"1,495,048,217.83"
"11,831,522,397.95"
"1,177,025,212.51"
"1,495,955,100.36"
"1430035,21.77"
"1130885,24.9"
"1123031,36.91"
"1,317,079,154.69"
"1,124,690,417.21"
"1,181,485,205.55"
"1423816,72.44"
"1,353,087,117.90"
"1,014,478,122.55"
"1057620,23.96"
"1008257,16.95"
"1333761,35.89"
"1003271,44.88"
"1252700,21.17"
"1,191,895,355.73"
"1,041,442,437.62"
"1,186,584,246.50"
"1,465,438,460.16"
"1,383,578,221.74"
"1,190,534,239.46"
"1439659,45.31"
"1078212,98.96"
"1278947,19.07"
"1,167,627,219.36"
"1,026,880,355.47"
"1,405,756,280.93"
"1131842,89.07"
"1246946,81.25"
"1,293,553,177.07"
"11,686,413,370.69"
"1,205,504,145.28"
"1,113,528,188.18"
"1050543,33.03"
"1030912,23.46"
"1143714,31.69"
"1300935,39.94"
"1,081,036,109.98"
"1,208,459,808.41"
"1,373,869,103.84"
"1453860,17.74"
"1423957,92.93"
"1,158,140,147.09"
"1,326,657,236.66"
"1190765,40.61"
"1391378,39.91"
"1207357,49.14"
"1148002,16.63"
"1401836,62.72"
"1202765,42.79"
"1,244,907,252.08"
"1,445,987,491.69"
"1,323,180,184.96"
"1,160,970,859.94"
"1,216,036,164.76"
"1,184,723,318.21"
"1439245,35.48"
"1291779,77.85"
"1217287,70.58"
"1,053,057,343.03"
"1,306,863,599.11"
"1,250,601,857.93"
"1,295,532,141.25"
"1,128,300,208.93"
"1,050,487,348.49"
"12,141,881,195.30"
"1,087,693,409.28"
"1,150,054,673.86"
"1218017,42.42"
"1235705,32.0"
"1041777,32.58"
"1246532,36.81"
"1366360,53.9"
"1439838,22.29"
"1357905,42.77"
"1274256,27.25"
"1,181,159,378.57"
"1,451,702,369.49"
"1,327,497,246.75"
"1475694,23.64"
"1,487,694,192.68"
"1,100,972,212.61"
"1,387,906,198.95"
"1,282,871,129.04"
"1448426,89.18"
"1,444,966,108.18"
"1061560,53.71"
"1,369,299,181.08"
"1,000,595,245.46"
"1151124,62.71"
"1476914,35.02"
"1,322,287,142.75"
"1,091,082,145.17"
"1459424,60.75"
"1026523,39.22"
"1,432,230,117.48"
"1387685,46.72"
"1,014,083,293.19"
"1,425,330,167.80"
"1,393,199,266.97"
"1,323,969,741.20"
"1,064,394,299.77"
"1,024,275,263.53"
"1284858,34.36"
"1421003,72.16"
"1149871,34.27"
"1,009,777,467.95"
"1,405,071,402.21"
"1,421,744,310.02"
"1,054,235,170.84"
"1,244,369,154.49"
"1,152,361,213.47"
"13,148,173,174.67"
"1,429,669,343.34"
"1,401,368,419.49"
"1043714,79.48"
"1247275,32.48"
"1091285,27.87"
"1400124,43.86"
"1173609,33.88"
"1,345,228,418.30"
"1,361,907,651.50"
"1,133,091,213.91"
"1044810,17.89"
"1038293,15.69"
"1,221,090,131.38"
"1371163,83.47"
"1,399,552,202.42"
"1455533,59.37"
"1155624,28.25"
"1323328,47.61"
"1447191,96.96"
"1,319,741,155.49"
"1,494,451,281.34"
"1401467,25.18"
"1087090,71.27"
"1492694,77.65"
"1314434,37.83"
"1396061,38.26"
"1286769,53.58"
"1308591,27.78"
"1,420,711,275.09"
"1,056,161,393.28"
"1,263,433,404.45"
"1,321,298,260.86"
"1,414,498,261.73"
"1380619,90.47"
"1398482,34.88"
"1098955,60.4"
"1115387,28.77"
"1,282,341,270.55"
"1,466,509,287.93"
"1,104,312,259.22"
"1083401,49.97"
"1361200,83.4"
"1,332,402,121.41"
"14,001,313,172.13"
"1,457,605,207.56"
"1,156,399,570.13"
"1187229,75.61"
"1168000,53.08"
"1136500,65.07"
"1477445,72.62"
"1,185,418,132.51"
"1,379,297,194.29"
"1290975,50.4"
"1195673,78.45"
"1,107,763,264.21"
"1,220,364,392.79"
"1,133,018,196.02"
"1281020,44.88"
"1168545,15.38"
"1295957,29.84"
"1,285,908,102.92"
"1,147,387,114.82"
"1,230,963,179.35"
"1026121,36.73"
"1032396,52.4"
"1296867,77.73"
"1005761,67.92"
"1,412,208,127.82"
"1141792,50.93"
"1433602,83.14"
"1467609,62.62"
"1,358,854,356.41"
"1,166,976,318.03"
"1,291,777,135.17"
"1,488,196,715.01"
"1,419,175,623.99"
"1,219,837,175.86"
"1493855,31.24"
"1356351,98.86"
"1072256,46.57"
"1,113,377,211.03"
"1,279,459,451.15"
"1,326,030,552.45"
"1125353,86.78"
"1255680,59.16"
"1,031,241,239.91"
"11,176,723,415.71"
"1,167,346,228.84"
"1,184,273,616.71"
"1,478,743,114.39"
"1459196,70.38"
"1026126,95.34"
"1,040,908,133.34"
"1,295,373,199.26"
"1480951,70.01"
"1131655,33.59"
"1,465,922,382.50"
"1,290,443,521.57"
"1,095,333,319.50"
"1118030,21.5"
"1380861,40.25"
"1442168,36.1"
"1,444,462,149.95"
"1,130,227,234.21"
"1,453,846,260.72"
"1168700,80.39"
"1220623,71.62"
"1345025,47.6"
"1,383,474,216.24"
"1306478,67.29"
"1,130,724,136.68"
"1283100,29.39"
"1249514,74.08"
"1219073,31.85"
"1,273,704,276.32"
"1,213,853,380.19"
"1,167,223,290.43"
"1,158,077,183.34"
"1,489,922,164.11"
"1212175,69.78"
"1107262,52.72"
"1365276,65.92"
"1460597,48.05"
"1,498,182,243.47"
"1,354,618,217.98"
"1,229,452,280.43"
"1251204,80.91"
"1,176,143,106.76"
"1,268,568,153.60"
"10,507,332,227.51"
"1,461,187,106.98"
"1,206,012,238.10"
"1090305,44.64"
"1195531,31.07"
"1021422,30.13"
"1252744,72.99"
"1265564,78.06"
"1435109,41.3"
"1,349,638,166.17"
"1,164,536,629.06"
"1,084,794,208.10"
"1208439,20.06"
"1,215,737,120.41"
"1414635,94.81"
"1,103,525,228.36"
"1,416,819,159.99"
"1182334,21.87"
"1222002,23.9"
"1245847,46.53"
"1,463,746,212.55"
"1,004,465,240.91"
"1,409,362,159.60"
"13,106,571,458.39"
"1,309,199,473.37"
"1,071,904,623.09"
"1154781,60.52"
"1064336,57.41"
"1357303,57.96"
"1,445,032,456.92"
"1,056,508,440.61"
"1,280,610,880.26"
"1,284,838,106.52"
"1421533,57.84"
"1,400,390,156.02"
"14,394,873,237.43"
"1,099,252,436.97"
"1,257,761,894.89"
"1074625,83.81"
"1,103,358,103.73"
"1,174,609,217.36"
"1,320,666,131.09"
"1,220,511,149.19"
"1232070,61.29"
"1197398,51.22"
"1,131,282,472.06"
"1,134,038,566.23"
"1,449,610,260.37"
"1042151,55.81"
"1006248,48.87"
"1348094,38.3"
"1,284,641,293.34"
"1,262,708,343.85"
"1,083,339,188.82"
"1,469,785,121.60"
"1207003,66.77"
"1152899,45.56"
"1,166,466,123.40"
"1,128,675,174.59"
"1,383,207,297.03"
"1047461,67.62"
"1303327,38.81"
"1278374,38.25"
"1,270,384,181.90"
"1,433,284,304.24"
"1,000,502,310.11"
"1294566,52.27"
"1170942,70.65"
"1253449,74.66"
"1,225,717,392.62"
"1,121,215,298.02"
"1,471,887,179.21"
"10,436,191,018.97"
"1,006,586,366.32"
"1,183,897,292.74"
"1,331,346,145.85"
"1410886,69.02"
"1474533,54.72"
"1,208,791,492.47"
"1,121,941,724.21"
"1,271,501,901.86"
"1,344,130,241.11"
"1,206,962,164.92"
"1,117,487,281.30"
"11,798,293,280.58"
"1,048,678,448.09"
"1,475,773,740.57"
"1138392,89.7"
"1439633,45.22"
"1269606,96.03"
"1081813,47.47"
"1288550,55.84"
"1256887,46.25"
"1,145,216,491.77"
"1,377,670,540.25"
"1,356,382,236.27"
"1476145,23.12"
"1113612,83.38"
"1440011,76.18"
"1361881,73.53"
"1,132,152,145.27"
"1184657,71.64"
"1353652,71.82"
"1,068,858,153.44"
"1,165,313,188.64"
"1,410,555,258.41"
"1487849,28.36"
"1085916,28.28"
"1,452,772,153.64"
"1,408,664,222.40"
"1213424,83.9"
"1421454,38.62"
"1166273,60.09"
"1137664,30.16"
"1,194,100,286.54"
"1,466,931,373.73"
"1,225,125,215.34"
"1,420,069,639.28"
"1,054,872,620.78"
"1,399,178,349.71"
"1070911,61.38"
"1104820,74.46"
"1154573,35.17"
"1,077,590,306.41"
"1,075,589,370.01"
"1,436,174,438.77"
"1225651,93.78"
"1,259,921,127.71"
"1125663,93.28"
"10,052,603,235.06"
"1,310,563,240.49"
"1,405,676,588.98"
"1,149,140,113.95"
"1322227,92.36"
"1239451,64.14"
"1,349,435,136.46"
"1,455,649,208.20"
"1,496,045,181.75"
"1173932,41.75"
"1344627,73.76"
"1422420,45.01"
"1,190,022,455.45"
"1,041,967,746.73"
"1,172,045,273.52"
"1134348,37.92"
"1169748,50.25"
"1,331,663,130.34"
"1,386,797,148.86"
"1,391,597,305.73"
"1,184,350,101.57"
"1309690,77.26"
"1398806,62.45"
"1,128,860,121.25"
"1048271,61.87"
"1,319,295,150.97"
"1026610,52.95"
"1489804,74.48"
"1406565,83.28"
"1,407,123,262.45"
"1,418,984,292.38"
"1,097,923,219.19"
"1,352,888,190.30"
"1,392,602,211.14"
"1,338,727,112.66"
"1174242,34.29"
"1065542,54.91"
"1,310,572,193.53"
"1,286,932,355.34"
"1,312,122,340.10"
"1300353,93.13"
"1006233,80.58"
"1,129,977,241.55"
"10,720,032,698.02"
"1,025,677,185.43"
"1,048,802,244.10"
"1236936,24.22"
"1276823,45.07"
"1042371,23.49"
"1403403,28.57"
"1336688,28.45"
"1,066,268,267.81"
"1,057,706,511.53"
"1,441,830,234.30"
"1005103,16.36"
"1,365,024,124.18"
"1,385,647,192.36"
"1,292,318,202.09"
"1046455,65.71"
"1473427,47.44"
"1369584,89.38"
"1074310,17.25"
"1171185,30.32"
"1362940,25.02"
"1381427,64.6"
"1091182,29.22"
"1,348,533,218.88"
"1,155,253,347.43"
"1,286,984,225.82"
"1,401,294,428.42"
"1,419,626,163.63"
"1,253,049,179.16"
"1319597,55.8"
"1,173,814,181.47"
"1,476,536,123.26"
"1,365,653,467.86"
"1,313,934,117.24"
"1,435,633,318.75"
"14,196,132,045.84"
"1044024,74.14"
"1,050,944,121.02"
"1356525,21.28"
"1074440,31.56"
"1282502,21.19"
"1,069,927,119.54"
"1,236,029,488.16"
"1,022,402,217.17"
"1397322,16.05"
"1472174,53.08"
"1,394,998,149.34"
"1,024,597,247.26"
"1,396,320,249.61"
"1,217,729,137.47"
"1374721,24.29"
"1256517,51.23"
"1,205,603,325.60"
"1,149,550,359.36"
"1,460,527,173.06"
"1,350,447,649.61"
"1,484,097,324.08"
"1,359,200,243.02"
"1489067,51.76"
"1,212,254,104.36"
"1337255,56.92"
"1,409,269,290.50"
"1,125,848,384.15"
"1,442,394,656.73"
"1347887,78.69"
"1122080,56.85"
"1,135,795,212.14"
"12,741,951,685.26"
"1,029,605,196.51"
"1,334,765,504.16"
"1248747,36.56"
"1238793,41.51"
"1161849,57.89"
"1,447,467,133.92"
"1327017,51.08"
"1133732,69.92"
"1112041,21.63"
"1220551,34.31"
"1,185,545,246.40"
"1,031,376,307.79"
"1,320,020,606.90"
"1462573,40.42"
"1128691,45.75"
"1,092,475,225.12"
"1,014,502,208.50"
"1,304,218,243.48"
"1,043,905,118.95"
"1341225,59.8"
"1089717,89.11"
"1186917,83.16"
"1,459,400,128.21"
"1,061,342,176.93"
"1176790,32.42"
"1,198,557,236.07"
"1,254,866,131.61"
"1380214,83.07"
"1091359,30.68"
"1249689,61.71"
"1435470,46.36"
"1,113,836,339.78"
"1,336,350,205.74"
"1,132,246,150.44"
"1,044,267,391.12"
"1,302,516,342.98"
"1,112,099,168.93"
"1354994,23.23"
"1,287,518,124.64"
"1437465,26.12"
"1,105,318,310.39"
"1,237,484,294.74"
"1,058,997,283.73"
"1,118,886,116.16"
"1,011,887,113.71"
"1,220,849,168.01"
"12,615,982,529.16"
"1,166,459,212.55"
"1,376,856,372.21"
"1382910,83.74"
"1,336,352,104.01"
"1306433,62.11"
"1150869,54.32"
"1,468,892,121.83"
"1,152,662,190.74"
"1104172,48.7"
"1411848,27.63"
"1308291,25.72"
"1,124,009,289.45"
"1,476,284,396.61"
"1,009,642,590.10"
"1404076,23.1"
"1395219,19.92"
"1334087,67.72"
"1,029,199,149.39"
"1,410,589,228.24"
"1411845,58.35"
"1483373,60.19"
"1287371,76.76"
"1,387,050,120.76"
"1428011,99.61"
"1,089,927,132.24"
"1060354,64.91"
"1,176,491,113.73"
"1270431,48.03"
"1,053,653,361.50"
"1,491,472,167.74"
"1,134,201,136.08"
"1,083,089,778.55"
"10,958,341,250.88"
"1,323,295,617.03"
"1272790,60.76"
"1,099,354,149.64"
"1011649,54.84"
"1,010,865,686.46"
"1,332,203,803.75"
"1,001,499,946.99"
"1,157,583,129.29"
"1,353,835,113.82"
"1,421,040,221.18"
"10,626,861,798.08"
"1,375,467,517.89"
"11,865,401,295.76"
"1372825,73.5"
"1127289,71.14"
"1169207,56.38"
"1,104,431,102.09"
"1,021,686,156.34"
"1,330,379,135.40"
"1128383,56.0"
"1,103,602,149.65"
"1030401,33.97"
"1,044,219,722.61"
"1,207,032,778.46"
"1,077,843,169.61"
"1461113,43.37"
"1490055,72.04"
"1,084,848,433.92"
"1,480,157,259.01"
"1,342,655,522.30"
"1,209,802,111.55"
"1,114,943,124.70"
"1332072,96.1"
"1221686,81.83"
"1,458,913,155.93"
"1,307,388,376.59"
"1371009,28.41"
"1378911,26.88"
"1,165,966,156.56"
"1,014,416,426.01"
"1,073,713,206.62"
"1483936,80.65"
"1,474,882,116.52"
"1476491,93.4"
"1,440,633,296.25"
"1,315,422,429.18"
"1,275,935,263.45"
"1,274,185,135.45"
"1,106,716,154.48"
"1368660,45.48"
"1440286,27.26"
"1,257,856,122.92"
"1096629,68.24"
"1,000,796,195.13"
"1,456,243,351.17"
"1,013,299,231.15"
"1,400,409,237.30"
"1,427,360,281.71"
"1,414,766,166.27"
"12,143,633,123.32"
"1,232,994,148.63"
"1,392,306,228.21"
"1335329,20.69"
"1374399,29.3"
"1102705,26.22"
"1,456,666,157.53"
"1,462,839,717.53"
"1,150,676,243.24"
"1417329,17.87"
"1378787,27.1"
"1,001,951,136.29"
"1,316,077,106.22"
"1,404,758,204.54"
"1008008,43.74"
"1005166,42.48"
"1,167,138,123.71"
"1090311,21.57"
"1,105,815,121.79"
"1069242,36.91"
"1,323,812,239.78"
"1,103,651,327.30"
"1,340,687,430.54"
"1,096,643,698.97"
"1,409,653,347.65"
"1,328,697,258.34"
"1063035,33.12"
"1111706,60.48"
"1230150,56.44"
"1,488,638,451.19"
"1,461,412,453.59"
"1,039,985,662.65"
"1095594,78.33"
"1,142,142,136.46"
"1,204,895,194.80"
"11,922,773,095.32"
"1,362,439,233.35"
"1,270,338,478.85"
"1029171,35.34"
"1051248,52.59"
"1402801,82.89"
"1014626,51.82"
"1344949,63.34"
"1127961,42.32"
"1,218,651,473.46"
"1,304,119,426.26"
"1,112,081,171.41"
"1,112,961,340.24"
"1,007,348,372.40"
"1,243,875,386.16"
"1016818,68.34"
"1301690,80.24"
"1,454,082,119.15"
"1,323,756,160.37"
"1,295,629,382.17"
"1168925,38.03"
"1,069,584,131.75"
"1097004,69.66"
"1223860,66.61"
"1147888,44.25"
"1053807,46.2"
"1190133,37.6"
"1,356,081,351.13"
"1,166,061,366.79"
"1,326,777,266.58"
"1,214,539,693.11"
"1,388,909,416.90"
"1,117,823,235.30"
"1001894,71.02"
"1343377,68.75"
"1,045,929,106.19"
"1,182,906,410.47"
"1,278,933,431.27"
"1,178,879,870.05"
"1,154,927,157.47"
"1346381,88.53"
"1,343,300,118.94"
"13,824,602,720.91"
"1,335,307,198.23"
"1,332,316,789.12"
"1222122,70.35"
"1,215,295,106.74"
"1318453,77.88"
"1,086,521,134.84"
"1,086,495,157.30"
"1122586,56.22"
"1008385,42.39"
"1299613,45.8"
"1,488,071,408.69"
"1,170,204,304.71"
"1,482,384,232.86"
"1324608,30.1"
"1339397,22.61"
"1,482,128,118.64"
"1,493,763,263.39"
"1,218,417,313.22"
"1,292,299,140.85"
"1,439,152,157.57"
"1,303,043,111.49"
"1133574,98.57"
"1,175,421,149.10"
"1,220,000,288.36"
"1202382,64.51"
"1244264,49.33"
"1094898,47.57"
"1,082,555,363.46"
"1,022,093,266.28"
"1,159,917,182.17"
"1431194,52.68"
"1,371,703,109.38"
"1359459,84.36"
"1,460,374,316.18"
"1,485,499,260.08"
"1,027,031,173.63"
"1330108,87.12"
"1210569,84.28"
"1348866,77.91"
"1343116,31.83"
"1,334,815,133.81"
"1,244,519,199.91"
"1,155,946,113.60"
"1,261,895,154.90"
"1019797,84.11"
"1,142,848,295.15"
"12,480,912,563.48"
"1,487,481,165.54"
"1098229,83.25"
"1185338,17.13"
"1190027,27.38"
"1493672,26.33"
"1498885,22.47"
"1,449,195,155.04"
"1,071,799,631.96"
"1,090,476,195.63"
"1185766,16.51"
"1383002,17.4"
"1,038,462,120.68"
"1,425,253,111.31"
"1,302,845,187.31"
"1005828,41.92"
"1054396,53.87"
"1103720,29.71"
"1318240,23.49"
"1324663,26.39"
"1,284,559,103.69"
"1160375,33.83"
"1,235,177,314.19"
"1,353,104,345.09"
"1,013,720,197.31"
"1,259,634,554.87"
"1,119,425,235.53"
"1,148,888,175.56"
"1413074,86.37"
"1,029,137,115.24"
"1221198,59.86"
"1,198,659,190.00"
"1,044,121,544.84"
"1,257,122,512.15"
"1340005,75.75"
"1093489,71.1"
"1,446,581,170.35"
"12,082,802,959.13"
"1,249,450,278.13"
"1,022,006,833.29"
"1278133,64.7"
"1448369,47.53"
"1,298,595,256.14"
"1,150,813,247.56"
"1193401,61.35"
"1,091,570,112.52"
"1252642,98.05"
"1,496,426,444.35"
"1,306,695,548.88"
"1,497,405,198.49"
"1274204,40.4"
"1,264,958,134.75"
"1,181,657,242.62"
"1,291,876,210.68"
"1045986,40.57"
"1275925,48.54"
"1038208,64.18"
"1,079,507,207.94"
"1,065,954,167.60"
"1,251,682,392.14"
"1456541,58.63"
"1,114,499,137.61"
"1,120,043,111.68"
"1,326,066,277.38"
"1,263,578,267.69"
"1,260,565,181.16"
"11,727,432,032.09"
"1,269,951,880.26"
"1,353,368,296.93"
"1373315,17.75"
"1305141,37.33"
"1390310,43.91"
"1,304,452,245.40"
"1,146,622,559.41"
"1,033,537,259.85"
"1,129,914,156.97"
"1,158,075,159.39"
"1,391,639,232.65"
"11,252,153,193.93"
"1,010,920,292.60"
"1,237,466,239.81"
"1446591,42.77"
"1345355,46.66"
"1386811,62.61"
"1000162,17.04"
"1021057,32.36"
"1,164,623,201.47"
"1,409,674,650.41"
"1286878,58.76"
"1275118,17.42"
"1280847,18.32"
"1,398,572,107.05"
"1,149,460,234.21"
"1,188,052,218.42"
"1125203,52.02"
"1331389,33.72"
"1014021,64.02"
"1499384,22.41"
"1111061,63.55"
"1474722,43.97"
"1,211,269,309.99"
"1,127,001,572.60"
"1,472,655,209.53"
"10,162,501,526.28"
"1,239,193,513.48"
"1,412,599,306.02"
"1057003,80.38"
"1238261,83.74"
"1278646,41.8"
"1,127,418,632.95"
"1,398,001,838.63"
"1,218,477,922.29"
"1,483,622,114.44"
"1,221,061,114.76"
"1,383,719,195.12"
"14,927,982,194.46"
"1,387,338,352.64"
"14,573,081,019.77"
"1315474,88.24"
"1203809,41.79"
"1274050,48.11"
"1309989,61.73"
"1414505,79.52"
"1193931,90.5"
"1,317,093,577.32"
"1,435,007,542.76"
"1,150,330,236.19"
"1465076,35.55"
"1169740,33.67"
"1,450,849,182.40"
"1,076,835,152.32"
"1,271,788,258.39"
"1,338,580,281.10"
"1,303,003,347.00"
"1,096,484,169.07"
"1,381,017,122.19"
"1,370,764,234.67"
"1,097,909,286.69"
"1433812,24.01"
"1018121,27.89"
"1331429,35.86"
"1,254,249,283.64"
"1,122,865,169.22"
"1473464,77.58"
"1462837,47.88"
"1397074,94.63"
"1435021,67.08"
"1,419,408,351.08"
"1,342,580,246.27"
"1,269,068,378.09"
"1,355,831,512.06"
"1,229,607,183.65"
"1024231,53.73"
"1422466,69.01"
"1019692,46.75"
"1,147,960,233.44"
"1,141,538,408.32"
"1,192,636,283.57"
"1132306,78.89"
"1,012,579,127.13"
"1,487,597,127.32"
"12,157,682,568.54"
"1,167,114,224.64"
"1,400,723,372.24"
"1131155,73.91"
"1414406,47.94"
"1142151,66.43"
"1487225,95.59"
"1,283,463,156.18"
"1288211,54.35"
"1128357,66.86"
"1486357,46.16"
"1,181,613,177.83"
"1,207,158,523.43"
"1,299,660,197.10"
"1197131,19.76"
"1,353,028,119.47"
"1,163,155,108.38"
"1,350,709,208.02"
"1047803,61.4"
"1142607,48.71"
"1033302,65.88"
"1163208,48.52"
"1175785,65.16"
"1423338,30.89"
"1016568,54.62"
"1230330,37.94"
"1,295,838,262.03"
"1,119,772,269.24"
"1,197,288,143.46"
"1,219,813,391.85"
"1,318,602,636.44"
"1,400,997,290.03"
"1433070,34.11"
"1356467,50.68"
"1,318,405,225.22"
"1,466,874,374.76"
"1,295,357,377.41"
"1451900,75.19"
"1365341,97.72"
"1,389,595,197.26"
"12,166,592,747.06"
"1,268,473,161.07"
"1,447,721,309.85"
"1157530,87.7"
"1089354,48.46"
"1326527,42.61"
"1286263,92.7"
"1,029,236,113.03"
"1231939,19.17"
"1,404,957,343.51"
"1,402,826,501.55"
"1,287,087,251.25"
"1017068,28.99"
"1239986,26.47"
"1,307,258,138.93"
"1,322,625,151.78"
"1,416,019,236.49"
"1046847,70.67"
"1032701,60.59"
"1225413,52.26"
"1,132,323,172.21"
"1323329,49.29"
"1209830,85.71"
"1350253,32.82"
"1143492,49.39"
"1141019,30.04"
"1,268,488,298.37"
"1,233,276,377.40"
"1,472,372,212.45"
"10,637,331,820.12"
"1,446,675,912.49"
"1,057,481,238.86"
"1028109,56.66"
"1329141,41.84"
"1312387,18.88"
"1,352,064,251.88"
"1,268,228,468.25"
"1,140,303,266.96"
"1,319,989,303.17"
"1,394,657,321.00"
"1,393,896,250.28"
"12,673,532,595.73"
"1,029,101,121.60"
"1,262,550,503.17"
"1251730,34.76"
"1486591,73.78"
"1222358,54.96"
"1063345,34.13"
"1296889,47.28"
"1,154,617,246.17"
"1,187,479,526.47"
"1,499,223,167.38"
"1391288,42.68"
"1033467,18.79"
"1,378,120,118.92"
"1,287,261,145.69"
"1,217,809,338.53"
"1325393,73.54"
"1343891,31.1"
"1,210,472,158.88"
"1309837,67.19"
"1,390,277,128.03"
"1022178,57.12"
"1474573,31.99"
"1272062,39.99"
"1,075,073,219.28"
"1,454,012,335.14"
"1,227,062,304.58"
"1,079,468,973.13"
"1,403,541,506.49"
"1,254,725,261.67"
"1135823,44.52"
"1490445,35.73"
"1,161,508,235.77"
"1,476,081,331.95"
"1,045,776,485.05"
"1,134,987,115.60"
"1401506,74.86"
"1203109,67.6"
"10,565,162,689.24"
"1,487,939,172.63"
"1,485,109,331.71"
"1164762,72.16"
"1065210,43.89"
"1470954,29.77"
"1,444,536,104.48"
"1,444,755,103.25"
"1456322,30.9"
"1402952,41.78"
"1,242,193,187.78"
"1,026,845,323.34"
"1,253,204,141.73"
"1487989,18.34"
"1134018,46.3"
"1345822,31.59"
"1014740,97.53"
"1,046,854,135.42"
"1,210,558,315.86"
"1457667,81.4"
"1343162,44.98"
"1223574,74.47"
"1179183,54.83"
"1,421,002,104.75"
"1409616,22.2"
"1491544,41.94"
"1,062,528,279.48"
"1,210,468,400.43"
"1,466,579,250.38"
"1,059,783,709.16"
"1,460,743,394.18"
"1,460,017,267.40"
"1467327,55.69"
"1091205,76.01"
"1056109,62.32"
"1,215,047,408.32"
"1,213,087,368.65"
"1,023,914,440.97"
"1,049,845,140.49"
"1,021,726,174.51"
"1,223,966,238.62"
"14,137,922,027.26"
"1,257,509,262.39"
"1,066,223,395.72"
"1055416,18.56"
"1489756,26.37"
"1030594,30.94"
"1084257,49.81"
"1036557,23.49"
"1,180,163,398.20"
"1,380,749,305.22"
"1088323,38.74"
"1,324,777,157.04"
"1,170,030,275.93"
"1401627,80.42"
"1267384,57.17"
"1199397,98.33"
"1146124,48.5"
"1,152,672,125.95"
"1,134,544,110.28"
"1226475,22.95"
"1,234,331,147.68"
"1086225,53.62"
"1492680,31.67"
"1089189,43.71"
"1457759,61.22"
"1236743,27.37"
"1,129,872,350.03"
"1,115,861,200.18"
"1,116,704,181.50"
"1,062,279,693.21"
"1,468,754,227.98"
"1,372,525,215.76"
"1348154,52.05"
"1388227,49.41"
"1126089,68.74"
"1,353,592,247.84"
"1,326,067,390.14"
"1,454,911,456.08"
"1,250,867,124.93"
"1,235,646,121.29"
"1,437,300,251.95"
"12,008,821,922.17"
"1,073,879,252.61"
"1,485,355,364.48"
"1035490,32.09"
"1251697,48.79"
"1057610,48.18"
"1277966,31.37"
"1457409,40.29"
"1487585,29.84"
"1,030,541,244.58"
"1,160,422,304.42"
"1,187,668,240.08"
"1323747,26.49"
"1439793,21.33"
"1,243,817,154.54"
"1,424,339,185.56"
"1,215,093,184.25"
"1319940,75.11"
"1118194,94.75"
"1478575,51.86"
"1,085,214,124.55"
"1,443,052,123.75"
"1207621,23.72"
"1171413,30.38"
"1,471,943,193.79"
"1,390,076,103.65"
"1461337,63.27"
"1351338,36.86"
"1052206,75.88"
"1218549,52.58"
"1,023,451,339.37"
"1,468,614,197.00"
"1026021,92.92"
"1,490,702,657.14"
"1,471,863,341.75"
"1,323,584,203.22"
"1025989,52.75"
"1254545,86.1"
"1,113,139,125.29"
"1,406,245,316.99"
"1,101,607,579.95"
"1,039,304,493.61"
"1,063,529,123.83"
"1221070,81.15"
"1,233,810,225.72"
"11,030,383,197.24"
"1,475,925,446.18"
"1,419,732,585.06"
"1338846,70.51"
"1446660,46.05"
"1003354,74.96"
"1092817,46.92"
"1234783,70.93"
"1058107,51.69"
"1030455,54.8"
"1483452,48.51"
"1,379,221,197.81"
"1,402,174,379.90"
"1,489,838,251.24"
"1455308,27.68"
"1,353,443,228.95"
"1,370,253,151.56"
"1,148,728,263.03"
"1,386,779,102.68"
"1318074,49.52"
"1360420,64.32"
"1242671,74.0"
"1,369,093,160.36"
"1,105,804,248.03"
"1360174,45.67"
"1,040,269,160.85"
"1,294,652,166.46"
"1050678,64.91"
"1362004,68.88"
"1374026,86.11"
"1006107,57.28"
"1,089,493,268.41"
"1,210,638,340.55"
"1,018,465,229.50"
"1,286,425,160.40"
"1,131,780,176.40"
"1240287,75.27"
"1042157,66.13"
"1071612,50.3"
"1,429,223,221.09"
"1,124,573,324.26"
"1,462,779,201.80"
"1,493,585,181.66"
"1,482,350,168.51"
"1,128,513,238.26"
"10,076,203,046.98"
"1,392,125,110.99"
"1,087,629,482.13"
"1114839,18.44"
"1070359,30.33"
"1242070,49.45"
"1,479,434,154.42"
"1,372,564,605.91"
"1,484,749,227.99"
"1351129,19.98"
"1202518,59.08"
"1,260,736,169.32"
"1,431,880,129.56"
"1078767,68.76"
"1483726,33.42"
"1463665,37.54"
"1291968,16.19"
"1156317,68.97"
"1280812,50.37"
"1,142,375,296.64"
"1,479,522,354.26"
"1,285,114,286.63"
"1,499,834,717.63"
"1,302,570,179.46"
"1,441,628,181.00"
"1370968,75.01"
"1188126,27.93"
"1387823,24.52"
"1,120,799,159.98"
"1,045,486,233.29"
"1,120,923,198.26"
"1263616,32.59"
"1287395,80.42"
"1496803,51.35"
"13,528,362,772.32"
"1,033,485,140.03"
"1,276,295,379.73"
"1108108,53.83"
"1426656,89.65"
"1,190,308,151.33"
"1,322,690,134.09"
"1293409,50.15"
"1024189,27.7"
"1323222,27.0"
"1,357,097,189.16"
"1,212,286,411.76"
"1,452,412,192.25"
"1312958,16.86"
"1345841,96.07"
"1,412,256,100.99"
"1,005,678,109.26"
"1230382,47.49"
"1433933,46.3"
"1,483,091,111.86"
"1428894,46.77"
"1,230,168,103.82"
"1091185,42.15"
"1402411,28.26"
"1174381,42.86"
"1,468,666,228.31"
"1,045,706,239.34"
"1250849,98.88"
"1,290,325,400.86"
"1,412,366,387.47"
"1,253,042,202.97"
"1094914,39.31"
"1,218,951,136.31"
"1131296,64.95"
"1,144,060,206.69"
"1,348,532,377.50"
"1,151,545,406.74"
"1035674,64.07"
"1430774,64.5"
"1,065,106,134.14"
"12,043,192,294.77"
"1,245,643,189.92"
"1,022,559,378.31"
"1156294,73.64"
"1128910,33.4"
"1492015,37.07"
"1346015,81.37"
"1344824,72.7"
"1235620,29.74"
"1152702,35.45"
"1,037,485,277.33"
"1,281,762,582.57"
"1,089,556,233.82"
"1417527,25.82"
"1112851,24.72"
"1,112,119,122.72"
"1190243,66.08"
"1,219,577,309.34"
"1334475,32.47"
"1337310,34.59"
"1399077,24.96"
"1,397,525,145.12"
"1383887,81.48"
"1340231,39.0"
"1,059,438,134.23"
"1046452,66.44"
"1,468,651,213.42"
"1,175,159,292.09"
"1,270,555,206.88"
"1,334,748,830.53"
"1,264,726,573.54"
"1,096,183,150.55"
"1131610,35.7"
"1276853,71.98"
"1473793,39.81"
"1,207,235,271.57"
"1,382,156,390.53"
"1,006,670,567.68"
"1,085,624,119.55"
"1,381,116,244.56"
"1,070,437,284.05"
"12,965,622,506.09"
"1,308,074,200.09"
"1,441,295,239.69"
"1218843,47.65"
"1129897,42.92"
"1217302,39.42"
"1286496,26.81"
"1225175,35.31"
"1,288,665,127.57"
"1,148,815,331.06"
"1,070,188,112.73"
"1,410,979,110.99"
"1,325,398,216.78"
"1,348,845,235.11"
"1370856,48.8"
"1043212,20.86"
"1231775,25.88"
"1089249,38.3"
"1296913,64.75"
"1303459,31.99"
"1,173,974,326.38"
"1,179,101,234.88"
"1,129,508,249.85"
"1,177,716,308.75"
"1,173,440,268.78"
"1,241,407,243.79"
"1098200,44.83"
"1378709,58.34"
"1,198,550,252.37"
"1,383,672,306.95"
"1,009,485,232.75"
"1,149,469,122.46"
"1,417,973,121.16"
"1,453,182,144.33"
"13,974,232,462.52"
"1,184,112,212.70"
"1,475,256,327.24"
"1174372,31.56"
"1225764,19.86"
"1312262,48.77"
"1364529,78.64"
"1039292,44.17"
"1419826,27.67"
"1,161,538,175.53"
"1,127,343,538.72"
"1,408,481,207.31"
"1386710,19.93"
"1,182,831,134.04"
"1,167,194,107.81"
"1,422,666,208.47"
"1112550,50.45"
"1038974,24.64"
"1,330,798,128.74"
"1148904,43.05"
"1452851,56.68"
"1040443,78.65"
"1,381,232,125.46"
"1404442,85.4"
"1,412,741,293.86"
"1,264,550,328.75"
"1,397,022,194.20"
"10,661,861,015.50"
"1,252,196,666.47"
"1,278,525,445.80"
"1436260,42.25"
"1030469,78.77"
"1,481,360,336.26"
"1,014,321,350.32"
"1,388,450,589.77"
"1,379,696,180.10"
"1221505,85.93"
"1,427,811,179.19"
"13,225,313,517.13"
"1,191,436,233.43"
"1,317,334,523.38"
"1,072,425,129.13"
"1023198,59.87"
"1,414,362,105.04"
"1,345,269,148.70"
"1,489,884,162.54"
"1452397,39.73"
"1278364,29.58"
"1003296,21.91"
"1,106,162,219.70"
"1,408,203,395.70"
"1,239,382,190.14"
"1391663,28.19"
"1248962,35.66"
"1343335,31.05"
"1305051,86.39"
"1,287,516,181.36"
"1,247,935,326.24"
"1194966,63.91"
"1118109,58.49"
"1233389,60.18"
"1,364,896,207.66"
"1,298,285,335.15"
"1,150,951,283.69"
"1033582,34.01"
"1,173,925,111.87"
"1452681,25.44"
"1,465,923,308.10"
"1,445,438,315.17"
"1,255,247,254.28"
"11,634,091,378.86"
"1,079,437,343.16"
"1,063,227,361.35"
"1408983,38.47"
"1100873,77.13"
"1133779,62.15"
"1,246,717,608.79"
"1,363,101,701.06"
"1,395,431,856.58"
"1,010,670,223.89"
"1,491,323,146.59"
"1,486,243,265.21"
"12,853,243,908.01"
"1,207,039,490.88"
"1,425,949,726.63"
"1284979,90.42"
"1128705,37.3"
"1052528,51.25"
"1379887,52.9"
"1365852,53.23"
"1317467,51.73"
"1051225,20.48"
"1,256,991,430.28"
"1,089,356,530.60"
"1,336,453,265.08"
"1321282,16.25"
"1345499,24.75"
"1,100,430,420.47"
"1,441,592,273.27"
"1,362,932,542.14"
"1,255,123,401.20"
"1405218,56.49"
"1333879,56.85"
"1,067,651,126.18"
"1,358,068,215.23"
"1,076,130,304.80"
"1426318,31.33"
"1463256,28.33"
"1,158,052,148.37"
"1,271,891,121.31"
"1250210,80.83"
"1014155,23.95"
"1375589,47.52"
"1284311,52.11"
"1,122,463,511.07"
"1,267,073,307.84"
"1,264,859,300.73"
"1,159,437,284.01"
"1,376,035,115.88"
"1223053,96.52"
"1457399,20.16"
"1182646,91.28"
"1061460,55.51"
"1,278,113,508.19"
"1,064,613,319.63"
"1,094,134,597.02"
"1064523,59.26"
"1377697,96.02"
"1,224,204,143.44"
"12,291,512,865.20"
"1,054,029,160.82"
"1,441,457,397.16"
"1441761,86.75"
"1255217,91.42"
"1163632,51.99"
"1340676,89.89"
"1,457,306,187.13"
"1,415,650,289.50"
"1,361,920,119.50"
"1217178,62.12"
"1298382,49.53"
"1,069,600,198.68"
"1,217,461,362.35"
"1,211,765,168.78"
"1134901,30.91"
"1,224,714,127.63"
"1,100,091,168.03"
"1,463,761,303.88"
"1197604,61.28"
"1456463,53.91"
"1024487,80.05"
"1,057,308,101.40"
"1342654,78.27"
"1,489,595,151.49"
"1374108,53.51"
"1373420,79.96"
"1488412,16.29"
"1,033,917,257.32"
"1,036,779,179.26"
"1,030,522,260.19"
"1,365,942,390.08"
"1,139,563,788.78"
"1,120,515,244.80"
"1102120,46.82"
"1,213,606,128.18"
"1442846,30.73"
"1,229,162,349.03"
"1,336,797,453.78"
"1,464,391,456.15"
"1158042,67.15"
"1049420,86.78"
"1,391,890,265.90"
"14,479,782,846.88"
"1,176,114,204.39"
"1,233,129,325.91"
"1089582,56.39"
"1138537,31.11"
"1393980,60.75"
"1,090,735,214.42"
"1,317,447,596.89"
"1,204,380,299.77"
"1254006,22.33"
"1,177,978,158.03"
"1,448,868,157.83"
"1,114,381,213.58"
"1492928,31.8"
"1,054,929,124.47"
"1492790,30.21"
"1140213,26.97"
"1193240,89.81"
"1410895,48.84"
"1,263,834,496.20"
"1,260,599,478.25"
"1,412,296,401.76"
"12,198,271,229.92"
"11,838,951,251.27"
"1,036,709,740.80"
"1361685,48.9"
"1482926,67.0"
"1395186,35.44"
"1,008,601,263.60"
"1,193,872,542.99"
"1,005,400,309.84"
"1,355,189,334.88"
"1,014,891,198.77"
"1468695,88.34"
"13,904,103,428.37"
"1,385,985,201.95"
"1,048,223,529.84"
"1069511,97.81"
"1,129,172,116.55"
"1029297,61.87"
"1425307,54.19"
"1127166,60.58"
"1,245,969,285.39"
"1,352,827,368.31"
"1,464,317,180.52"
"1443431,39.82"
"1069778,30.21"
"1,016,495,114.75"
"1,000,429,183.01"
"1,077,871,343.43"
"1191951,61.83"
"1008761,66.31"
"1,082,837,100.36"
"1201538,42.79"
"1,337,110,134.10"
"1171071,43.04"
"1302946,96.01"
"1323453,62.46"
"1,202,688,212.96"
"1,340,955,496.06"
"1,213,041,195.00"
"11,150,811,032.80"
"1,257,596,467.51"
"1,434,708,241.85"
"1472011,72.31"
"1212811,65.51"
"1,179,258,309.18"
"1,345,123,271.39"
"1,003,561,467.65"
"1149009,96.87"
"1,100,625,100.19"
"1,493,085,197.31"
"13,833,782,547.05"
"1,024,697,258.75"
"1,117,271,319.59"
"1313926,25.25"
"1195095,68.16"
"1319139,60.23"
"1455947,21.58"
"1093143,14.93"
"1,405,175,212.64"
"1,148,474,666.08"
"1,336,624,224.21"
"1483824,23.42"
"1071207,16.31"
"1,273,605,211.96"
"1,361,024,153.09"
"1,196,684,267.74"
"1475777,46.63"
"1363658,49.26"
"1008951,56.3"
"1209903,94.71"
"1,207,618,117.47"
"1010577,21.65"
"1187741,36.62"
"1,364,643,219.67"
"1288149,66.17"
"1298947,53.24"
"1120237,34.62"
"1,299,433,170.89"
"1437108,60.77"
"1,470,372,323.57"
"1,421,735,360.88"
"1,073,321,166.96"
"1,340,524,752.62"
"1,373,298,327.73"
"1,397,906,360.40"
"1298578,45.87"
"1401355,59.79"
"1087548,89.36"
"1,255,103,392.97"
"1,238,094,451.29"
"1,495,739,477.87"
"1,286,622,194.14"
"1,090,206,146.18"
"1,020,053,182.51"
"10,165,631,384.66"
"1,068,029,299.05"
"1,227,744,524.46"
"1460795,56.67"
"1369172,76.65"
"1401927,61.53"
"1079289,53.95"
"1270851,38.45"
"1110506,36.29"
"1,028,807,583.15"
"1,057,178,688.42"
"1,220,587,394.62"
"1416699,28.84"
"1264067,49.64"
"1,351,534,114.85"
"1,157,302,214.99"
"1412243,78.5"
"1090685,98.7"
"1155242,78.06"
"1,143,695,150.39"
"1,449,009,240.67"
"1,343,512,254.07"
"1231346,36.1"
"1392147,21.15"
"1,008,596,119.91"
"1260443,90.5"
"1085513,42.31"
"1441042,35.6"
"1054680,50.63"
"1264920,24.48"
"1,109,972,313.70"
"1,241,837,336.81"
"1,121,489,164.50"
"10,159,851,529.61"
"1,100,774,631.40"
"1,107,017,455.03"
"1169666,55.8"
"1097146,87.05"
"1483477,70.6"
"1,248,664,483.23"
"1,346,422,757.47"
"1,294,933,948.04"
"1,179,836,102.91"
"1287959,97.6"
"1,156,176,199.62"
"11,985,764,205.82"
"1,431,593,554.56"
"14,685,671,153.68"
"1,245,157,107.89"
"1,404,165,103.12"
"1062432,56.57"
"1,008,087,348.99"
"1,095,691,240.11"
"1,207,317,139.42"
"1086536,28.3"
"1073117,72.29"
"1080663,39.13"
"1,324,159,711.97"
"1,125,632,677.75"
"1,250,174,306.57"
"1288442,76.61"
"1252908,26.09"
"1,341,648,255.00"
"1,269,832,425.11"
"1,133,908,548.72"
"1,144,443,107.70"
"1,097,049,113.87"
"1,432,242,104.63"
"1,333,510,143.60"
"1,121,929,188.34"
"1,210,305,501.30"
"1275546,53.09"
"1381340,50.62"
"1156397,29.77"
"1,117,593,272.45"
"1,184,580,334.33"
"1,228,419,389.19"
"1445630,50.31"
"1266002,88.29"
"1402889,74.15"
"1,237,434,314.39"
"1,225,163,351.23"
"1,255,596,239.14"
"1,109,852,781.88"
"1,345,620,956.94"
"1,484,128,467.18"
"1321233,72.12"
"1,226,369,111.86"
"1433653,73.28"
"1,152,701,723.65"
"1,081,449,684.93"
"14,444,941,279.39"
"1,119,021,112.54"
"1,489,585,111.40"
"1,134,580,235.13"
"13,755,983,242.60"
"1,305,270,456.28"
"1,284,327,963.30"
"1073391,76.17"
"1041760,74.16"
"1,316,356,130.81"
"1214154,42.74"
"1,279,444,134.06"
"1422458,54.97"
"1046971,46.85"
"1412767,28.66"
"1,294,818,530.21"
"1,483,332,668.30"
"1,176,830,290.48"
"1405681,49.47"
"1028719,50.39"
"1272650,41.16"
"1,367,340,228.03"
"1,008,287,252.05"
"1,047,518,300.69"
"1,394,281,159.98"
"1,434,750,165.59"
"1388225,90.12"
"1,437,287,150.00"
"1,008,536,242.58"
"1,495,302,370.87"
"1006713,42.38"
"1156578,22.09"
"1161779,30.58"
"1,165,593,174.08"
"1,193,794,336.63"
"1,457,081,303.75"
"1144977,79.1"
"1271614,95.41"
"1179825,74.27"
"1,395,652,304.15"
"1,256,292,519.48"
"1,070,158,342.93"
"1,124,487,169.95"
"1,371,386,172.23"
"1087971,85.03"
"1128435,35.72"
"1,090,797,105.63"
"1450451,39.0"
"1,405,891,252.40"
"1,393,405,384.75"
"1,497,134,325.67"
"1255484,92.1"
"1,143,886,104.62"
"1,323,892,182.60"
"11,474,382,653.47"
"1,133,657,226.70"
"1,074,216,289.99"
"1078228,37.8"
"1082992,32.11"
"1168507,35.83"
"1423468,41.62"
"1443674,38.32"
"1315359,33.18"
"1368872,28.39"
"1,296,051,224.69"
"1,198,927,806.46"
"1,378,647,226.11"
"1067203,27.33"
"1388229,15.5"
"1207936,85.01"
"1,217,839,188.19"
"1,427,300,184.21"
"1237497,72.43"
"1205066,27.38"
"1381518,38.07"
"1,406,296,102.42"
"1201586,43.2"
"1,215,471,491.69"
"1,265,298,516.43"
"1,345,121,208.80"
"1,163,522,284.16"
"1,488,422,241.31"
"1,489,126,155.69"
"1245703,98.14"
"1364476,42.97"
"1,311,779,175.68"
"1,204,524,253.10"
"1,453,079,323.29"
"1,346,583,107.26"
"1,343,513,128.24"
"12,702,152,510.41"
"1,167,611,159.77"
"1,250,643,143.84"
"1483071,33.33"
"1128774,28.37"
"1066086,57.77"
"1073159,54.32"
"1156715,24.02"
"1167396,34.52"
"1,154,326,231.67"
"1,404,009,597.84"
"1,081,181,197.54"
"1,397,855,123.33"
"1,490,628,106.36"
"1,370,443,172.49"
"1410231,35.8"
"1,099,647,160.73"
"1076400,24.39"
"1042262,67.96"
"1479532,87.27"
"1193871,35.86"
"1,192,427,213.68"
"1,358,679,264.20"
"1,128,577,161.75"
"1,297,500,553.29"
"1,159,398,264.51"
"1295791,81.34"
"1083928,92.04"
"1,421,326,243.43"
"1,070,011,135.52"
"1172465,81.18"
"1040153,43.52"
"1,240,015,158.79"
"1,470,791,127.24"
"10,783,672,107.13"
"1,302,448,274.10"
"1478516,34.54"
"1208057,60.06"
"1394274,61.43"
"1079649,21.97"
"1066010,16.11"
"1206124,88.42"
"1,162,193,294.76"
"1,459,527,175.95"
"1096264,32.39"
"1461384,19.08"
"1423886,28.25"
"1,415,920,100.65"
"1,393,922,180.70"
"1,462,163,238.71"
"1,336,059,342.88"
"1213767,17.35"
"1157287,73.69"
"1056066,23.64"
"1,128,096,316.16"
"1,254,860,174.48"
"1,025,173,124.68"
"10,494,771,100.76"
"1,433,608,291.13"
"1,312,390,344.94"
"1124545,41.5"
"1264535,80.82"
"1,188,918,462.47"
"1,242,215,415.33"
"1,127,032,815.01"
"1,308,289,161.33"
"1021318,81.1"
"1,286,859,209.95"
"14,402,812,502.80"
"1,352,739,316.94"
"1,411,783,649.39"
"1302350,39.98"
"1433670,35.43"
"1060069,73.6"
"1,449,369,136.06"
"1460584,79.37"
"1356206,31.37"
"1,033,641,381.47"
"1,353,961,520.27"
"1,013,842,240.23"
"1407391,22.85"
"1,256,963,113.48"
"1,285,209,132.67"
"1,389,206,272.09"
"1074865,80.8"
"1295162,87.42"
"1,006,987,143.12"
"1,006,312,127.87"
"1,257,443,220.42"
"1,014,526,333.44"
"1176168,25.01"
"1003166,26.14"
"1,025,197,283.30"
"1,432,540,140.14"
"1270332,33.42"
"1233784,85.51"
"1068820,49.22"
"1,493,096,336.42"
"1,107,381,369.91"
"1,208,037,202.73"
"1,427,935,603.04"
"1,409,134,237.66"
"1,153,622,220.74"
"1422767,70.62"
"1362852,53.37"
"1494354,51.29"
"1,057,624,309.76"
"1,356,690,368.65"
"1,482,022,660.80"
"1397919,68.58"
"1,445,308,115.66"
"1020982,98.69"
"12,914,222,176.26"
"1,297,299,166.53"
"1,365,373,484.71"
"1439539,35.5"
"1258083,50.52"
"1003250,60.0"
"1113910,49.66"
"1,205,630,269.57"
"1,310,574,399.43"
"1,117,265,243.93"
"1165333,21.41"
"1,114,035,248.28"
"1,194,145,287.83"
"1,420,653,147.64"
"1,360,946,116.05"
"1,433,378,131.75"
"1495520,54.98"
"1,177,169,125.49"
"1,234,726,131.14"
"1,223,629,173.64"
"1034536,21.86"
"1149922,33.09"
"1,467,073,130.42"
"1,083,269,185.42"
"1257323,74.97"
"1208257,35.63"
"1,291,108,104.60"
"1111605,70.44"
"1,198,651,321.46"
"1,336,104,307.61"
"1346782,94.65"
"10,610,751,527.41"
"13,692,331,023.28"
"1,048,357,297.82"
"1186575,29.24"
"1,265,526,102.58"
"1303529,64.08"
"1,398,609,357.47"
"1,335,904,440.29"
"1,410,175,591.18"
"1,319,121,136.07"
"1,321,490,129.45"
"1,060,454,210.40"
"13,701,861,682.28"
"1,302,878,385.47"
"1,161,679,785.51"
"1318665,67.65"
"1172065,51.44"
"1,346,275,125.36"
"1,051,466,120.89"
"1405723,80.07"
"1197177,45.99"
"1186649,39.02"
"1,162,814,428.47"
"1,114,245,502.21"
"1,216,193,227.69"
"1086401,49.43"
"1479831,31.41"
"1,232,866,179.98"
"1,339,315,304.45"
"1,164,756,251.75"
"1207479,64.72"
"1132637,70.48"
"1299828,59.67"
"1340940,79.95"
"1,332,269,137.36"
"1,175,470,175.04"
"1300661,61.73"
"1059386,30.24"
"1289801,24.23"
"1,321,571,273.61"
"1,452,847,218.87"
"1,230,982,119.17"
"1458264,44.55"
"1343550,75.12"
"1070140,42.84"
"1,268,975,365.87"
"1,158,915,262.30"
"1,454,863,160.46"
"1,361,688,142.95"
"1,100,387,169.20"
"1044453,50.9"
"1446311,44.37"
"1,392,146,121.45"
"1065082,56.31"
"1,394,030,209.83"
"1,110,858,387.73"
"1,023,502,220.61"
"1040888,52.61"
"1446797,89.4"
"1,343,455,211.35"
"12,680,733,343.83"
"1,481,457,165.93"
"1,249,361,225.67"
"1329468,40.57"
"1436626,44.11"
"1361934,41.59"
"1447072,68.37"
"1258552,34.41"
"1236319,37.04"
"1,198,216,113.96"
"1,160,539,623.26"
"1,117,606,254.93"
"1030646,30.05"
"1155205,32.86"
"1,294,200,133.68"
"1,148,219,161.81"
"1,164,274,210.77"
"1407284,50.72"
"1,247,144,119.99"
"1203344,40.24"
"1371459,61.37"
"1422129,23.97"
"1,492,225,118.18"
"1286449,45.01"
"1,498,844,223.98"
"1,197,780,352.96"
"1,034,337,212.69"
"1,054,015,552.12"
"1,358,812,630.74"
"1,314,671,328.44"
"1394382,48.27"
"1251230,62.97"
"1476089,38.59"
"1,452,428,186.14"
"1,238,845,212.95"
"1,276,246,282.69"
"1331565,78.85"
"1018544,79.92"
"1,011,365,187.31"
"10,164,093,377.06"
"1,339,048,184.84"
"1,219,376,433.96"
"1473348,75.08"
"1131997,68.93"
"1282886,58.99"
"1275226,99.32"
"1196696,63.37"
"1,454,891,137.53"
"1335568,65.77"
"1214246,55.38"
"1062359,60.97"
"1,326,814,269.94"
"1,379,654,432.68"
"1,205,968,232.60"
"1279690,28.21"
"1471954,80.67"
"1,474,566,145.02"
"1,179,357,281.88"
"1293041,59.81"
"1238568,58.69"
"1026804,39.82"
"1326414,90.18"
"1,109,560,146.75"
"1,051,164,152.55"
"1429024,79.1"
"1150675,64.29"
"1,116,325,292.98"
"1,175,645,509.77"
"1,402,353,204.23"
"1,295,493,155.56"
"1,016,076,193.70"
"1,185,405,106.48"
"1371466,29.32"
"1,346,530,114.90"
"1331432,24.1"
"1,294,124,304.48"
"1,024,221,452.08"
"1,094,935,260.28"
"1197378,83.63"
"1427470,83.05"
"1,158,914,216.69"
"14,433,943,223.27"
"1,450,602,301.89"
"1,235,655,202.60"
"1248147,27.25"
"1340735,27.13"
"1322947,53.53"
"1117415,43.0"
"1172976,43.66"
"1193844,29.77"
"1,389,248,102.05"
"1,074,022,482.86"
"1,131,319,221.37"
"1366358,96.69"
"1,252,216,116.03"
"1,357,317,138.27"
"1300041,35.12"
"1,018,011,177.09"
"1057180,17.63"
"1243421,36.49"
"1309173,55.07"
"1123735,41.66"
"1,132,139,461.89"
"1,294,776,452.69"
"1,323,841,235.30"
"14,365,451,566.06"
"1,438,728,370.57"
"1,005,866,390.93"
"1,457,927,129.66"
"1,175,328,295.58"
"1,422,379,232.71"
"1,220,430,668.47"
"12,815,551,279.91"
"12,315,351,214.89"
"1,118,412,180.85"
"1,348,202,117.70"
"1,316,773,200.39"
"14,319,223,710.23"
"1,298,022,884.59"
"12,498,781,775.91"
"1,283,616,249.15"
"1,043,351,135.57"
"1167103,95.28"
"1,279,295,210.91"
"1,413,036,206.54"
"1281633,61.53"
"1,403,602,137.24"
"1,315,483,172.48"
"1286261,51.18"
"1,320,697,718.24"
"14,944,171,053.75"
"1,128,160,232.25"
"1126635,76.97"
"1093884,20.77"
"1179430,77.44"
"1,361,178,470.09"
"1,011,110,758.27"
"1,066,051,372.34"
"1344662,98.34"
"1,007,567,141.95"
"1148205,53.74"
"1,228,589,158.70"
"1,369,352,324.49"
"1,097,496,579.62"
"1149199,55.32"
"1197821,37.67"
"1402804,43.02"
"1,205,020,464.71"
"1,181,471,473.50"
"1,497,500,362.47"
"1,279,838,175.20"
"1,409,784,339.65"
"1,467,998,250.10"
"1,020,597,684.26"
"1,366,678,465.64"
"1,115,501,508.74"
"1,282,318,476.59"
"1,445,235,244.29"
"1,464,381,191.29"
"1461970,43.24"
"1476428,67.72"
"1,212,985,475.56"
"1,364,771,433.07"
"1,396,513,617.63"
"1,180,798,267.67"
"1,247,508,104.58"
"1,110,507,326.78"
"10,276,531,517.43"
"1,099,989,443.28"
"1,498,374,492.47"
"1349364,47.04"
"1479790,38.34"
"1035192,41.9"
"1229754,23.52"
"1130786,35.36"
"1,024,113,450.35"
"1,268,625,318.62"
"1,210,136,211.08"
"1,184,287,133.05"
"1091316,84.64"
"1079675,70.37"
"1,481,016,160.05"
"1,041,134,166.12"
"1,394,323,121.65"
"1,279,456,150.88"
"1,392,045,241.34"
"1,203,740,239.63"
"1151322,27.18"
"1,430,200,103.64"
"1083166,67.82"
"1385875,26.17"
"1409929,33.17"
"1086440,50.92"
"1153559,37.02"
"1,111,856,338.14"
"1,493,103,386.57"
"1,122,711,239.27"
"1,228,946,707.00"
"1,193,698,317.23"
"1,469,190,257.66"
"1325065,35.89"
"1164610,71.8"
"1118651,55.66"
"1,131,213,307.71"
"1,315,318,529.38"
"1,071,202,534.43"
"1221401,92.69"
"1176648,77.27"
"1,188,251,107.04"
"12,236,322,658.08"
"1,135,659,655.13"
"1,031,838,503.47"
"1007386,26.76"
"1,256,754,122.10"
"1147978,26.52"
"1296900,45.58"
"1059977,34.31"
"1109538,29.17"
"1,218,255,686.76"
"1,386,995,595.48"
"1,150,346,338.23"
"1411001,32.47"
"1341159,25.86"
"1,310,691,185.09"
"1102882,72.21"
"1,050,887,161.66"
"1,354,141,107.15"
"1161886,83.41"
"1,357,176,120.47"
"1200229,83.48"
"1,279,574,170.02"
"1,435,781,216.46"
"1057374,26.77"
"1,149,792,130.51"
"1046977,42.02"
"1398521,48.79"
"1486055,27.97"
"1310669,82.92"
"1225073,35.63"
"1,337,657,339.07"
"1,446,703,356.50"
"1,088,738,352.38"
"13,668,851,646.76"
"1,392,666,551.09"
"1,427,657,519.32"
"1252445,54.77"
"1,099,768,212.74"
"1,426,505,127.78"
"1,264,257,939.07"
"14,055,101,236.33"
"12,800,931,052.22"
"1,088,550,114.75"
"1,358,294,131.93"
"1,231,327,269.29"
"12,959,354,546.13"
"1,357,421,630.15"
"14,241,161,613.42"
"1,303,695,130.62"
"1013681,83.66"
"1055296,56.31"
"1,238,615,108.57"
"1,331,958,182.26"
"1467815,75.65"
"1344543,44.18"
"1,237,041,129.92"
"1462080,69.68"
"1,088,084,737.45"
"1,342,237,896.74"
"1,409,429,330.01"
"1004292,63.94"
"1008571,36.12"
"1322939,40.11"
"1,008,568,466.79"
"12,847,971,006.82"
"12,952,161,030.81"
"1,285,713,162.49"
"1,043,271,162.18"
"1,144,010,113.70"
"1,145,767,147.69"
"1,291,337,219.88"
"1,260,544,432.31"
"1323348,45.43"
"1498511,34.6"
"1063475,39.26"
"1,044,536,244.56"
"1,321,554,397.03"
"1,359,413,266.12"
"1048715,71.47"
"1,249,682,143.48"
"1,366,542,157.09"
"1,113,149,296.60"
"1,247,598,386.80"
"1,152,698,491.12"
"1,036,601,725.24"
"1,188,391,544.78"
"1,457,208,331.42"
"1411800,41.98"
"1270236,46.69"
"1312433,83.16"
"1,411,635,274.82"
"1,173,357,438.52"
"1,091,113,504.18"
"1,488,338,250.63"
"1,460,152,101.96"
"1,065,364,240.81"
"10,829,443,573.07"
"1,476,967,251.30"
"1,435,652,595.15"
"1,291,482,108.74"
"1345720,93.54"
"1316364,55.02"
"1178189,78.47"
"1,082,240,417.08"
"1,480,631,284.14"
"1384332,48.41"
"1246960,54.53"
"1058253,39.94"
"1,495,516,511.26"
"1,077,710,987.51"
"1,311,456,218.98"
"1070786,36.34"
"1001701,56.07"
"1455377,19.79"
"1,071,891,208.07"
"1,462,931,185.84"
"1,213,126,404.31"
"1181013,99.0"
"1332262,77.57"
"1323447,84.79"
"1,204,703,210.83"
"1,343,836,125.46"
"1,145,830,194.35"
"1114280,42.94"
"1098157,69.22"
"1419588,82.54"
"1,082,740,348.22"
"1,433,681,326.55"
"1,067,435,333.74"
"1,155,657,199.93"
"1,281,207,230.77"
"1490318,97.58"
"1084864,33.51"
"1435085,97.64"
"1,356,353,117.97"
"1,415,607,321.09"
"1,334,640,370.83"
"1,297,961,283.61"
"1,342,342,152.68"
"1,029,422,144.39"
"11,907,842,565.69"
"1,441,059,368.71"
"1,134,065,246.94"
"1010627,42.24"
"1136200,85.17"
"1382153,51.07"
"1096987,39.19"
"1,158,069,224.99"
"11,216,351,026.87"
"1,150,358,213.95"
"1077324,29.04"
"1215019,88.52"
"1,363,375,150.61"
"1,137,912,191.01"
"1468001,56.9"
"1317986,39.47"
"1465417,27.47"
"1172075,64.75"
"1394786,86.56"
"1175490,91.8"
"1,363,049,940.71"
"13,585,651,065.39"
"1,312,142,243.74"
"1,473,003,869.76"
"1,043,675,758.47"
"1,189,088,146.71"
"1103745,25.38"
"1077514,39.32"
"1200158,29.99"
"1,468,882,317.68"
"1,151,507,400.01"
"1,007,265,389.46"
"1,185,048,149.48"
"1488743,87.27"
"1,134,676,306.08"
"12,170,593,189.08"
"1,337,499,222.49"
"1,257,318,188.74"
"1486782,45.82"
"1252862,65.76"
"1,289,314,147.28"
"1,254,687,338.09"
"1,020,087,174.75"
"1468256,16.45"
"1,073,474,117.65"
"1,205,259,189.41"
"1,201,329,214.52"
"1,054,541,112.13"
"1237169,24.18"
"1035323,24.28"
"1280934,39.63"
"1,155,695,467.18"
"1,211,335,496.14"
"1,328,196,225.89"
"1,083,041,692.79"
"1,025,411,385.60"
"1,275,812,110.04"
"1132104,35.4"
"1459804,55.34"
"1052572,33.86"
"1,123,645,313.11"
"1,350,405,415.25"
"1,292,193,449.93"
"1,397,778,219.27"
"1,237,836,149.67"
"1,155,353,178.59"
"10,577,222,767.30"
"1,274,485,250.97"
"1,497,047,378.94"
"1269935,87.58"
"1317971,70.0"
"1316420,47.91"
"1076136,51.22"
"1,465,717,188.81"
"1192548,71.83"
"1272411,51.52"
"1307453,30.73"
"1390209,43.85"
"1,396,591,222.44"
"1,207,029,502.69"
"1,386,805,252.75"
"1221459,26.65"
"1,204,605,128.24"
"1,218,108,153.12"
"1,434,356,253.51"
"1097232,55.67"
"1116834,45.23"
"1186950,97.18"
"1080504,36.63"
"1401133,88.74"
"1005512,27.68"
"1087904,23.5"
"1233422,90.91"
"1,451,461,383.80"
"1,060,105,297.88"
"1,402,994,276.87"
"10,153,941,568.25"
"1,064,767,874.79"
"1,492,943,226.20"
"1410066,30.5"
"1139055,68.42"
"1489232,49.68"
"1,070,424,440.07"
"1,405,502,575.35"
"1,259,325,768.01"
"1,361,061,124.19"
"1,431,485,112.55"
"1,064,580,239.52"
"13,049,651,881.24"
"1,047,356,209.34"
"1,307,778,627.68"
"1457212,78.92"
"1213952,76.58"
"1,191,343,112.38"
"1154706,94.4"
"1271717,87.52"
"1398750,45.48"
"1341876,46.84"
"1,422,024,572.55"
"1,413,467,331.76"
"1,325,121,237.96"
"1151232,53.01"
"1279111,39.43"
"1,360,376,331.60"
"1,169,611,218.34"
"1,311,405,261.21"
"1310403,98.46"
"1,248,441,120.28"
"1329548,84.24"
"1,046,279,103.54"
"1,497,254,138.51"
"1,163,695,354.83"
"1274761,26.4"
"1495378,29.89"
"1362663,31.81"
"1,019,457,294.86"
"1,191,888,319.65"
"1,013,907,243.77"
"1063119,40.62"
"1234655,36.39"
"1259715,67.25"
"1,284,851,272.51"
"1,015,130,368.95"
"1,167,983,275.01"
"1,423,160,855.98"
"1,434,042,357.29"
"1,129,473,125.71"
"1076570,31.43"
"1042497,55.84"
"1190479,33.66"
"1,038,318,424.65"
"1,000,127,473.47"
"1,011,159,770.18"
"1495646,92.76"
"1,076,420,150.28"
"1,010,745,184.15"
"14,025,152,276.74"
"1,197,982,291.60"
"1,043,744,579.70"
"1457953,62.15"
"1130000,34.62"
"1059530,29.63"
"1466396,44.91"
"1077306,51.23"
"1102343,35.71"
"1,316,991,527.51"
"1,391,982,334.33"
"1,052,729,163.17"
"1047101,39.84"
"1325280,16.34"
"1,191,994,122.27"
"1009944,79.79"
"1,353,405,227.80"
"1,080,744,186.18"
"1,411,958,194.56"
"1412982,95.92"
"1,020,171,193.54"
"1,031,252,228.36"
"1016213,36.26"
"1,428,133,151.29"
"1385890,62.54"
"1392951,36.33"
"1232151,58.94"
"1359146,44.22"
"1,441,886,334.16"
"1,218,820,157.04"
"1,267,627,163.06"
"1,373,638,849.04"
"1,212,950,374.92"
"1,313,223,149.96"
"1040381,28.88"
"1380927,49.84"
"1027765,52.34"
"1,033,339,353.96"
"1,425,660,534.41"
"1,113,685,343.34"
"1,401,462,178.19"
"1,273,474,148.00"
"1,091,363,200.18"
"14,928,383,969.81"
"1,320,703,481.94"
"1,194,501,613.79"
"1324100,17.58"
"1471562,57.58"
"1272207,56.39"
"1386706,23.98"
"1475574,54.21"
"1,109,837,376.73"
"1,118,679,823.13"
"1,190,647,357.54"
"1328963,22.03"
"1430846,61.67"
"1,158,154,124.53"
"1,197,145,148.91"
"1,190,178,144.06"
"1,378,832,167.74"
"1,322,978,150.38"
"1,379,618,257.22"
"1,003,304,258.06"
"1210043,27.0"
"1213573,25.83"
"1245394,86.1"
"1436052,37.19"
"1481719,32.24"
"1146138,72.96"
"1114349,30.11"
"1,217,859,325.14"
"1,108,742,365.41"
"1,251,268,366.52"
"1,006,386,317.62"
"1,161,492,301.08"
"1,358,060,221.05"
"1371287,51.58"
"1256315,71.86"
"1121055,44.46"
"1,475,537,191.47"
"1,347,318,403.07"
"1,454,603,240.97"
"1358350,77.81"
"1213905,80.35"
"1,253,272,161.10"
"14,873,252,505.79"
"1,013,460,194.41"
"1,315,234,457.10"
"1250556,70.5"
"1265800,65.44"
"1465665,59.54"
"1,103,726,128.58"
"1,494,205,118.75"
"1189067,38.9"
"1471552,33.44"
"1453612,33.15"
"1,377,134,197.90"
"11,305,591,121.03"
"1,357,157,286.71"
"1409994,28.27"
"1294522,19.74"
"1,151,562,125.74"
"1,050,376,167.37"
"1,428,932,293.51"
"1465957,78.71"
"1319696,52.95"
"1407657,71.16"
"1,352,086,140.70"
"1,418,187,156.76"
"1,048,311,182.78"
"1165831,54.53"
"1,132,616,114.91"
"1083784,45.62"
"1,416,037,228.40"
"1,435,204,301.81"
"1,186,545,198.02"
"12,686,571,641.01"
"1,181,753,521.48"
"1,458,923,339.91"
"1344823,85.68"
"1479610,84.89"
"1,274,250,106.92"
"1,323,910,554.19"
"1,003,508,614.65"
"1,092,809,910.66"
"1275720,80.12"
"1,408,837,123.09"
"1,481,979,189.89"
"10,289,514,050.24"
"1,373,822,450.88"
"1,378,974,959.25"
"1,046,692,136.12"
"1,011,254,107.30"
"1273103,89.4"
"1327930,96.55"
"1055553,27.23"
"1383239,61.07"
"1026289,55.16"
"1,318,608,610.67"
"1,313,750,491.06"
"1,325,803,218.16"
"1256323,31.52"
"1,037,238,173.90"
"1,368,563,214.45"
"1,079,212,100.90"
"1167023,80.54"
"1,278,023,125.44"
"1231837,67.83"
"1,035,823,125.20"
"1,253,401,246.76"
"1,061,037,391.83"
"1292684,53.45"
"1124624,30.0"
"1111998,25.86"
"1,109,928,272.03"
"1,490,077,203.57"
"1,033,222,190.74"
"1198020,38.58"
"1466824,94.78"
"1233925,80.77"
"1,470,068,320.96"
"1,218,519,365.44"
"1,336,140,309.98"
"1,301,315,964.38"
"1,155,421,549.91"
"1,194,917,196.47"
"1173000,57.05"
"1354418,66.85"
"1215320,36.71"
"1,061,139,238.65"
"1,180,146,358.73"
"1,090,955,409.57"
"1147950,96.86"
"1207215,76.39"
"1,318,775,136.97"
"12,040,273,168.31"
"1,413,965,224.25"
"1,331,579,557.21"
"1312626,62.28"
"1218834,45.63"
"1,032,713,195.39"
"1,271,703,111.87"
"1085153,32.0"
"1084295,48.66"
"1359593,28.53"
"1,047,132,351.31"
"1,270,406,498.03"
"1,018,816,237.15"
"1152664,41.56"
"1041786,30.15"
"1094765,26.94"
"1,347,013,126.79"
"1,491,511,162.11"
"1,389,945,169.14"
"1055106,74.57"
"1289462,38.47"
"1008838,97.04"
"1,247,371,115.73"
"1,126,864,115.85"
"1451674,44.66"
"1385517,69.5"
"1154247,24.62"
"1,179,404,275.52"
"1,405,934,365.00"
"1,142,085,253.12"
"1,009,709,433.55"
"1,327,954,187.55"
"1348230,68.83"
"1317437,79.76"
"1,358,874,209.61"
"1,066,722,274.75"
"1,426,661,237.71"
"1189682,71.19"
"1,361,421,105.77"
"1,488,795,178.81"
"13,948,481,757.97"
"1,412,980,442.38"
"1,388,481,305.28"
"1482717,29.44"
"1207154,15.81"
"1,080,646,212.35"
"1,423,780,387.08"
"1,076,968,237.03"
"1492097,16.08"
"1444295,90.41"
"1,338,940,140.09"
"1,066,511,227.87"
"1156979,87.53"
"1056205,96.5"
"1,418,176,125.21"
"1041452,25.75"
"1287446,97.92"
"1401376,31.43"
"1365246,28.73"
"1368785,26.43"
"1,101,540,353.72"
"1,364,650,363.05"
"1,010,363,141.94"
"10,590,561,032.39"
"1,325,139,297.89"
"1,002,435,368.24"
"1,354,416,132.84"
"1,276,165,666.22"
"1,327,823,886.54"
"1,463,775,905.74"
"1,401,014,145.94"
"1348216,72.26"
"1,284,993,226.67"
"13,079,541,729.21"
"1,097,182,539.62"
"14,606,671,094.97"
"1,116,900,112.08"
"1141794,47.88"
"1,423,616,142.96"
"1297883,91.45"
"1338844,98.57"
"1270382,37.63"
"1176990,96.15"
"1109609,73.48"
"1,125,886,724.76"
"1,459,649,652.85"
"1,370,105,249.06"
"1365258,50.87"
"1217805,64.43"
"1,383,782,280.59"
"1,332,940,178.88"
"1,415,280,305.59"
"1,281,939,134.95"
"1,377,594,212.53"
"1,097,453,102.96"
"1,187,092,124.46"
"1,392,729,234.03"
"1,232,474,340.12"
"1119483,71.36"
"1130256,41.97"
"1042242,47.08"
"1,122,806,251.47"
"1,493,799,254.74"
"1,487,003,285.64"
"1,322,423,203.94"
"1,465,439,144.76"
"1,357,396,358.95"
"1,055,674,387.53"
"1,061,706,149.00"
"11,885,911,570.57"
"1,345,516,407.02"
"1,164,926,410.79"
"1157352,99.53"
"1,162,495,157.24"
"1439572,71.73"
"1,252,122,740.11"
"1,473,136,829.52"
"14,142,391,134.41"
"1227902,72.19"
"1,475,674,125.36"
"1,074,156,239.83"
"11,244,153,773.67"
"1,429,469,589.40"
"11,962,021,039.27"
"1207213,76.25"
"1220768,91.27"
"1219884,78.19"
"1476173,90.28"
"1258695,97.46"
"1190890,70.8"
"1302775,24.58"
"1,166,615,540.87"
"1,168,141,805.22"
"1,347,061,299.11"
"1234023,33.51"
"1217405,52.81"
"1,137,757,284.60"
"1,142,488,461.38"
"1,312,713,565.02"
"1,254,886,264.14"
"1,175,778,138.47"
"1,273,113,151.37"
"1,438,146,140.16"
"1,311,889,180.15"
"1,109,876,333.51"
"1314145,67.87"
"1140803,75.11"
"1,026,912,719.65"
"1,455,331,253.35"
"1,156,368,175.80"
"1224254,60.87"
"1,423,832,108.44"
"1432432,93.15"
"1,218,398,434.37"
"1,189,072,356.17"
"1,349,200,341.23"
"1,210,564,810.00"
"1,306,324,522.50"
"1,246,324,573.63"
"1007274,38.16"
"1,416,495,101.12"
"1482738,41.48"
"1,112,624,249.03"
"1,071,982,422.19"
"1,007,464,432.13"
"1,032,604,136.11"
"1373185,69.43"
"1,491,158,117.54"
"11,852,912,767.49"
"1,364,764,261.49"
"1,193,094,487.63"
"1386568,95.75"
"1204718,63.4"
"1412333,32.57"
"1371558,48.75"
"1,107,600,122.21"
"1,413,888,148.80"
"1427250,31.06"
"1044881,41.66"
"1332733,35.25"
"1,325,149,297.37"
"1,286,591,623.14"
"1,066,069,282.42"
"1274735,34.79"
"1471120,35.62"
"1,252,651,147.71"
"1,477,762,180.59"
"1,331,846,229.12"
"1368853,50.31"
"1309782,38.68"
"1105042,83.95"
"1,099,051,171.06"
"1294198,33.03"
"1,204,789,261.14"
"1341777,36.01"
"1455309,95.67"
"1,433,285,370.38"
"1,012,505,375.69"
"1,104,929,233.36"
"1,114,635,309.74"
"1,084,924,338.85"
"1,157,371,115.45"
"1190987,37.27"
"1041636,83.52"
"1089516,22.81"
"1,020,854,254.95"
"1,307,783,295.16"
"1,201,333,324.64"
"1462723,72.81"
"1110181,65.21"
"1,165,740,156.48"
"13,984,852,662.62"
"1,071,026,247.14"
"1,183,503,387.54"
"1215898,83.37"
"1052604,52.94"
"1239988,68.63"
"1363046,47.66"
"1,337,424,120.45"
"1,015,074,117.66"
"1221444,66.99"
"1113063,29.03"
"1154806,47.49"
"1,109,703,335.67"
"1,021,912,699.85"
"1,298,180,225.85"
"1384906,25.39"
"1308789,20.94"
"1,427,380,127.07"
"1,210,445,237.50"
"1,377,696,226.96"
"1041733,51.07"
"1458994,66.36"
"1455799,54.55"
"1341588,56.95"
"1034394,62.76"
"1,396,890,130.11"
"1429960,39.22"
"1,267,932,125.67"
"1211830,50.22"
"1,272,619,486.54"
"1,095,155,401.21"
"1,260,998,199.37"
"14,463,442,759.62"
"11,135,451,346.86"
"1,165,254,506.69"
"1035393,85.32"
"1,190,535,210.69"
"1,135,656,106.28"
"1,387,179,599.98"
"1,016,058,893.76"
"12,131,281,976.51"
"1,498,348,130.38"
"1,037,275,113.09"
"1,306,497,217.16"
"11,732,154,234.28"
"1,313,071,960.80"
"12,435,011,832.56"
"1,181,479,280.55"
"1,251,517,158.98"
"1,019,878,143.71"
"1,179,192,260.58"
"1,395,274,405.14"
"1,323,008,117.35"
"1277683,75.73"
"1,348,796,162.06"
"1357767,92.45"
"12,617,811,011.53"
"13,174,651,158.97"
"1,404,060,265.12"
"1,067,530,105.04"
"1441892,73.49"
"1,188,240,499.13"
"1,223,568,448.84"
"1,477,410,651.78"
"1,341,241,210.55"
"1,084,874,216.90"
"1,176,180,174.19"
"1,350,329,213.84"
"1,172,618,234.93"
"1,449,340,714.64"
"1,377,191,102.81"
"1,478,466,150.74"
"1,412,159,131.34"
"14,152,861,091.92"
"1,496,971,595.31"
"1,429,780,438.89"
"1,018,985,108.28"
"1,463,282,258.49"
"1,228,365,134.44"
"1,078,001,467.48"
"1,097,877,441.04"
"1,145,821,344.38"
"1,168,967,743.68"
"1,102,821,374.15"
"1,440,816,235.82"
"1307971,25.36"
"1480181,63.34"
"1398113,60.41"
"1,481,125,580.44"
"1,238,037,127.21"
"1,302,813,113.19"
"1,157,998,234.83"
"11,008,142,874.31"
"1,414,249,261.85"
"1,064,239,455.75"
"1239602,34.6"
"1364760,41.52"
"1087470,67.12"
"1122068,25.41"
"1101824,32.93"
"1318121,44.88"
"1,459,062,416.07"
"1,150,712,501.22"
"1,097,552,230.76"
"1,335,537,290.55"
"1,233,535,567.57"
"1253969,31.22"
"1042781,41.29"
"1153942,92.78"
"1,087,640,140.87"
"1,479,828,204.59"
"1140662,59.26"
"1411918,44.68"
"1149789,82.53"
"1,359,316,168.76"
"1,312,063,105.50"
"1272016,88.01"
"1140449,73.5"
"1043355,58.44"
"1025691,54.97"
"1,224,186,319.97"
"1,426,162,419.39"
"1,048,220,237.79"
"10,255,581,128.22"
"1,047,097,441.96"
"1,422,931,479.06"
"1,471,480,136.21"
"1,415,987,228.27"
"1,079,860,107.62"
"1,351,993,750.54"
"14,619,171,072.99"
"11,481,801,246.42"
"1,196,301,100.67"
"1,093,029,118.57"
"1,045,723,248.68"
"13,954,464,181.74"
"1,231,823,723.91"
"12,183,031,207.29"
"1221218,86.11"
"1208015,88.74"
"1395932,57.64"
"1,133,957,142.68"
"1,120,215,177.01"
"1,061,156,102.77"
"1038221,33.75"
"1,362,836,111.76"
"1297712,89.48"
"1,061,253,680.93"
"1,400,730,390.49"
"1,123,458,244.84"
"1166811,51.64"
"1016126,37.62"
"1261795,60.51"
"1,139,004,507.69"
"1,207,970,637.25"
"1,006,063,633.59"
"1,201,464,135.84"
"1,469,353,106.22"
"1,237,384,120.57"
"1,205,460,161.49"
"1,184,746,291.66"
"1,051,349,397.02"
"1309800,74.56"
"1191930,54.79"
"1482127,84.63"
"1,255,449,335.70"
"1,134,444,426.04"
"1,198,260,263.42"
"1,461,834,100.89"
"1,440,765,190.64"
"1272010,75.73"
"1,251,272,263.65"
"1,062,635,398.33"
"1,316,515,247.54"
"1,215,917,328.93"
"1,095,872,248.18"
"1,329,014,124.70"
"1425452,34.66"
"1,187,938,105.31"
"1023244,51.74"
"1,175,478,195.08"
"1,126,925,396.06"
"1,398,366,237.82"
"1152312,43.71"
"1363630,82.25"
"1,221,495,120.80"
"10,581,612,710.32"
"1,049,337,199.44"
"1,227,943,426.50"
"1,224,486,102.26"
"1304927,50.63"
"1011053,52.06"
"1286223,79.93"
"1283181,76.93"
"1067400,26.93"
"1441563,31.85"
"1418704,30.55"
"1,000,531,273.82"
"1,044,876,548.88"
"1,370,466,260.34"
"1,174,805,124.13"
"1,488,970,167.65"
"1,305,781,237.51"
"1009743,51.25"
"1,029,249,100.77"
"1347941,30.65"
"1493775,44.73"
"1419171,29.57"
"1301631,81.81"
"1434397,32.65"
"1,320,423,243.13"
"1,125,818,301.05"
"1,491,444,244.93"
"1,440,692,277.31"
"1,143,262,188.23"
"1429564,91.58"
"1403272,55.87"
"1336168,40.23"
"1103794,43.89"
"1,100,366,188.04"
"1,231,147,336.18"
"1,318,939,264.79"
"1,323,615,128.74"
"1,400,460,135.92"
"1,267,608,158.17"
"12,542,362,250.52"
"1,493,015,108.14"
"1,397,681,262.33"
"1432364,42.48"
"1147010,82.74"
"1450106,38.27"
"1301647,56.52"
"1398942,32.37"
"1,468,483,177.40"
"1,390,931,413.69"
"1,209,189,119.01"
"1488426,96.98"
"1,225,360,110.96"
"1,240,032,176.81"
"1350236,35.92"
"1223002,30.35"
"1302037,35.91"
"1087910,62.03"
"1268663,33.34"
"1320986,80.04"
"1446108,53.32"
"1,233,956,242.77"
"1,175,659,343.00"
"1,400,458,164.93"
"1,105,463,341.37"
"1,251,776,290.60"
"1,479,035,156.11"
"1313337,72.52"
"1,227,743,113.93"
"1210597,45.93"
"1,081,595,219.52"
"1,451,525,593.07"
"1,180,851,381.76"
"1144575,63.86"
"1219773,69.67"
"1,393,045,126.95"
"12,128,953,022.58"
"1,037,638,306.93"
"1,207,482,974.74"
"1372137,88.2"
"1374959,72.31"
"1378330,72.52"
"1,359,565,161.15"
"1,321,731,292.46"
"1,215,039,276.39"
"1489247,55.54"
"1176682,99.57"
"1,388,982,561.44"
"1,020,188,600.80"
"1,255,737,203.54"
"1473804,58.0"
"1015629,96.19"
"1,461,366,167.28"
"1,331,567,176.60"
"1132288,53.87"
"1387910,70.4"
"1273491,71.94"
"1,262,326,154.69"
"1,346,952,171.18"
"1,174,172,219.93"
"1215881,79.12"
"1,033,219,152.57"
"1,041,770,122.76"
"1,218,567,320.04"
"1,402,114,321.04"
"1,276,377,180.27"
"1,231,259,114.90"
"1,049,402,133.28"
"1,431,933,157.90"
"1002726,40.72"
"1432281,51.69"
"1294224,34.62"
"1,049,747,268.52"
"1,402,031,444.78"
"1,099,823,340.25"
"1,333,295,145.37"
"1233979,79.57"
"1,255,867,215.93"
"12,041,852,421.43"
"1,157,387,193.11"
"1,061,848,139.48"
"1,282,758,134.59"
"1,084,106,432.89"
"1,387,632,168.93"
"1,404,581,111.84"
"1,399,873,124.11"
"1,469,693,126.63"
"1312840,36.45"
"1367681,29.09"
"1287575,22.03"
"1158242,30.86"
"1042443,40.44"
"1445581,58.19"
"1,446,321,452.68"
"1,080,016,455.03"
"1,456,847,201.04"
"1,035,890,480.25"
"1,482,218,217.53"
"1,011,587,247.23"
"1075257,31.9"
"1388606,82.35"
"1,294,557,218.18"
"1,144,032,354.45"
"1,352,556,213.32"
"1379192,88.44"
"1147337,85.69"
"1059909,80.07"
"14,998,283,585.07"
"1,128,779,184.71"
"1,356,527,168.66"
"1144794,34.75"
"1493213,35.79"
"1474599,44.39"
"1471305,31.69"
"1,230,194,123.87"
"1,278,981,167.25"
"1424334,89.54"
"1132799,91.94"
"1,167,044,153.05"
"1,478,019,226.56"
"1271271,41.21"
"1290510,39.91"
"1049307,47.83"
"1238277,19.31"
"1266690,56.98"
"1199433,43.16"
"1,088,470,252.08"
"1,324,588,404.42"
"1,060,321,180.78"
"1,310,566,754.02"
"1,225,001,185.89"
"1,226,502,286.08"
"1287196,38.78"
"1071387,70.58"
"1,328,779,322.82"
"1,031,721,571.97"
"1,388,615,910.92"
"1,314,481,193.14"
"1,108,889,190.99"
"1,300,350,207.99"
"13,583,101,055.85"
"1,356,066,409.28"
"1,431,400,639.93"
"1311218,67.34"
"1182403,47.9"
"1116567,50.79"
"1377731,29.23"
"1167940,36.81"
"1302524,48.55"
"1169331,30.04"
"1359107,40.61"
"1,085,144,383.26"
"1,028,427,480.77"
"1,021,678,206.70"
"1476370,23.64"
"1,371,620,202.07"
"1,062,346,185.88"
"1,049,778,158.80"
"1,222,112,104.76"
"1028218,92.27"
"1,102,147,110.18"
"1033765,49.74"
"1,398,637,184.49"
"1,424,899,241.89"
"1003967,54.93"
"1216755,55.71"
"1,382,848,160.92"
"1,006,636,158.98"
"1255187,75.48"
"1002825,37.93"
"1432434,98.38"
"1458669,42.56"
"1,136,618,294.25"
"1,298,435,165.06"
"1,017,459,198.71"
"1,480,827,741.20"
"1,299,518,306.53"
"1,176,115,260.65"
"1215512,35.58"
"1356082,61.5"
"1133587,92.4"
"1,386,654,439.26"
"1,123,716,400.06"
"1,109,478,303.29"
"1,438,311,167.87"
"1,114,154,201.35"
"1,150,037,259.88"
"10,660,683,208.38"
"1,351,758,335.73"
"1,435,257,434.93"
"1112290,95.95"
"1402527,35.72"
"1443517,28.56"
"1020688,27.0"
"1,113,888,384.63"
"1,307,127,546.91"
"1,497,480,246.13"
"1451868,23.11"
"1,252,788,151.27"
"1408863,92.47"
"1208940,96.83"
"1466302,66.46"
"1303316,25.97"
"1158006,46.17"
"1,384,034,110.91"
"1,309,594,169.40"
"1,346,198,317.17"
"1352497,44.37"
"1362391,83.1"
"1027892,81.72"
"1418720,30.24"
"1310185,55.8"
"1445820,28.36"
"1,050,364,271.57"
"1,249,726,295.67"
"1,337,606,489.16"
"1,475,476,257.30"
"1,453,888,213.15"
"1305515,90.47"
"1140432,60.31"
"1239456,41.01"
"1,070,446,197.94"
"1,119,188,366.60"
"1,218,581,239.44"
"1370288,57.85"
"1375139,45.57"
"1,031,326,110.44"
"14,058,673,144.33"
"1,028,118,242.01"
"1,044,889,626.47"
"1481854,74.52"
"1373268,53.46"
"1246191,62.89"
"1469635,54.93"
"1,141,599,110.44"
"1,206,791,165.89"
"1227566,74.76"
"1176711,57.45"
"1,071,025,258.19"
"1,098,869,445.09"
"1,134,748,197.63"
"1431191,34.11"
"1321009,17.54"
"1014062,94.51"
"1,296,580,108.54"
"1,286,715,197.67"
"1281292,37.17"
"1172572,52.51"
"1374201,84.48"
"1263233,67.92"
"1,481,851,148.03"
"1245821,50.76"
"1330516,89.41"
"1321932,68.82"
"1,237,549,289.72"
"1,146,827,336.67"
"1,457,955,122.73"
"1,084,735,868.83"
"1,372,396,674.39"
"1,496,028,174.21"
"1296951,31.24"
"1118153,66.83"
"1,402,941,229.21"
"1,484,875,484.76"
"1,198,850,585.37"
"1283683,76.78"
"1356046,59.77"
"1,224,330,189.05"
"10,906,982,349.12"
"1,295,691,269.06"
"1,292,802,618.84"
"1,475,126,118.93"
"1429767,72.54"
"1020680,91.18"
"1,356,602,153.47"
"1,199,633,208.25"
"1217087,31.96"
"1033763,74.43"
"1150992,32.6"
"1,014,413,395.63"
"1,327,452,600.35"
"1,319,045,319.50"
"1051015,18.79"
"1243278,41.41"
"1285602,23.69"
"1,019,836,151.23"
"1,352,515,226.72"
"1,282,703,257.22"
"1394147,81.87"
"1376159,70.93"
"1,025,888,100.27"
"1,318,041,130.77"
"1391652,63.95"
"1,486,220,156.90"
"1360701,32.47"
"1270031,80.62"
"1438003,42.67"
"1,120,877,319.12"
"1,489,926,322.82"
"1,459,041,284.17"
"1,263,948,178.65"
"1,401,658,147.53"
"1016096,83.78"
"1414784,39.73"
"1135055,55.67"
"1,165,756,217.18"
"1,029,652,243.76"
"1,176,747,304.89"
"1297987,89.08"
"1360564,66.18"
"13,534,092,385.41"
"1055062,93.38"
"1,331,601,216.29"
"1400538,34.28"
"1,272,139,110.16"
"1121842,89.44"
"1089929,22.79"
"1350289,21.52"
"1,300,844,166.17"
"1,083,292,725.45"
"1,360,072,207.17"
"1021981,23.12"
"1372749,20.28"
"1,474,101,129.24"
"1,380,886,111.03"
"1,197,547,180.69"
"1185551,47.24"
"1493218,26.87"
"1429824,59.58"
"1095993,22.85"
"1,196,527,212.55"
"1,012,703,258.43"
"1,379,033,147.99"
"14,910,231,458.39"
"1,171,211,937.10"
"1,233,401,573.40"
"1322706,34.84"
"1402535,63.07"
"1417777,90.37"
"1,433,797,386.81"
"1,176,726,448.42"
"1,110,072,883.97"
"1319585,91.0"
"1069064,77.67"
"1,422,708,213.48"
"11,170,363,210.79"
"1,144,316,438.48"
"1,337,096,899.47"
"1110407,95.36"
"1,031,522,103.45"
"1,210,516,202.16"
"1,282,552,131.09"
"1,103,032,147.56"
"1134238,27.17"
"1173143,60.8"
"1460062,53.0"
"1,289,857,472.06"
"1,081,483,572.72"
"1,293,946,245.55"
"1169768,59.32"
"1019604,39.5"
"1373197,37.24"
"1,057,638,245.79"
"1,061,420,319.13"
"1,010,307,186.75"
"1,424,009,122.69"
"1143977,73.23"
"1484953,45.56"
"1,461,892,118.16"
"1,260,223,189.05"
"1,235,435,297.48"
"1,054,157,104.87"
"1080254,42.71"
"1,156,508,100.79"
"1,270,266,190.31"
"1,207,528,318.71"
"1,091,118,309.96"
"1476847,58.23"
"1136234,71.06"
"1233036,65.05"
"1,238,986,332.65"
"1,325,999,423.19"
"1,456,063,399.31"
"12,221,851,018.97"
"1,000,914,365.93"
"1,391,457,300.89"
"1,154,903,157.53"
"1282451,68.05"
"1153827,52.2"
"1,203,036,535.64"
"1,359,060,779.53"
"1,102,552,586.92"
"1,482,823,169.47"
"1,308,925,282.20"
"1,062,083,303.84"
"13,812,723,295.64"
"1,304,391,437.89"
"1,366,625,796.90"
"1486675,88.15"
"1467660,56.25"
"1417238,47.47"
"1265645,45.4"
"1307235,74.57"
"1116488,34.11"
"1,056,319,488.69"
"1,320,396,540.25"
"1,057,904,210.24"
"1313695,19.74"
"1363498,89.64"
"1196056,89.01"
"1142410,73.52"
"1,448,722,147.08"
"1399814,63.13"
"1234686,63.79"
"1,031,013,150.26"
"1,237,510,207.86"
"1,454,059,241.89"
"1228616,59.1"
"1140133,65.39"
"1175672,40.39"
"1,142,843,166.21"
"1,485,113,260.98"
"1,385,344,156.14"
"1119550,38.62"
"1199984,90.72"
"1496575,26.22"
"1,009,225,293.53"
"1,049,774,374.12"
"1,340,348,249.53"
"1,125,502,700.04"
"1,465,520,611.91"
"1,113,406,397.88"
"1162490,67.19"
"1139260,68.49"
"1252295,20.68"
"1,306,567,270.24"
"1,165,362,446.66"
"1,207,409,457.79"
"1269716,97.75"
"1,270,504,117.38"
"1,277,434,172.12"
"11,782,063,229.53"
"1,264,587,233.88"
"1,114,439,556.37"
"1,375,688,116.50"
"1277972,93.82"
"1217436,63.87"
"1,174,466,158.50"
"1,114,608,210.54"
"1,293,797,169.92"
"1317154,46.75"
"1240320,86.73"
"1413250,42.85"
"1,299,662,500.51"
"1,161,052,510.05"
"1,381,124,286.85"
"1,337,395,130.34"
"1,330,452,145.82"
"1,183,080,311.12"
"1,116,990,104.40"
"1024218,70.38"
"1187068,92.91"
"1,321,905,118.79"
"1321815,56.52"
"1,022,883,148.51"
"1112746,52.95"
"1499105,74.48"
"1303623,81.39"
"1,362,036,243.04"
"1,300,135,283.03"
"1,388,988,223.18"
"1,128,508,151.42"
"1,443,272,223.46"
"1293085,93.86"
"1456990,55.79"
"1331381,54.91"
"1264789,32.0"
"1,474,583,237.78"
"1,117,604,371.89"
"1,211,899,332.40"
"1308012,80.24"
"1068633,90.64"
"1,312,066,140.86"
"11,625,922,698.02"
"1,202,168,149.12"
"1,251,786,222.74"
"1444312,29.67"
"1349255,53.17"
"1140050,30.74"
"1289787,28.45"
"1,491,526,232.02"
"1,487,137,504.70"
"1,071,687,248.73"
"1,300,579,117.99"
"1,171,591,190.17"
"1,055,337,224.55"
"1473987,65.74"
"1399761,47.94"
"1,274,564,105.62"
"1,269,004,150.41"
"1,110,962,137.22"
"1227656,38.75"
"1419068,77.4"
"1463873,27.51"
"1,402,030,218.88"
"1,146,461,309.77"
"1,309,768,222.12"
"1,024,879,551.85"
"1195370,62.01"
"1,432,323,191.56"
"1192832,31.77"
"1139374,70.57"
"1,251,873,132.50"
"1,425,548,295.19"
"1,420,456,135.90"
"1,386,849,239.72"
"13,679,881,439.01"
"1,426,570,105.57"
"1,489,321,133.25"
"1205477,15.92"
"1173914,20.9"
"1,160,894,103.95"
"1,168,852,488.16"
"1,113,928,206.70"
"1222271,18.21"
"1,425,594,151.93"
"1,116,633,206.67"
"1,043,673,243.54"
"1139943,32.05"
"1,222,855,323.37"
"1,231,529,359.36"
"1,361,358,161.37"
"1,347,690,786.75"
"1,325,444,285.55"
"1,118,472,232.74"
"1269724,46.5"
"1084827,91.16"
"1185867,34.35"
"1,197,167,381.76"
"1,499,035,427.63"
"1,131,544,704.15"
"1251976,69.04"
"1,315,178,177.94"
"12,618,561,643.30"
"1,263,106,214.91"
"1,463,681,494.84"
"1227492,35.09"
"1361780,42.27"
"1478158,35.17"
"1115766,61.91"
"1,473,259,107.40"
"1211035,51.08"
"1223903,34.89"
"1438832,33.73"
"1,481,698,210.45"
"1,177,597,310.21"
"1,155,127,225.34"
"1244735,41.89"
"1,433,866,306.77"
"1,278,599,258.61"
"1,395,217,284.46"
"1,033,551,120.11"
"1415100,59.87"
"1156808,82.84"
"1151999,78.38"
"1,263,309,123.38"
"1,172,110,105.05"
"1360848,54.59"
"1225582,36.79"
"1238226,40.04"
"1,221,492,203.99"
"1,227,242,125.21"
"1339516,83.07"
"1486528,47.57"
"1100757,60.76"
"1410218,50.92"
"1,132,798,335.36"
"1,381,030,204.54"
"1,292,348,129.33"
"1,263,998,494.46"
"1,171,030,305.64"
"1,096,804,164.04"
"1450673,20.36"
"1414571,49.86"
"1,017,270,165.31"
"1,060,387,332.42"
"1,242,119,304.40"
"1452755,71.01"
"1403191,69.75"
"1,048,938,135.38"
"12,107,512,516.49"
"1,189,297,196.76"
"1,164,305,314.17"
"1111577,80.9"
"1,041,201,103.04"
"1286442,63.8"
"1245747,66.53"
"1,050,380,138.84"
"1,276,162,146.84"
"1088612,67.05"
"1245639,31.18"
"1133040,27.4"
"1,353,005,327.26"
"1,482,150,410.27"
"1,001,037,243.28"
"1259996,20.67"
"1304546,88.46"
"1,032,834,157.63"
"1,255,320,151.74"
"1245004,58.35"
"1197587,59.54"
"1,197,492,102.64"
"1,454,073,119.85"
"1,190,207,106.28"
"1,092,532,173.89"
"1138143,37.79"
"1,321,540,119.27"
"1,297,442,449.72"
"1,136,775,167.30"
"1,352,852,139.33"
"11,386,731,717.31"
"11,754,731,247.65"
"1,325,558,615.84"
"1301604,55.36"
"1,339,781,151.69"
"1,495,463,100.38"
"1,362,178,713.76"
"1,025,247,892.11"
"1,445,468,851.20"
"1435668,70.88"
"1121782,89.27"
"1,355,617,216.72"
"12,583,004,399.53"
"1,495,420,519.26"
"11,882,051,294.62"
"1261755,70.81"
"1205071,71.53"
"1192336,52.63"
"1,468,731,100.43"
"1,005,332,157.55"
"1,065,783,139.05"
"1201129,30.9"
"1,380,060,149.65"
"1483696,61.31"
"1,047,140,747.17"
"1,277,215,375.02"
"1,490,233,224.47"
"1088986,52.66"
"1,301,668,466.45"
"1,036,327,282.91"
"1,290,673,511.92"
"1,316,201,132.51"
"1,179,480,154.82"
"1387257,98.73"
"1450663,75.95"
"1,392,222,157.75"
"1,203,171,400.23"
"1450107,73.67"
"1053905,48.0"
"1461034,68.37"
"1,439,454,171.07"
"1,424,299,432.02"
"1,287,364,219.88"
"1127484,82.88"
"1,436,002,112.14"
"1038852,96.2"
"1,173,767,294.48"
"1,154,170,400.58"
"1,316,352,250.02"
"1,271,542,135.12"
"1,104,690,142.72"
"1403213,49.31"
"1115564,26.27"
"1,019,496,112.88"
"1266012,46.47"
"1,314,952,209.19"
"1,294,366,350.69"
"1,420,814,186.14"
"1240207,59.17"
"1079149,82.25"
"1,017,146,103.83"
"12,036,133,207.22"
"1107845,92.37"
"1,143,676,230.16"
"1103583,17.98"
"1145942,21.46"
"1148385,37.22"
"1156704,29.47"
"1,026,147,157.53"
"1,287,164,665.02"
"1,116,620,244.30"
"1325619,17.3"
"1,421,430,129.94"
"1,061,575,184.92"
"1,337,054,210.02"
"1,316,677,100.78"
"1167018,29.06"
"1,314,631,133.76"
"1492637,36.91"
"1,061,472,261.61"
"1,066,515,290.71"
"1,000,237,234.35"
"1,095,601,794.96"
"1,251,129,437.68"
"1,193,459,241.21"
"1352845,24.8"
"1394938,59.91"
"1107553,43.32"
"1,413,805,398.94"
"1,458,659,630.11"
"1,441,231,110.11"
"1,162,420,163.51"
"1,271,507,205.53"
"14,130,462,230.53"
"1,089,623,233.35"
"1,491,051,530.04"
"1490279,60.0"
"1194113,35.2"
"1124427,46.34"
"1487219,83.94"
"1350558,52.83"
"1449547,25.23"
"1207523,47.4"
"1,374,767,397.86"
"1,062,397,429.46"
"1,128,597,239.74"
"1065924,21.07"
"1,441,542,255.86"
"1,257,698,368.49"
"1,444,290,343.16"
"1451414,69.15"
"1043957,75.92"
"1,373,757,112.74"
"1,219,727,145.61"
"1,318,474,341.40"
"1219711,69.95"
"1036885,42.43"
"1068866,38.13"
"1,188,384,131.75"
"1295157,68.05"
"1381768,67.48"
"1488755,44.15"
"1237785,49.56"
"1430193,37.93"
"1,251,853,364.55"
"1,147,826,366.79"
"1,133,252,278.54"
"13,417,891,127.66"
"1,280,894,298.15"
"1,159,601,243.09"
"1045452,75.54"
"1494843,71.47"
"1076974,69.66"
"1,349,421,344.24"
"1,274,572,439.07"
"1,432,042,797.08"
"1338612,85.47"
"1,046,381,176.08"
"12,412,472,789.23"
"1,294,489,215.88"
"1,185,615,674.03"
"1443391,63.95"
"1,216,208,104.69"
"1149470,82.94"
"1,002,439,108.68"
"1,115,754,167.83"
"1405315,29.4"
"1220660,43.23"
"1339963,43.71"
"1,073,468,465.15"
"1,288,220,341.17"
"1,354,149,221.70"
"1320422,42.89"
"1153097,38.93"
"1,287,733,168.57"
"1,322,822,283.10"
"1,086,325,326.02"
"1,308,336,158.10"
"1,368,778,178.52"
"1,208,742,109.73"
"1237123,92.99"
"1,105,577,149.10"
"1,201,804,310.43"
"1036178,56.85"
"1226196,49.61"
"1,158,425,101.18"
"1,494,002,244.08"
"1,056,075,268.35"
"1,237,960,155.95"
"1427037,48.42"
"1450481,80.65"
"1363262,84.36"
"1,417,288,312.68"
"1,141,529,353.82"
"1,498,763,180.48"
"1368952,85.78"
"1442046,86.21"
"1013564,65.08"
"1145496,30.71"
"1,469,983,185.25"
"1356790,76.56"
"1292764,90.7"
"1213627,57.24"
"11,822,641,543.47"
"1,098,551,165.54"
"1079642,64.72"
"1179564,18.71"
"1025744,27.0"
"1183189,26.65"
"1184297,22.55"
"1,093,850,155.04"
"1,330,035,672.90"
"1,450,161,204.25"
"1,346,626,120.81"
"1,055,652,139.16"
"1,195,185,195.69"
"1148634,42.63"
"1278952,53.31"
"1067294,46.68"
"1046741,23.49"
"1265951,19.48"
"1,300,214,108.51"
"1107432,39.26"
"1,463,183,318.77"
"1,281,332,342.57"
"1,292,460,203.15"
"1,197,323,563.31"
"1,071,315,237.39"
"1,076,174,222.47"
"1246394,79.85"
"1,103,208,110.11"
"1237425,90.98"
"1,497,568,181.34"
"1,133,254,461.74"
"1,204,857,582.47"
"1,217,303,104.23"
"1,356,618,101.36"
"1,437,446,107.00"
"12,140,262,038.26"
"1,446,810,275.69"
"1,148,475,777.27"
"1,295,424,100.64"
"1420350,64.17"
"1449451,47.68"
"1,148,750,231.35"
"1,215,972,246.87"
"1323629,58.34"
"1,102,858,103.41"
"1081770,64.51"
"1,471,166,442.83"
"1,067,847,534.27"
"1,427,690,198.49"
"1317813,42.38"
"1043065,50.66"
"1,100,547,144.96"
"1,278,379,198.86"
"1,239,530,233.40"
"1233374,41.31"
"1431065,62.42"
"1,463,915,180.73"
"1,117,031,185.14"
"1,187,963,396.21"
"1223264,58.63"
"1,297,409,137.61"
"1,208,972,109.85"
"1,102,430,277.38"
"1,474,898,272.68"
"1,291,095,192.24"
"10,289,162,032.09"
"1,124,463,810.64"
"1,340,396,301.48"
"1222836,22.22"
"1013437,71.52"
"1,456,018,258.96"
"1,036,876,548.88"
"1,486,601,257.52"
"1,238,863,161.81"
"1,042,125,139.76"
"1,482,372,245.86"
"10,536,043,144.83"
"1,056,436,314.49"
"1,271,238,207.44"
"1142944,38.44"
"1068268,46.9"
"1323791,62.12"
"1227936,25.67"
"1027805,23.91"
"1,302,218,201.47"
"1,459,589,314.73"
"1144960,59.42"
"1162539,17.04"
"1,319,182,104.71"
"1,274,740,237.62"
"1,071,305,218.42"
"1057456,49.08"
"1348911,52.02"
"1315441,34.29"
"1346976,64.11"
"1359818,22.1"
"1066167,58.49"
"1,478,541,378.00"
"1,426,278,585.35"
"1,455,569,215.73"
"12,914,391,526.28"
"1,466,747,518.12"
"1,381,463,308.83"
"1024922,34.56"
"1498440,73.88"
"1133390,57.08"
"1,065,475,615.77"
"1,316,995,775.71"
"1,391,805,963.13"
"1,166,168,100.36"
"1304194,94.15"
"1,171,600,201.01"
"12,898,112,305.22"
"1,410,167,333.97"
"12,224,851,020.13"
"1273699,35.13"
"1124837,68.23"
"1071845,50.18"
"1129187,58.34"
"1040528,31.49"
"1011546,77.28"
"1317257,90.5"
"1,296,819,574.31"
"1,477,335,330.80"
"1,064,636,237.81"
"1378578,37.26"
"1396028,21.21"
"1437845,24.08"
"1,210,423,149.80"
"1,214,700,188.66"
"1,417,694,217.43"
"1,408,893,283.45"
"1,255,517,375.85"
"1,490,021,159.73"
"1,044,217,112.34"
"1,102,828,244.67"
"1,308,103,286.69"
"1029438,62.57"
"1147448,33.32"
"1180567,35.9"
"1,055,471,281.59"
"1,364,734,156.07"
"1172936,77.58"
"1233491,55.27"
"1,218,270,102.21"
"1397443,72.72"
"1,493,367,338.18"
"1,100,337,336.14"
"1,464,291,146.62"
"1,205,352,519.06"
"1,488,828,227.18"
"1081336,87.3"
"1352120,40.65"
"1441344,74.71"
"1392642,17.02"
"1,305,871,222.23"
"1,367,679,440.78"
"1,227,524,243.74"
"1102349,71.47"
"1,153,179,130.30"
"1098178,68.52"
"14,146,452,557.89"
"1,327,982,299.99"
"1,344,090,362.49"
"1090713,69.71"
"1271005,48.19"
"1453811,64.5"
"1,476,364,115.45"
"1,011,568,106.02"
"1267896,62.57"
"1219427,48.81"
"1078903,46.16"
"1,066,252,185.26"
"1,489,889,477.83"
"1,355,379,196.28"
"1269505,24.33"
"1395715,18.0"
"1176424,21.27"
"1,143,026,100.09"
"1,413,929,132.11"
"1,335,032,193.83"
"1441521,32.71"
"1246340,65.45"
"1010649,48.71"
"1226646,73.27"
"1238200,68.24"
"1422436,51.82"
"1103810,49.79"
"1389176,64.55"
"1,422,043,262.82"
"1,046,510,312.91"
"1,251,652,175.62"
"1,020,182,413.55"
"1,106,208,367.63"
"1,019,222,259.40"
"1224601,40.8"
"1412784,51.21"
"1,483,334,253.40"
"1,115,459,355.22"
"1,340,117,394.35"
"1444837,73.55"
"1,197,741,338.71"
"1,499,162,228.08"
"10,422,792,741.50"
"1,278,195,142.22"
"1,418,429,311.87"
"1456270,49.44"
"1360411,59.53"
"1004505,37.56"
"1433634,90.98"
"1,298,996,107.99"
"1227612,43.66"
"1442439,22.72"
"1071851,30.94"
"1,415,551,343.51"
"1,303,923,501.55"
"1,338,978,274.30"
"1346333,26.04"
"1138796,23.58"
"1,090,656,138.93"
"1,294,117,153.04"
"1,039,342,254.50"
"1254043,70.67"
"1227283,60.91"
"1084326,51.57"
"1,222,544,167.97"
"1312264,49.29"
"1334845,61.95"
"1033531,36.61"
"1296537,57.45"
"1339243,33.87"
"1,129,395,298.37"
"1,064,304,335.62"
"1,185,689,223.25"
"1,196,516,908.87"
"1,171,196,880.68"
"1,435,184,231.15"
"1183910,39.3"
"1259803,66.73"
"1,026,735,271.02"
"1,369,293,467.69"
"1,295,180,229.10"
"1,209,709,315.08"
"1,342,487,324.34"
"1,078,164,166.00"
"11,209,022,629.75"
"1,034,243,114.00"
"1,352,451,523.59"
"1495918,31.69"
"1011382,71.11"
"1259767,46.21"
"1362892,45.11"
"1325722,26.44"
"1,084,175,230.08"
"1,388,369,279.19"
"1,276,621,198.36"
"1259464,42.68"
"1033678,37.33"
"1087374,18.79"
"1121365,99.33"
"1,100,902,151.83"
"1,309,141,338.53"
"1250190,79.14"
"1029979,46.79"
"1,179,024,164.16"
"1340245,74.55"
"1,107,277,134.97"
"1267082,44.99"
"1219309,60.42"
"1408207,39.99"
"1,230,994,279.64"
"1,251,881,316.58"
"1,253,118,303.51"
"1,462,434,770.89"
"1,101,243,659.65"
"1,421,375,259.84"
"1270557,25.56"
"1235260,26.44"
"1181176,50.73"
"1,374,528,256.49"
"1,413,988,346.95"
"1,452,750,420.70"
"1062304,77.13"
"1253336,92.85"
"1,071,558,123.39"
"11,033,612,900.84"
"1,295,266,172.63"
"1,485,137,337.24"
"1344143,68.84"
"1322258,44.87"
"1368908,24.13"
"1,283,324,119.12"
"1,074,093,103.25"
"1170957,41.78"
"1209068,43.32"
"1,145,750,170.69"
"1,346,301,325.10"
"1,150,554,173.99"
"1121159,17.97"
"1448035,44.22"
"1,022,510,103.61"
"1,283,164,156.08"
"1,123,675,342.19"
"1024014,70.06"
"1456445,74.47"
"1395822,45.87"
"1053628,91.14"
"1059512,22.2"
"1163145,28.91"
"1,057,817,231.41"
"1,203,757,286.88"
"1,014,859,233.65"
"1,068,765,608.73"
"1,210,591,251.39"
"1,461,262,263.29"
"1039490,41.93"
"1059392,54.22"
"1,329,687,327.51"
"1,008,542,361.63"
"1,438,726,569.68"
"1,100,984,124.96"
"1,376,640,165.28"
"1,268,664,203.76"
"11,147,952,090.54"
"1,022,568,263.81"
"1,173,940,348.87"
"1185125,36.72"
"1478252,38.2"
"1072315,32.69"
"1317402,49.81"
"1249595,24.62"
"1,403,728,394.44"
"1,214,542,327.24"
"1,237,409,242.49"
"1,322,645,174.18"
"1,333,229,319.85"
"1358531,84.48"
"1165991,64.23"
"1213797,98.84"
"1318590,47.67"
"1,415,430,125.95"
"1,239,796,100.95"
"1000846,46.01"
"1328041,39.19"
"1098339,40.46"
"1,147,425,176.15"
"1169837,53.62"
"1338998,37.13"
"1487636,40.8"
"1042647,62.17"
"1298612,26.9"
"1,392,880,350.03"
"1,075,316,198.10"
"1,161,161,186.03"
"1,237,961,722.64"
"1,392,549,284.86"
"1,197,527,211.25"
"1149086,36.37"
"1149006,62.59"
"1104094,67.08"
"1,355,437,447.14"
"1,096,576,454.68"
"1104719,65.74"
"1,149,262,105.26"
"1,333,249,129.46"
"11,308,201,264.92"
"1,426,907,255.99"
"1,114,099,378.23"
"1101134,31.13"
"1143725,48.79"
"1037961,80.52"
"1184480,47.0"
"1200526,37.1"
"1189724,38.56"
"1088619,28.71"
"1,062,207,207.05"
"1,366,903,226.94"
"1,164,828,240.08"
"1017091,45.19"
"1,385,751,157.74"
"1,357,786,204.33"
"1,440,248,231.51"
"1408109,78.52"
"1181673,67.64"
"1157233,51.86"
"1,041,296,114.22"
"1,034,404,153.22"
"1438842,61.75"
"1100085,39.83"
"1153425,44.88"
"1,050,157,235.92"
"1,410,654,103.65"
"1206736,65.15"
"1337583,49.12"
"1279988,57.49"
"1033103,53.55"
"1,049,464,359.73"
"1,199,908,195.93"
"1,097,467,130.62"
"1,214,923,620.61"
"1,288,038,345.88"
"1,009,805,217.27"
"1043811,66.03"
"1497981,85.13"
"1382163,53.65"
"1,472,622,532.60"
"1,355,785,477.88"
"1,123,761,104.35"
"1,030,670,133.09"
"1,032,702,234.63"
"13,328,433,211.54"
"1,034,380,446.18"
"1,356,967,585.40"
"1365220,45.38"
"1154695,67.76"
"1432128,79.23"
"1029816,38.04"
"1320982,54.8"
"1476539,46.21"
"1,326,947,210.29"
"1,200,214,629.45"
"1,442,240,237.56"
"1042596,40.5"
"1,404,746,246.59"
"1,228,452,142.85"
"1,206,354,229.56"
"1147372,74.25"
"1354178,66.07"
"1141635,75.15"
"1,145,169,153.51"
"1,258,734,216.07"
"1471735,61.16"
"1069886,45.98"
"1,326,502,135.26"
"1,221,638,148.86"
"1198759,59.42"
"1375131,65.33"
"1224238,77.36"
"1221523,58.63"
"1,439,739,273.42"
"1,042,424,346.36"
"1,029,599,199.57"
"1,287,421,160.40"
"1,242,389,154.41"
"1463854,88.75"
"1452732,27.59"
"1130326,52.04"
"1412128,65.12"
"1,479,594,163.33"
"1,214,594,275.99"
"1,339,369,226.75"
"1,207,746,134.48"
"1,239,703,167.72"
"1,193,256,154.20"
"10,466,093,055.75"
"1,469,797,126.27"
"1,007,589,578.47"
"1030237,94.94"
"1048552,15.65"
"1261208,32.96"
"1032114,53.07"
"1459844,41.22"
"1,103,124,162.18"
"1,123,616,605.91"
"1,118,851,229.89"
"1029384,18.95"
"1059545,67.13"
"1,133,680,145.99"
"1,143,822,154.54"
"1258953,55.61"
"1147536,21.14"
"1496509,39.4"
"1,125,901,294.90"
"1,349,727,383.51"
"1,105,654,209.07"
"1,185,266,705.63"
"1,158,968,237.35"
"1,188,416,187.02"
"1111518,39.73"
"1178819,37.01"
"1,313,703,137.04"
"1,271,657,257.35"
"1,370,620,170.30"
"1367996,79.25"
"1199233,80.21"
"1315046,94.07"
"11,267,521,567.15"
"1,167,571,154.86"
"1,253,177,401.94"
"1473278,71.93"
"1030576,53.83"
"1,008,950,110.08"
"1,161,328,162.84"
"1,366,614,102.74"
"1420343,47.92"
"1401716,26.37"
"1,034,463,217.99"
"1,459,181,344.72"
"1,472,537,198.16"
"1029223,20.73"
"1014001,16.57"
"1172393,65.65"
"1,408,387,105.96"
"1,095,882,165.57"
"1311631,47.28"
"1188123,48.47"
"1,265,203,108.89"
"1220082,57.28"
"1,218,623,109.91"
"1168970,50.91"
"1398181,38.02"
"1,486,532,230.74"
"1,154,017,253.78"
"1451903,99.64"
"1,064,432,429.03"
"1,491,157,363.66"
"1,336,992,191.65"
"1335339,47.14"
"1450157,67.45"
"1372817,42.93"
"1,006,721,275.27"
"1,099,484,435.32"
"1,154,377,387.73"
"1128260,65.7"
"1463395,63.66"
"1,386,594,115.91"
"11,520,412,294.77"
"1,083,613,189.92"
"1,483,098,361.92"
"1425233,76.89"
"1439261,33.4"
"1034544,36.22"
"1341848,74.17"
"1314386,69.67"
"1484884,31.1"
"1392433,54.63"
"1203390,38.56"
"1,368,561,304.09"
"1,439,399,493.37"
"1,330,753,252.20"
"1289695,33.03"
"1000917,23.85"
"1,117,017,114.88"
"1,411,936,104.87"
"1,197,753,171.34"
"1434413,47.99"
"1148023,34.86"
"1082409,50.59"
"1,293,237,145.12"
"1445108,30.56"
"1310014,89.22"
"1419886,45.52"
"1,479,835,119.42"
"1154396,71.56"
"1,208,468,247.22"
"1,273,334,282.28"
"1,272,194,206.88"
"1,224,780,853.49"
"1,023,588,634.44"
"1,457,003,154.49"
"1103267,17.46"
"1005699,92.44"
"1168482,25.61"
"1,430,711,269.82"
"1,065,731,390.53"
"1,163,733,512.48"
"1398280,66.63"
"1192516,85.92"
"1,400,213,143.22"
"12,991,962,746.97"
"1,083,942,200.09"
"1,354,132,258.75"
"1303575,50.25"
"1415045,60.13"
"1194852,58.09"
"1,389,923,145.21"
"1,395,200,555.32"
"1,159,747,107.62"
"1,016,413,124.62"
"1,045,480,253.06"
"1,009,769,270.49"
"1008610,62.63"
"1161665,33.55"
"1151982,37.57"
"1147300,25.77"
"1173280,38.3"
"1227442,54.85"
"1170531,31.86"
"1,180,811,399.76"
"1,078,277,240.33"
"1,169,715,244.24"
"1,125,817,309.53"
"1,115,717,256.46"
"1,422,806,126.70"
"1137125,66.27"
"1246695,91.19"
"1416785,37.92"
"1,165,233,171.08"
"1,365,529,303.58"
"1,387,837,312.90"
"1481394,79.02"
"1,275,299,107.31"
"1,220,398,106.39"
"13,760,942,456.99"
"1,221,119,212.70"
"1,486,316,334.24"
"1169548,32.02"
"1292156,18.06"
"1289077,67.23"
"1017902,70.21"
"1047032,42.08"
"1334195,47.49"
"1449238,52.08"
"1,462,226,112.33"
"1,110,599,586.63"
"1,120,407,204.42"
"1094241,30.63"
"1022118,38.4"
"1309812,19.93"
"1,279,959,134.04"
"1,285,662,148.83"
"1,178,714,199.92"
"1030887,50.0"
"1367692,24.64"
"1,150,034,161.56"
"1064510,37.81"
"1468089,63.36"
"1348806,67.23"
"1,146,102,125.46"
"1372716,43.05"
"1,110,318,220.71"
"1,307,651,328.75"
"1,323,243,184.88"
"14,377,871,340.87"
"1,125,403,712.17"
"1,072,156,400.12"
"1131468,37.08"
"1,222,532,116.88"
"1385955,34.71"
"1,097,637,280.43"
"1,460,731,354.40"
"1,375,965,576.86"
"1,494,614,114.02"
"1025904,70.4"
"1,026,720,223.93"
"13,866,273,694.30"
"1,041,527,225.15"
"1,499,718,501.88"
"1,183,053,127.64"
"1173743,58.69"
"1,064,559,101.21"
"1,188,222,123.41"
"1,050,683,163.40"
"1426515,48.04"
"1390694,58.94"
"1050250,28.88"
"1,132,122,220.16"
"1,366,613,421.61"
"1,175,679,207.71"
"1,350,344,108.46"
"1,021,170,184.25"
"1,277,356,326.24"
"1359094,62.84"
"1292839,58.61"
"1200593,72.35"
"1,229,308,207.66"
"1,236,996,324.10"
"1,388,915,272.99"
"1290145,40.77"
"1476878,79.0"
"1493038,20.76"
"1,419,496,256.48"
"1,185,819,315.17"
"1,311,217,271.03"
"10,401,481,369.93"
"1,472,394,320.96"
"1,142,405,368.22"
"1426060,37.85"
"1,261,480,101.71"
"1496005,31.97"
"1,147,802,436.36"
"1,076,052,789.57"
"1,208,254,819.95"
"1,175,851,125.41"
"1,243,524,153.65"
"1,094,528,274.45"
"13,949,303,653.17"
"1,220,371,474.76"
"1,103,470,759.52"
"1090382,91.34"
"1173801,37.3"
"1226125,63.73"
"1235095,88.83"
"1472456,34.3"
"1437219,27.52"
"1464615,52.54"
"1025401,20.48"
"1,311,616,447.54"
"1,174,345,398.62"
"1,412,376,239.16"
"1427225,25.84"
"1,254,841,409.26"
"1,011,620,274.95"
"1,390,394,605.55"
"1149007,72.89"
"1145032,58.68"
"1076556,56.85"
"1,173,991,151.59"
"1,263,993,199.00"
"1,074,690,304.80"
"1414178,58.17"
"1130627,61.97"
"1057329,41.69"
"1,398,579,149.18"
"1,070,444,101.74"
"1087198,68.17"
"1398464,65.26"
"1071854,44.61"
"1,417,728,557.92"
"1,176,281,413.00"
"1,041,529,558.06"
"1,089,638,293.15"
"1247963,99.1"
"1,267,677,102.23"
"1424279,69.67"
"1340502,24.54"
"1,210,708,496.20"
"1,417,327,321.00"
"1,340,562,575.94"
"1043894,87.09"
"1131561,90.92"
"1,161,246,191.75"
"14,722,392,743.96"
"1,364,193,149.45"
"1,165,142,384.53"
"1025825,86.75"
"1119655,90.2"
"1409352,54.84"
"1,011,235,205.18"
"1,401,680,287.46"
"1,011,082,119.50"
"1005003,51.27"
"1,010,212,172.20"
"1,074,355,362.35"
"1,130,959,185.17"
"1368829,46.79"
"1123975,35.82"
"1,192,829,139.04"
"1,149,857,151.60"
"1,227,644,308.79"
"1215697,62.4"
"1209430,54.28"
"1,392,873,103.84"
"1315254,78.27"
"1,336,018,141.13"
"1074202,31.74"
"1462286,20.85"
"1,179,301,223.52"
"1,083,181,179.26"
"1,208,582,237.65"
"1,241,167,395.87"
"1,003,833,767.17"
"1,489,688,284.31"
"1381727,43.05"
"1,296,465,116.31"
"1,147,384,285.25"
"1,335,237,536.47"
"1,118,931,446.79"
"1,110,951,131.74"
"1362616,97.41"
"1,094,290,144.69"
"12,232,973,158.81"
"1,368,957,261.40"
"1,478,969,323.78"
"1257221,39.13"
"1009115,56.35"
"1436155,27.29"
"1376514,57.08"
"1,383,176,140.67"
"1,115,697,675.00"
"1,052,413,272.21"
"1275961,23.99"
"1,199,834,153.22"
"1,435,790,157.83"
"1,415,547,264.69"
"1,111,818,123.74"
"1472842,46.91"
"1462914,24.47"
"1,434,050,129.73"
"1474990,60.8"
"1,219,655,315.12"
"1,121,115,489.37"
"1,464,457,386.65"
"11,871,851,230.32"
"14,609,061,166.24"
"1,218,544,547.00"
"1480130,64.44"
"1462202,68.28"
"1115897,31.44"
"1,318,291,262.85"
"1,172,875,542.99"
"1,106,965,394.41"
"1300394,98.63"
"1036389,75.85"
"1,223,120,125.44"
"11,331,843,498.88"
"1,149,204,270.08"
"1,261,923,477.81"
"1109687,86.21"
"1382684,99.2"
"1,259,575,116.55"
"1011377,57.88"
"1420788,62.55"
"1334493,76.76"
"1,099,449,338.57"
"1,105,191,357.43"
"1,254,705,167.88"
"1007028,24.55"
"1022780,34.26"
"1,441,001,115.64"
"1,103,152,177.53"
"1,288,980,268.13"
"1216596,61.83"
"1325331,87.54"
"1162888,66.95"
"1303408,95.28"
"1090414,41.92"
"1,367,705,193.81"
"1048783,43.04"
"1172140,93.46"
"1357754,69.45"
"1,118,090,223.77"
"1,226,464,479.31"
"1,271,942,206.21"
"1,294,491,912.19"
"1,313,402,449.10"
"1,350,481,243.33"
"1202692,65.21"
"1244220,58.75"
"1,433,034,295.68"
"1,436,473,283.31"
"1,290,934,511.27"
"1,075,015,102.28"
"1,102,718,146.11"
"1,104,390,187.91"
"13,297,882,596.25"
"1,117,768,258.75"
"1,456,785,313.71"
"1376399,25.25"
"1193062,32.9"
"1157236,70.79"
"1223887,63.27"
"1499341,43.91"
"1239147,32.97"
"1291651,24.76"
"1,261,253,212.41"
"1,403,075,390.49"
"1,358,256,237.74"
"1417531,20.88"
"1,492,568,321.95"
"1,085,139,177.29"
"1,134,530,152.94"
"1363760,45.33"
"1192217,44.73"
"1025002,56.3"
"1342290,76.99"
"1166888,88.59"
"1,336,847,129.81"
"1164425,39.84"
"1204806,35.97"
"1488904,24.54"
"1,254,679,129.79"
"1217865,73.19"
"1293685,57.25"
"1448221,35.9"
"1,024,888,186.02"
"1166881,57.84"
"1,048,695,323.59"
"1,329,364,298.73"
"1,205,283,166.41"
"1,133,545,752.62"
"1,355,523,327.20"
"1,132,342,338.29"
"1231048,60.12"
"1488603,60.12"
"1,158,290,338.64"
"1,450,540,457.13"
"1,152,498,370.99"
"1082562,76.57"
"1421095,99.67"
"1,431,676,228.83"
"10,212,221,384.66"
"1,343,834,340.86"
"1,338,180,557.98"
"1,051,784,115.40"
"1139987,48.73"
"1170446,63.05"
"1123143,26.82"
"1210067,37.07"
"1227375,18.63"
"1,096,407,672.29"
"1,279,677,617.38"
"1,137,033,251.60"
"1411185,49.64"
"1,311,428,110.85"
"1,442,262,119.34"
"1,120,664,107.79"
"1010064,99.63"
"1474460,66.21"
"1,226,838,145.68"
"1,267,008,108.87"
"1,147,761,230.19"
"1358808,30.94"
"1,486,204,126.23"
"1224794,56.54"
"1076736,39.93"
"1485303,27.07"
"1408716,74.59"
"1,033,868,313.70"
"1,230,803,332.22"
"1,313,498,219.02"
"14,133,271,737.37"
"1,495,413,612.09"
"1,374,145,435.02"
"1109817,68.39"
"1069577,79.03"
"1288112,68.07"
"1,366,798,767.11"
"1,149,663,977.45"
"1168556,99.88"
"1,073,416,164.12"
"1,182,836,181.25"
"14,005,784,141.80"
"1,454,362,560.37"
"14,678,851,143.93"
"1,476,211,102.43"
"1,383,574,102.28"
"1496537,56.57"
"1,133,047,344.74"
"1,101,436,431.03"
"1,001,439,139.42"
"1064213,27.9"
"1401981,72.29"
"1454861,45.03"
"1,196,203,707.71"
"1,036,941,643.08"
"1,154,990,275.73"
"1233239,76.61"
"1391775,61.35"
"1,381,447,255.00"
"1,411,302,333.31"
"1,078,694,573.25"
"1,385,200,109.81"
"1,434,232,110.43"
"1,233,757,108.19"
"1,028,768,149.67"
"1,368,598,188.34"
"1,303,610,501.82"
"1444197,99.42"
"1258644,76.31"
"1,200,616,103.58"
"1,270,954,251.49"
"1,163,115,339.98"
"1,169,119,291.13"
"1052571,33.24"
"1,106,897,108.29"
"1425006,75.86"
"1,102,543,372.39"
"1,198,644,401.21"
"1,433,839,223.17"
"1,103,251,714.34"
"1,273,456,362.68"
"1,403,902,448.93"
"1378592,34.36"
"1,125,244,118.65"
"1163712,44.97"
"1,058,476,686.43"
"1,280,539,675.42"
"14,783,071,282.54"
"1,294,168,108.63"
"1,284,450,109.81"
"1,485,791,187.16"
"12,268,092,244.57"
"1,267,518,512.50"
"1,423,686,970.71"
"1445115,71.75"
"1012701,63.45"
"1492732,85.02"
"1128210,42.74"
"1,443,192,138.21"
"1375901,32.9"
"1339604,74.56"
"1450857,24.42"
"1,388,456,539.55"
"1,021,804,405.17"
"1,181,052,224.47"
"1242338,48.33"
"1234695,31.55"
"1,093,991,284.19"
"1,456,652,199.83"
"1,497,173,354.40"
"1,425,621,159.98"
"1,149,128,187.25"
"1102682,91.46"
"1,346,942,152.34"
"1,335,480,235.56"
"1,457,745,319.75"
"1242123,79.99"
"1312025,62.23"
"1319688,71.5"
"1,491,929,170.82"
"1,173,046,312.79"
"1,336,815,304.42"
"1487150,84.06"
"1423644,91.82"
"1194213,54.28"
"1,008,390,304.15"
"1,375,741,538.82"
"1,326,706,342.93"
"1,314,422,187.80"
"1,219,723,166.52"
"1015674,85.03"
"1157339,61.28"
"1443743,65.6"
"1203153,30.59"
"1,164,030,259.01"
"1,347,221,385.27"
"1,120,206,289.58"
"1063187,72.62"
"1,494,235,106.08"
"1456199,94.42"
"12,288,402,682.88"
"1,141,832,226.70"
"1,287,822,270.28"
"1240376,37.67"
"1474734,33.81"
"1306170,35.55"
"1192481,44.62"
"1067323,31.87"
"1433769,26.5"
"1,387,077,182.87"
"1,379,462,791.89"
"1,231,116,223.43"
"1174195,32.51"
"1334538,71.75"
"1,264,814,150.58"
"1,032,658,160.54"
"1463481,42.53"
"1015937,35.02"
"1269056,50.36"
"1307499,46.32"
"1301363,37.98"
"1332403,74.48"
"1102627,44.35"
"1,484,039,492.34"
"1,282,575,479.22"
"1,316,865,209.60"
"1,072,037,320.83"
"1,426,492,253.47"
"1,298,290,127.27"
"1052895,36.07"
"1355224,97.64"
"1096012,52.56"
"1,404,668,179.47"
"1,156,177,267.24"
"1,049,953,261.54"
"1247116,80.21"
"1,286,122,156.41"
"1,231,000,145.24"
"12,794,952,395.46"
"1,318,187,171.79"
"1,373,331,169.27"
"1376540,26.84"
"1336313,59.81"
"1312708,44.67"
"1,010,806,231.67"
"1,339,522,593.92"
"1,190,478,197.17"
"1,171,886,111.08"
"1,049,275,157.02"
"1,165,387,164.20"
"1016899,26.66"
"1,422,391,126.81"
"1480338,58.41"
"1230486,26.53"
"1,125,619,113.39"
"1219698,47.67"
"1,011,073,217.88"
"1,187,231,264.20"
"1,300,341,161.97"
"11,842,591,042.78"
"1,234,591,385.45"
"1236452,93.92"
"1041818,53.43"
"1,036,769,270.19"
"1192321,75.93"
"1008719,34.28"
"1072056,81.33"
"1,183,173,118.21"
"12,066,511,039.31"
"1,246,317,361.26"
"1,099,913,168.54"
"1108218,16.51"
"1467171,54.6"
"1,099,223,316.52"
"1,091,726,177.15"
"1429192,34.98"
"1271099,92.99"
"1,224,512,180.70"
"1,022,601,230.30"
"1,114,250,219.13"
"1458370,35.34"
"1071776,19.82"
"1189803,81.82"
"1248566,22.59"
"1,381,724,319.66"
"1,194,661,172.66"
"1,272,944,128.48"
"13,635,991,167.23"
"1,027,214,372.65"
"1,077,444,358.52"
"1455070,37.05"
"1343261,70.76"
"1492493,63.83"
"1,307,324,454.88"
"1,077,297,405.77"
"1,475,728,385.49"
"1202474,72.49"
"1362220,91.17"
"1,046,651,230.29"
"12,738,792,619.70"
"1,444,822,290.27"
"1,076,732,649.08"
"1441293,40.89"
"1112065,34.93"
"1197296,76.54"
"1,287,691,122.15"
"1170339,76.35"
"1038580,28.34"
"1393103,30.0"
"1124673,29.53"
"1,349,975,394.49"
"1,320,692,305.40"
"1,325,819,247.02"
"1093868,42.26"
"1458875,19.42"
"1,427,933,103.14"
"1,379,975,182.79"
"1,268,227,343.24"
"1,306,435,105.10"
"1293636,81.14"
"1,456,848,125.14"
"1,287,529,129.35"
"1,417,117,198.25"
"1,103,982,299.33"
"1129742,68.3"
"1325129,59.23"
"1076264,37.81"
"1,437,767,283.30"
"1,132,812,178.39"
"1437825,96.68"
"1,027,593,106.30"
"1260624,40.43"
"1,371,361,340.72"
"1,049,531,375.83"
"1,457,135,204.06"
"1,012,377,719.76"
"1,051,968,236.80"
"1,116,753,175.10"
"1284889,71.7"
"1129500,54.81"
"1023978,57.82"
"1,031,076,389.39"
"1,014,995,337.16"
"1,430,894,518.56"
"1491918,77.62"
"1183480,54.9"
"1489603,99.4"
"13,806,832,837.52"
"1,490,816,179.44"
"1,497,842,550.72"
"1097259,34.94"
"1470046,36.98"
"1355498,40.3"
"1372911,24.02"
"1259326,51.6"
"1102135,31.37"
"1,354,206,397.65"
"1,176,036,553.70"
"1,388,554,241.21"
"1281965,25.17"
"1,298,165,223.13"
"1,307,270,270.95"
"1,296,870,148.21"
"1,466,464,116.05"
"1,392,074,134.91"
"1198518,42.12"
"1,123,384,126.97"
"1,451,631,145.26"
"1,424,988,191.96"
"1163567,39.37"
"1279581,25.21"
"1164785,35.83"
"1,379,768,130.42"
"1,041,594,167.51"
"1132521,74.33"
"1270239,31.63"
"1290527,54.55"
"1004134,69.55"
"1,283,960,321.27"
"1,348,705,306.64"
"1,214,346,112.26"
"10,186,841,526.59"
"1,458,746,357.59"
"1,398,873,295.12"
"1363247,30.92"
"1171114,47.97"
"1,356,536,318.97"
"1,132,706,574.03"
"1,053,503,643.26"
"1,236,073,103.34"
"1,015,489,113.83"
"1,343,387,203.06"
"14,721,611,645.25"
"1,082,810,359.86"
"1,432,350,800.81"
"1372995,63.36"
"1044476,49.12"
"1,189,866,125.36"
"1,437,244,126.48"
"1470269,52.2"
"1158671,37.82"
"1,003,890,434.27"
"1,306,638,380.55"
"1,011,181,229.44"
"1045123,35.67"
"1185691,26.4"
"1,021,932,213.99"
"1,384,499,282.91"
"1,180,117,226.05"
"1100808,67.47"
"1188748,66.72"
"1195665,62.08"
"1461400,92.28"
"1,274,328,136.20"
"1,352,189,181.59"
"1307899,73.42"
"1499860,34.75"
"1265042,54.48"
"1,226,420,273.61"
"1,341,886,202.65"
"1,173,627,139.42"
"1380871,60.05"
"1039843,77.97"
"1434891,50.99"
"1,386,877,374.10"
"1,059,423,373.52"
"1,388,620,164.14"
"1,339,452,196.31"
"1,323,102,135.95"
"1239433,50.9"
"1452837,24.29"
"1172957,54.24"
"1261807,78.85"
"1,296,678,230.99"
"1,009,792,399.65"
"1209466,54.13"
"1430688,83.41"
"1,259,932,136.66"
"12,640,953,367.47"
"1,458,967,167.39"
"1,003,543,235.35"
"1124862,20.53"
"1144125,58.13"
"1027603,25.09"
"1084942,26.31"
"1290214,31.72"
"1,256,336,208.27"
"1,436,896,639.58"
"1,158,804,274.19"
"1490276,20.42"
"1195477,23.66"
"1,427,298,150.70"
"1,369,726,161.81"
"1,175,834,213.52"
"1321360,52.97"
"1118637,50.72"
"1337180,45.56"
"1299061,43.4"
"1104555,57.13"
"1158245,31.38"
"1142718,98.85"
"1059103,49.49"
"1,254,537,247.84"
"1,138,204,351.63"
"1,401,405,233.42"
"1,394,286,552.12"
"1,384,056,606.45"
"1,103,515,363.35"
"1362855,40.97"
"1240222,28.38"
"1240676,51.23"
"1,019,402,149.20"
"1,139,373,250.06"
"1,202,816,280.77"
"1166954,76.05"
"11,889,963,419.00"
"1,085,391,184.84"
"1,211,106,442.71"
"1288937,76.2"
"1143391,69.5"
"1000233,64.45"
"1430027,99.32"
"1,466,154,139.55"
"1,468,117,168.34"
"1035831,52.89"
"1110589,69.73"
"1329444,78.1"
"1,404,384,281.52"
"1,273,760,352.39"
"1,423,129,216.51"
"1151847,22.56"
"1299263,26.38"
"1145177,17.79"
"1148848,75.79"
"1,243,283,149.41"
"1,411,541,259.49"
"1011525,59.93"
"1331929,66.84"
"1279850,93.97"
"1,235,803,106.82"
"1,385,999,182.97"
"1259160,44.39"
"1266035,78.98"
"1,112,007,195.28"
"1,132,794,509.77"
"1,416,208,204.23"
"1,237,768,521.77"
"1,020,937,199.69"
"1,198,952,202.21"
"1134961,53.98"
"1339297,53.84"
"1392564,22.92"
"1,009,747,224.20"
"1,209,177,499.28"
"1,151,706,371.47"
"1,296,853,166.82"
"1,378,157,132.26"
"1,361,913,202.66"
"13,713,033,049.88"
"1,267,841,344.32"
"1,198,297,232.95"
"1233208,28.06"
"1443723,45.63"
"1177808,42.38"
"1173479,43.66"
"1257412,29.77"
"1,243,448,118.47"
"1,431,871,430.83"
"1,207,117,202.53"
"1286044,19.68"
"1,314,753,132.14"
"1,365,824,134.28"
"1,068,361,137.73"
"1409598,53.93"
"1,494,897,169.55"
"1,159,162,177.09"
"1147842,17.92"
"1010145,38.18"
"1480639,50.62"
"1319373,43.94"
"1,132,973,320.87"
"1,027,926,454.47"
"1,102,250,273.48"
"14,454,181,561.52"
"1,424,161,407.24"
"1,037,632,399.56"
"1,115,454,165.55"
"1,017,133,295.65"
"1,086,047,231.84"
"1,320,834,629.82"
"12,206,291,391.16"
"14,750,791,169.03"
"1,293,675,205.65"
"1284570,84.35"
"1,173,901,142.02"
"12,166,013,710.23"
"1,492,789,923.67"
"14,493,491,643.84"
"1,412,687,249.15"
"1,426,735,143.73"
"1389109,95.02"
"1,179,644,214.44"
"1,010,010,221.87"
"1381624,72.62"
"1,229,591,114.38"
"1,074,295,190.90"
"1325159,55.11"
"1,343,551,721.96"
"1,272,597,923.38"
"1,088,442,233.97"
"1215026,75.97"
"1259014,18.45"
"1176893,78.49"
"1,097,810,546.90"
"1,005,560,670.12"
"1,073,193,548.74"
"1,038,802,101.55"
"1,005,224,163.66"
"1325721,47.08"
"1,136,450,155.81"
"1,279,631,324.49"
"1,095,473,605.79"
"1,297,151,110.02"
"1048829,88.85"
"1,379,904,118.92"
"1,281,256,425.78"
"1,352,308,503.32"
"1,194,367,311.31"
"1,251,356,174.20"
"1,181,977,307.51"
"1,007,279,253.04"
"1,419,393,645.67"
"1,190,900,481.95"
"1,184,958,431.51"
"1,206,406,716.32"
"1,365,395,153.05"
"1,291,113,255.18"
"1139288,29.09"
"1352942,57.15"
"1038203,57.3"
"1,078,587,383.87"
"1,309,451,409.39"
"1,018,206,553.57"
"1,014,022,271.46"
"1,174,313,209.54"
"1,419,295,334.92"
"13,018,591,772.68"
"1,210,814,368.43"
"1,397,018,500.66"
"1342102,34.46"
"1196151,38.34"
"1366948,41.9"
"1238567,32.66"
"1,306,885,398.46"
"1,431,795,495.43"
"1,090,451,223.59"
"1,389,191,153.80"
"1359888,58.56"
"1278487,49.79"
"1,010,567,170.35"
"1,187,872,171.21"
"1,469,547,135.72"
"1,006,430,150.88"
"1,236,497,241.29"
"1,250,707,253.88"
"1354125,61.29"
"1,304,771,133.63"
"1230195,79.8"
"1340798,21.78"
"1314185,29.53"
"1256557,43.72"
"1,010,402,338.14"
"1,240,314,386.51"
"1,025,876,186.31"
"1,119,476,723.60"
"1,449,017,273.35"
"1,391,079,257.85"
"1173236,27.4"
"1488966,58.33"
"1077192,55.76"
"1,251,757,380.63"
"1,328,973,526.22"
"1,479,720,630.23"
"1192753,86.23"
"1,126,581,125.68"
"1,424,484,115.13"
"13,336,602,630.54"
"1,184,324,520.78"
"1,055,470,509.12"
"1283179,82.87"
"1231088,29.69"
"1337907,45.58"
"1136023,31.61"
"1497650,25.1"
"1,159,094,779.49"
"1,481,215,592.55"
"1,194,832,249.13"
"1435894,84.63"
"1,403,544,139.11"
"1,136,383,171.12"
"1,357,261,104.66"
"1164974,89.01"
"1,057,971,115.97"
"1347107,79.83"
"1,204,333,170.02"
"1,450,486,192.13"
"1013823,46.34"
"1241573,25.08"
"1,101,270,103.77"
"1065843,37.79"
"1310802,54.72"
"1353727,27.97"
"1079853,83.14"
"1489149,33.45"
"1,478,088,334.09"
"1,013,495,351.85"
"1,227,946,278.85"
"10,960,751,646.76"
"1,024,666,381.72"
"1,403,435,523.09"
"1,433,536,113.04"
"1,086,319,190.43"
"1,299,024,106.94"
"1,195,502,957.66"
"10,441,691,182.07"
"11,522,421,333.07"
"1,065,051,158.24"
"1,068,255,161.49"
"1,299,213,258.28"
"12,320,354,598.07"
"1,410,617,670.28"
"10,177,041,664.81"
"1,095,152,135.81"
"1220126,56.31"
"1,063,947,109.12"
"1,432,224,196.40"
"1245659,62.41"
"1222669,22.22"
"1,193,161,119.79"
"1375355,65.75"
"1,246,139,737.45"
"1,409,426,342.65"
"1,105,783,262.36"
"1224437,47.54"
"1,397,328,647.50"
"11,483,201,086.92"
"1,384,543,943.54"
"1,016,498,161.41"
"1,309,384,161.50"
"1,177,817,114.87"
"1,074,126,184.33"
"1,231,383,225.95"
"1,304,453,440.56"
"1139353,67.43"
"1258236,56.88"
"1199348,81.93"
"1,311,855,317.32"
"1,439,931,373.85"
"1,278,587,259.74"
"1438492,67.76"
"1,445,557,128.82"
"1,125,681,157.09"
"1,199,960,315.10"
"1,440,729,357.59"
"1,200,354,417.07"
"1,050,954,716.18"
"1,310,969,575.77"
"1,306,640,299.20"
"1339180,47.05"
"1,487,114,111.97"
"1338621,31.45"
"1,323,063,283.92"
"1,272,563,353.35"
"1,152,565,483.39"
"1,152,614,203.48"
"1,498,359,247.81"
"1,280,176,235.78"
"14,166,793,578.60"
"1,192,208,251.30"
"1,299,727,543.09"
"1,436,060,106.26"
"1226984,95.03"
"1201456,60.5"
"1,256,806,411.94"
"1,492,689,249.51"
"1112022,55.9"
"1495161,49.05"
"1120533,41.42"
"1,055,893,521.46"
"1,151,813,690.79"
"1,068,712,210.76"
"1180446,38.06"
"1469466,61.49"
"1,161,712,208.07"
"1,257,974,164.45"
"1,022,307,448.91"
"1070137,96.28"
"1207324,69.33"
"1154097,93.73"
"1,096,925,209.07"
"1,140,896,129.82"
"1,139,043,183.73"
"1233775,48.32"
"1130726,96.3"
"1,389,913,363.01"
"1,162,384,326.55"
"1,171,175,302.02"
"1,348,738,184.04"
"1,400,789,247.75"
"1253513,85.38"
"1072273,29.53"
"1335889,83.41"
"1282158,22.14"
"1,192,568,333.41"
"1,123,998,265.94"
"1,342,060,115.61"
"1384721,89.04"
"11,836,412,569.90"
"1,041,033,274.56"
"1,200,718,286.45"
"1497662,16.91"
"1368398,40.92"
"1458915,46.02"
"1330271,39.19"
"1,479,826,235.32"
"1,140,363,810.66"
"1,109,305,220.37"
"1,183,058,101.32"
"1,400,481,129.96"
"1,302,339,191.01"
"1125354,55.96"
"1428300,47.25"
"1307819,39.47"
"1194003,55.43"
"1,215,065,117.68"
"1055561,95.49"
"1,171,208,938.45"
"14,662,881,135.10"
"1,216,941,238.14"
"1,343,036,906.75"
"1,268,656,763.05"
"1,427,596,161.12"
"1078400,38.05"
"1144617,64.37"
"1,042,127,269.96"
"1,302,668,376.86"
"1,070,372,357.99"
"1309272,89.23"
"1,443,959,102.54"
"1,418,998,208.77"
"13,759,173,167.89"
"1,011,067,221.04"
"1,157,812,235.65"
"1268956,40.12"
"1164083,43.62"
"1218015,46.87"
"1383733,25.47"
"1097574,19.24"
"1,470,891,147.96"
"1,311,762,364.49"
"1,489,983,272.31"
"1,432,644,104.89"
"1,295,164,164.31"
"1,204,591,230.62"
"1093346,59.46"
"1316692,79.75"
"1197885,24.18"
"1077308,46.26"
"1,395,102,430.44"
"1,078,987,496.14"
"1,173,310,205.44"
"1,003,331,433.95"
"1,403,656,330.56"
"1,152,280,111.88"
"1018393,45.42"
"1,074,270,116.39"
"1,323,759,327.03"
"1,040,755,455.94"
"1,305,988,428.80"
"1274838,78.77"
"1109620,87.44"
"1,394,606,177.60"
"13,494,292,787.13"
"1,335,756,231.89"
"1,077,049,401.61"
"1189136,85.39"
"1003422,71.34"
"1259792,46.83"
"1496530,25.38"
"1,279,859,138.04"
"1177141,71.83"
"1039622,47.5"
"1328288,25.9"
"1462612,47.94"
"1,392,103,197.98"
"1,436,681,484.84"
"1,413,768,258.98"
"1383885,21.29"
"1,166,180,133.23"
"1,485,765,158.79"
"1,482,492,252.82"
"1312352,55.54"
"1179503,45.23"
"1286570,70.11"
"1285406,86.8"
"1446354,36.9"
"1126127,89.92"
"1481939,30.79"
"1343655,38.79"
"1272934,91.86"
"1,112,696,384.87"
"1,130,600,311.47"
"1,174,600,193.98"
"13,206,541,568.25"
"1,070,383,874.79"
"1,308,976,262.16"
"1005607,89.36"
"1035832,58.63"
"1,324,840,417.75"
"1,012,125,580.11"
"1,497,891,803.69"
"1099961,69.49"
"1,457,142,121.64"
"1,006,230,186.35"
"11,633,711,834.74"
"1,486,518,272.36"
"1,109,546,740.82"
"1189272,77.58"
"1319632,76.24"
"1262924,69.8"
"1,428,567,117.90"
"1112011,74.94"
"1307215,28.61"
"1042340,63.97"
"1015916,45.02"
"1,067,466,529.63"
"1,233,653,524.80"
"1,370,183,252.02"
"1355348,33.14"
"1129758,32.39"
"1,316,856,218.29"
"1,346,633,187.70"
"1,487,564,268.69"
"1030704,83.61"
"1,369,427,129.76"
"1,008,093,100.00"
"1,167,856,106.92"
"1,294,314,136.77"
"1,447,975,345.37"
"1185715,71.37"
"1337557,44.54"
"1258340,69.31"
"1,443,796,146.44"
"1,140,077,319.28"
"1,325,027,163.05"
"1368987,42.32"
"1157099,40.97"
"1290300,68.14"
"1,266,965,282.36"
"1,306,586,365.55"
"1,340,967,240.31"
"1,055,961,850.13"
"1,048,122,265.34"
"1,080,418,125.47"
"1148902,32.09"
"1164067,80.26"
"1444164,24.65"
"1,088,809,374.74"
"1,366,757,411.54"
"1,364,816,129.24"
"1,331,136,105.46"
"1,219,262,178.06"
"11,046,542,482.56"
"1,396,460,265.07"
"1,275,513,649.52"
"1155273,60.91"
"1149041,33.8"
"1459415,34.47"
"1101560,56.74"
"1491374,22.0"
"1,382,469,528.59"
"1,198,228,374.73"
"1,330,575,235.09"
"1,045,111,145.30"
"1,317,160,166.99"
"1341596,48.96"
"1,107,486,236.28"
"1,055,252,155.89"
"1,141,862,179.50"
"1324501,89.06"
"1,168,271,213.97"
"1,367,777,213.82"
"1263775,42.76"
"1225059,29.62"
"1311200,34.02"
"1,294,128,151.62"
"1,363,716,117.78"
"1464689,45.83"
"1078016,61.28"
"1323950,46.39"
"1,385,303,334.80"
"1,125,676,200.74"
"1,019,901,163.06"
"1,091,949,849.04"
"1,022,775,355.05"
"1,425,457,158.64"
"1383194,54.4"
"1030996,67.93"
"1,021,348,388.61"
"1,486,207,598.34"
"1,073,198,112.56"
"1,142,240,101.44"
"1,227,543,155.42"
"13,284,701,807.06"
"1,027,062,575.33"
"1,054,423,591.29"
"1057859,34.87"
"1085056,48.0"
"1127458,26.89"
"1030570,51.2"
"1011280,31.36"
"1,420,026,328.25"
"1,342,717,754.68"
"1,217,666,249.10"
"1064148,18.77"
"1143105,26.78"
"1,443,014,165.69"
"1,053,533,147.52"
"1,159,213,199.52"
"1,299,602,135.53"
"1,466,164,245.24"
"1,364,923,245.41"
"1345687,35.16"
"1490689,35.47"
"1054132,46.75"
"1283139,86.1"
"1174062,40.21"
"1210589,52.59"
"1402112,37.42"
"1191939,93.64"
"1282630,30.11"
"1,032,275,325.74"
"1,345,988,363.81"
"1,284,150,552.84"
"1,412,745,328.66"
"1,189,870,378.88"
"1,313,166,222.56"
"1461333,39.14"
"1403345,40.82"
"1080422,81.46"
"1,123,999,244.50"
"1,321,328,294.69"
"1,499,149,359.82"
"1204434,72.05"
"1471972,79.46"
"1,154,525,109.35"
"11,808,972,882.49"
"1,239,990,224.60"
"1,191,121,511.63"
"1420610,69.67"
"1461619,63.29"
"1283607,59.54"
"1160895,69.85"
"1,470,466,132.24"
"1,478,093,126.56"
"1169197,40.09"
"1419275,51.01"
"1,431,854,220.51"
"1,164,242,503.98"
"1,130,746,291.30"
"1453234,37.21"
"1,186,321,114.79"
"1,475,466,193.58"
"1,093,840,275.82"
"1173465,77.73"
"1267159,51.62"
"1170013,64.31"
"1,156,922,162.79"
"1,000,954,161.03"
"1,215,194,175.66"
"1401263,54.53"
"1200149,91.06"
"1185727,46.33"
"1,406,540,259.53"
"1,041,304,287.07"
"1,178,586,199.24"
"11,250,341,426.16"
"1,094,992,393.84"
"1,098,294,378.34"
"1189234,76.31"
"1062718,84.19"
"1,082,997,111.23"
"1,394,931,536.04"
"1,154,152,652.59"
"1,255,924,965.12"
"1,362,231,112.26"
"1,310,252,190.65"
"1,334,903,242.04"
"11,607,844,004.92"
"1,088,651,436.37"
"1,213,880,979.94"
"1,320,872,133.77"
"1410761,75.43"
"1402413,57.55"
"1169260,73.49"
"1326093,82.6"
"1,286,218,108.91"
"1126416,26.36"
"1074332,73.28"
"1163098,55.21"
"1,171,492,657.30"
"1,251,701,491.06"
"1,041,443,190.92"
"1427597,34.56"
"1129290,32.89"
"1,049,689,140.17"
"1,123,106,123.77"
"1,079,402,249.57"
"1115834,93.4"
"1,451,124,126.33"
"1372533,64.31"
"1,373,037,125.20"
"1,160,220,225.69"
"1,285,893,366.85"
"1181766,65.57"
"1049773,56.25"
"1458521,72.72"
"1,359,763,317.52"
"1,426,206,226.85"
"1,317,246,265.39"
"1021889,62.62"
"1,318,823,109.26"
"1345656,80.37"
"1,101,170,317.06"
"1,416,073,262.86"
"1,208,757,257.70"
"1,033,019,946.73"
"1,136,593,563.26"
"1,205,287,187.84"
"1422208,48.54"
"1174084,66.85"
"1323683,43.51"
"1,265,832,264.53"
"1,123,723,444.20"
"1,367,945,386.45"
"1,326,431,146.93"
"1422972,98.15"
"1256838,90.3"
"12,346,603,171.42"
"1,404,408,224.25"
"1,234,776,553.36"
"1349215,67.7"
"1207249,43.35"
"1,414,921,175.81"
"1,126,947,132.96"
"1096124,32.08"
"1498639,49.97"
"1430032,24.93"
"1,111,480,274.93"
"1,449,841,506.46"
"1,290,329,215.71"
"1324280,57.15"
"1457838,34.2"
"1222394,91.15"
"1,141,545,161.83"
"1,363,040,154.18"
"1330159,73.31"
"1070377,38.43"
"1001148,48.53"
"1169203,96.04"
"1,389,523,103.40"
"1304998,96.41"
"1462767,42.46"
"1250239,57.86"
"1039516,26.64"
"1,158,107,378.57"
"1,444,235,313.24"
"1,291,286,257.62"
